applicant_id,age,annual_income,employment_years,loan_amount,loan_term_months,interest_rate,credit_score,existing_loans,missed_payments_12m,debt_to_income,home_ownership,loan_purpose,default
APP100000,25,504000.0,2.0,118000.0,24,5.67,765.0,2,0,0.117,OWN,business,0
APP100001,55,617000.0,12.3,868000.0,60,6.6,613.0,1,0,0.281,RENT,medical,0
APP100002,50,446000.0,3.4,176000.0,84,5.0,703.0,0,0,0.056,RENT,home_improvement,0
APP100003,40,760000.0,0.4,1137000.0,84,6.4,742.0,1,0,0.214,MORTGAGE,debt_consolidation,1
APP100004,40,415000.0,3.9,229000.0,48,7.07,825.0,2,0,0.138,OWN,business,0
APP100005,59,771000.0,5.9,576000.0,24,7.86,779.0,2,0,0.374,RENT,business,0
APP100006,24,550000.0,6.4,118000.0,84,8.48,790.0,1,0,0.031,MORTGAGE,personal,0
APP100007,52,760000.0,1.8,706000.0,36,7.07,842.0,0,1,0.31,MORTGAGE,business,1
APP100008,30,241000.0,5.0,102000.0,12,5.81,698.0,3,0,0.423,OWN,business,0
APP100009,25,638000.0,8.7,494000.0,12,8.44,796.0,3,1,0.774,RENT,business,1
APP100010,44,520000.0,1.2,771000.0,36,9.24,732.0,0,1,0.494,MORTGAGE,medical,0
APP100011,64,567000.0,1.9,293000.0,60,6.43,661.0,1,0,0.103,RENT,business,0
APP100012,54,614000.0,6.5,657000.0,84,5.34,630.0,1,0,0.153,MORTGAGE,home_improvement,0
APP100013,55,816000.0,6.7,361000.0,84,6.52,684.0,1,1,0.063,OWN,debt_consolidation,0
APP100014,53,812000.0,11.2,840000.0,36,7.1,751.0,0,1,0.345,OWN,business,0
APP100015,56,630000.0,5.3,359000.0,84,10.02,689.0,3,0,0.081,RENT,debt_consolidation,1
APP100016,44,409000.0,5.5,466000.0,24,9.03,728.0,1,0,0.57,RENT,business,1
APP100017,26,275000.0,2.4,349000.0,12,7.49,793.0,1,1,1.269,RENT,education,1
APP100018,58,849000.0,11.5,1212000.0,12,11.68,718.0,0,1,1.428,OWN,education,0
APP100019,41,448000.0,12.0,664000.0,60,7.42,750.0,2,3,0.296,RENT,home_improvement,1
APP100020,43,548000.0,4.8,274000.0,60,10.61,763.0,1,0,0.1,MORTGAGE,medical,0
APP100021,37,907000.0,2.7,306000.0,60,10.19,784.0,0,0,0.067,RENT,home_improvement,0
APP100022,29,549000.0,4.7,121000.0,60,10.03,717.0,0,0,0.044,OWN,business,0
APP100023,62,795000.0,5.1,950000.0,36,8.21,689.0,1,1,0.398,RENT,personal,0
APP100024,56,458000.0,2.6,193000.0,60,7.76,726.0,0,0,0.084,RENT,medical,0
APP100025,49,395000.0,2.9,518000.0,36,7.51,693.0,0,1,0.437,RENT,medical,0
APP100026,39,747000.0,12.0,1157000.0,60,9.37,771.0,1,0,0.31,OWN,home_improvement,0
APP100027,58,643000.0,7.3,234000.0,48,5.76,788.0,2,0,0.091,MORTGAGE,home_improvement,0
APP100028,45,745000.0,4.1,418000.0,36,6.92,836.0,0,1,0.187,RENT,personal,0
APP100029,40,537000.0,2.1,489000.0,12,11.17,677.0,1,0,0.911,OWN,business,1
APP100030,41,1065000.0,3.0,825000.0,24,8.87,726.0,0,0,0.387,MORTGAGE,home_improvement,0
APP100031,31,378000.0,1.1,290000.0,60,9.6,768.0,1,0,0.153,RENT,debt_consolidation,1
APP100032,25,530000.0,6.0,246000.0,48,5.0,680.0,3,1,0.116,OWN,medical,0
APP100033,45,434000.0,2.8,625000.0,36,6.55,608.0,2,1,0.48,RENT,personal,0
APP100034,60,855000.0,6.3,973000.0,84,8.23,776.0,0,0,0.163,MORTGAGE,personal,0
APP100035,23,571000.0,8.5,213000.0,36,7.41,684.0,1,0,0.124,RENT,medical,1
APP100036,59,552000.0,6.4,86000.0,36,5.0,744.0,0,0,0.052,MORTGAGE,home_improvement,1
APP100037,58,610000.0,3.7,766000.0,60,9.17,822.0,0,0,0.251,RENT,debt_consolidation,0
APP100038,33,699000.0,2.5,121000.0,36,9.87,709.0,3,1,0.058,MORTGAGE,education,1
APP100039,49,768000.0,1.8,1096000.0,36,6.87,730.0,0,1,0.476,MORTGAGE,business,1
APP100040,28,355000.0,11.2,326000.0,48,9.25,825.0,0,0,0.23,RENT,home_improvement,0
APP100041,55,600000.0,6.2,899000.0,36,11.96,680.0,2,1,0.499,OWN,personal,0
APP100042,52,897000.0,3.9,1138000.0,36,10.86,738.0,1,0,0.423,RENT,business,0
APP100043,36,548000.0,7.7,793000.0,12,6.97,717.0,1,0,1.447,RENT,personal,1
APP100044,24,557000.0,10.0,684000.0,60,5.07,774.0,1,0,0.246,OWN,medical,0
APP100045,64,838000.0,2.9,826000.0,36,8.01,653.0,0,0,0.329,OWN,debt_consolidation,1
APP100046,41,383000.0,6.0,154000.0,60,12.66,646.0,1,1,0.08,RENT,home_improvement,0
APP100047,61,563000.0,6.1,678000.0,48,10.44,688.0,2,1,0.301,MORTGAGE,home_improvement,0
APP100048,51,676000.0,12.8,682000.0,24,7.49,770.0,1,0,0.504,OWN,debt_consolidation,0
APP100049,56,828000.0,3.9,670000.0,36,10.94,833.0,0,0,0.27,OWN,education,0
APP100050,55,777000.0,2.4,746000.0,36,10.07,611.0,1,2,0.32,OWN,medical,1
APP100051,29,625000.0,6.5,304000.0,48,5.0,729.0,0,0,0.122,RENT,education,1
APP100052,37,565000.0,8.2,416000.0,36,9.84,750.0,0,0,0.245,RENT,education,0
APP100053,42,755000.0,5.7,249000.0,48,7.76,613.0,3,1,0.082,OWN,home_improvement,0
APP100054,43,661000.0,13.4,492000.0,48,5.59,688.0,2,0,0.186,MORTGAGE,home_improvement,0
APP100055,22,530000.0,3.9,438000.0,24,7.7,629.0,0,0,0.413,MORTGAGE,personal,1
APP100056,45,741000.0,5.8,1033000.0,60,8.41,762.0,0,0,0.279,RENT,debt_consolidation,0
APP100057,27,698000.0,1.4,638000.0,36,5.75,661.0,2,0,0.305,MORTGAGE,personal,1
APP100058,54,608000.0,2.3,892000.0,48,7.24,792.0,0,0,0.367,RENT,personal,0
APP100059,51,551000.0,2.9,856000.0,24,6.77,722.0,3,0,0.777,RENT,education,1
APP100060,62,884000.0,4.4,195000.0,24,9.25,709.0,1,0,0.11,RENT,education,0
APP100061,54,814000.0,1.6,827000.0,48,6.84,682.0,0,0,0.254,MORTGAGE,home_improvement,0
APP100062,37,497000.0,7.6,290000.0,36,5.0,719.0,1,1,0.195,MORTGAGE,home_improvement,0
APP100063,64,516000.0,2.7,714000.0,60,6.52,646.0,1,2,0.277,RENT,home_improvement,0
APP100064,39,913000.0,19.3,791000.0,48,5.42,779.0,1,0,0.217,MORTGAGE,business,0
APP100065,35,262000.0,2.8,69000.0,48,5.0,752.0,1,1,0.066,RENT,personal,0
APP100066,61,442000.0,5.4,204000.0,36,10.1,644.0,5,0,0.154,RENT,personal,0
APP100067,37,506000.0,4.9,570000.0,60,9.27,706.0,0,0,0.225,RENT,debt_consolidation,0
APP100068,24,435000.0,2.1,115000.0,84,5.37,777.0,2,0,0.038,RENT,personal,1
APP100069,42,396000.0,4.4,277000.0,24,5.0,805.0,0,0,0.35,RENT,medical,0
APP100070,56,671000.0,4.3,949000.0,36,7.27,639.0,1,1,0.471,MORTGAGE,debt_consolidation,1
APP100071,29,576000.0,9.3,111000.0,60,5.0,655.0,1,1,0.039,RENT,business,0
APP100072,41,504000.0,6.7,584000.0,24,6.97,678.0,1,0,0.579,RENT,debt_consolidation,1
APP100073,26,802000.0,7.6,906000.0,36,7.66,739.0,1,0,0.377,RENT,debt_consolidation,0
APP100074,51,731000.0,9.2,450000.0,84,8.17,662.0,0,0,0.088,OWN,debt_consolidation,0
APP100075,42,762000.0,7.6,239000.0,36,8.25,654.0,3,2,0.105,RENT,medical,1
APP100076,35,314000.0,6.0,94000.0,84,5.78,702.0,0,1,0.043,MORTGAGE,debt_consolidation,1
APP100077,31,251000.0,2.9,390000.0,36,7.66,,1,1,0.518,RENT,home_improvement,0
APP100078,46,663000.0,5.7,750000.0,36,10.32,708.0,0,1,0.377,MORTGAGE,debt_consolidation,0
APP100079,51,863000.0,2.4,600000.0,36,5.0,730.0,0,0,0.232,RENT,personal,1
APP100080,63,532000.0,4.6,723000.0,36,8.22,710.0,0,0,0.453,RENT,personal,0
APP100081,40,562000.0,4.2,169000.0,60,5.0,784.0,1,1,0.06,MORTGAGE,business,1
APP100082,28,286000.0,4.4,96000.0,48,10.59,650.0,0,2,0.084,RENT,medical,1
APP100083,58,509000.0,1.6,222000.0,84,9.3,698.0,0,1,0.062,RENT,business,0
APP100084,49,575000.0,0.2,723000.0,36,9.23,650.0,1,1,0.419,RENT,debt_consolidation,0
APP100085,52,531000.0,3.6,394000.0,84,5.62,781.0,0,0,0.106,OWN,debt_consolidation,0
APP100086,25,331000.0,10.6,358000.0,48,8.08,,1,0,0.27,RENT,personal,0
APP100087,35,324000.0,5.3,158000.0,24,8.33,702.0,1,1,0.244,OWN,personal,0
APP100088,55,418000.0,10.1,534000.0,36,5.0,672.0,2,0,0.426,MORTGAGE,home_improvement,0
APP100089,58,699000.0,2.5,917000.0,24,7.82,622.0,1,0,0.656,OWN,business,1
APP100090,40,622000.0,3.5,466000.0,24,8.85,681.0,1,0,0.375,RENT,personal,1
APP100091,57,921000.0,20.0,418000.0,60,5.0,725.0,0,0,0.091,OWN,personal,0
APP100092,58,493000.0,2.6,524000.0,84,8.82,746.0,1,0,0.152,MORTGAGE,education,1
APP100093,38,719000.0,7.5,375000.0,12,7.72,688.0,0,0,0.522,OWN,personal,1
APP100094,61,811000.0,7.4,296000.0,24,10.54,584.0,1,1,0.182,RENT,personal,0
APP100095,33,532000.0,6.9,555000.0,24,6.59,596.0,0,1,0.522,RENT,debt_consolidation,1
APP100096,31,502000.0,7.5,449000.0,60,7.89,698.0,2,1,0.179,OWN,debt_consolidation,1
APP100097,51,490000.0,2.6,630000.0,48,8.25,742.0,1,0,0.321,RENT,personal,0
APP100098,49,618000.0,3.8,355000.0,36,5.0,719.0,2,0,0.191,MORTGAGE,home_improvement,0
APP100099,27,658000.0,0.3,314000.0,48,6.72,688.0,1,0,0.119,MORTGAGE,home_improvement,0
APP100100,58,926000.0,13.1,999000.0,84,7.69,755.0,1,0,0.154,MORTGAGE,business,0
APP100101,29,476000.0,7.5,555000.0,24,5.0,615.0,2,0,0.583,MORTGAGE,business,0
APP100102,57,708000.0,2.9,531000.0,24,8.98,569.0,2,1,0.375,MORTGAGE,education,0
APP100103,21,241000.0,2.5,191000.0,48,7.69,599.0,2,1,0.198,RENT,home_improvement,1
APP100104,56,825000.0,10.8,272000.0,84,7.68,723.0,1,0,0.047,RENT,personal,0
APP100105,56,494000.0,2.7,410000.0,48,9.09,731.0,1,1,0.207,RENT,business,0
APP100106,56,724000.0,2.9,1118000.0,60,6.6,670.0,0,0,0.309,RENT,medical,0
APP100107,50,1019000.0,2.0,321000.0,60,7.6,666.0,1,0,0.063,RENT,debt_consolidation,0
APP100108,42,518000.0,8.5,504000.0,24,9.4,763.0,1,0,0.486,RENT,debt_consolidation,0
APP100109,52,1120000.0,10.0,198000.0,48,7.62,717.0,0,0,0.044,RENT,business,0
APP100110,33,572000.0,4.2,356000.0,60,5.0,729.0,1,0,0.124,RENT,education,0
APP100111,56,595000.0,10.1,746000.0,24,7.61,,1,0,0.627,OWN,business,1
APP100112,46,485000.0,6.5,472000.0,48,7.64,655.0,1,0,0.243,MORTGAGE,business,0
APP100113,41,874000.0,1.9,234000.0,24,9.48,767.0,3,1,0.134,RENT,business,0
APP100114,43,732000.0,12.5,589000.0,60,6.74,696.0,0,0,0.161,OWN,medical,1
APP100115,46,465000.0,2.0,123000.0,24,5.35,791.0,1,1,0.132,OWN,personal,0
APP100116,22,405000.0,4.5,280000.0,36,5.36,750.0,1,0,0.23,OWN,business,0
APP100117,27,527000.0,4.2,667000.0,48,10.67,725.0,2,0,0.316,RENT,education,0
APP100118,32,485000.0,3.7,254000.0,36,8.14,645.0,0,0,0.175,MORTGAGE,medical,0
APP100119,26,466000.0,0.7,376000.0,24,10.56,722.0,2,0,0.403,RENT,home_improvement,1
APP100120,40,965000.0,17.4,845000.0,24,10.88,722.0,0,1,0.438,MORTGAGE,business,1
APP100121,51,396000.0,0.8,549000.0,60,5.86,709.0,0,0,0.277,RENT,debt_consolidation,1
APP100122,50,803000.0,13.0,262000.0,84,5.7,665.0,1,0,0.047,MORTGAGE,education,0
APP100123,42,520000.0,2.4,493000.0,48,7.22,764.0,1,0,0.237,OWN,education,0
APP100124,59,566000.0,3.1,110000.0,12,8.85,768.0,1,0,0.194,MORTGAGE,education,0
APP100125,46,833000.0,12.2,238000.0,48,5.0,622.0,0,1,0.071,RENT,personal,0
APP100126,24,259000.0,7.0,122000.0,48,8.5,664.0,1,1,0.118,RENT,personal,1
APP100127,55,242000.0,1.4,289000.0,36,8.39,642.0,1,2,0.398,OWN,debt_consolidation,0
APP100128,46,576000.0,1.4,121000.0,24,5.02,741.0,0,0,0.105,RENT,debt_consolidation,0
APP100129,49,599000.0,6.3,911000.0,24,5.1,740.0,0,0,0.76,RENT,personal,1
APP100130,46,347000.0,2.0,267000.0,12,8.48,711.0,1,0,0.769,RENT,personal,1
APP100131,45,350000.0,7.2,478000.0,48,12.06,734.0,3,0,0.341,RENT,personal,1
APP100132,25,782000.0,7.7,369000.0,36,6.85,829.0,1,0,0.157,RENT,debt_consolidation,1
APP100133,46,627000.0,2.6,401000.0,36,8.23,691.0,2,0,0.213,RENT,home_improvement,0
APP100134,56,629000.0,3.3,757000.0,36,6.17,765.0,2,0,0.401,OWN,debt_consolidation,0
APP100135,34,860000.0,6.4,602000.0,48,8.02,820.0,1,0,0.175,MORTGAGE,debt_consolidation,0
APP100136,48,721000.0,2.5,639000.0,48,6.12,809.0,0,0,0.222,RENT,education,0
APP100137,22,711000.0,5.3,941000.0,36,6.93,739.0,0,1,0.441,RENT,personal,1
APP100138,36,539000.0,20.8,590000.0,24,12.89,798.0,0,0,0.547,MORTGAGE,personal,0
APP100139,40,387000.0,6.6,527000.0,12,7.74,757.0,0,0,1.362,OWN,business,1
APP100140,65,777000.0,3.7,214000.0,36,5.0,792.0,0,1,0.092,MORTGAGE,debt_consolidation,0
APP100141,30,714000.0,18.5,737000.0,36,8.91,708.0,0,1,0.344,RENT,home_improvement,0
APP100142,33,742000.0,8.9,758000.0,36,9.98,699.0,2,0,0.341,MORTGAGE,personal,1
APP100143,39,263000.0,2.0,271000.0,36,8.99,679.0,1,0,0.343,RENT,medical,0
APP100144,65,774000.0,2.4,777000.0,24,7.11,813.0,2,1,0.502,RENT,home_improvement,0
APP100145,59,764000.0,1.0,916000.0,24,5.48,778.0,0,1,0.599,RENT,education,0
APP100146,22,598000.0,6.3,822000.0,48,5.54,672.0,3,0,0.344,MORTGAGE,education,1
APP100147,31,382000.0,0.6,184000.0,36,7.08,655.0,0,0,0.161,RENT,home_improvement,0
APP100148,57,892000.0,18.5,269000.0,48,6.69,737.0,1,0,0.075,OWN,medical,0
APP100149,23,321000.0,4.1,83000.0,24,6.27,732.0,0,0,0.129,MORTGAGE,personal,0
APP100150,59,672000.0,9.3,255000.0,60,10.17,697.0,0,2,0.076,MORTGAGE,debt_consolidation,0
APP100151,33,337000.0,3.8,371000.0,36,9.53,606.0,1,1,0.367,MORTGAGE,debt_consolidation,1
APP100152,62,584000.0,6.3,440000.0,48,10.29,692.0,0,0,0.188,RENT,debt_consolidation,0
APP100153,34,472000.0,4.5,310000.0,36,5.77,769.0,3,0,0.219,MORTGAGE,business,1
APP100154,40,479000.0,5.2,704000.0,36,5.47,737.0,3,0,0.49,MORTGAGE,home_improvement,0
APP100155,50,572000.0,11.3,832000.0,60,7.67,658.0,2,1,0.291,MORTGAGE,home_improvement,0
APP100156,26,392000.0,15.1,365000.0,24,8.41,710.0,1,3,0.466,RENT,medical,1
APP100157,46,992000.0,14.3,808000.0,12,7.66,793.0,1,0,0.815,OWN,education,0
APP100158,43,810000.0,,439000.0,24,8.26,900.0,0,0,0.271,RENT,debt_consolidation,0
APP100159,56,669000.0,2.8,546000.0,84,10.99,705.0,1,0,0.117,OWN,medical,0
APP100160,65,457000.0,6.7,341000.0,60,7.02,641.0,3,1,0.149,RENT,personal,0
APP100161,50,787000.0,2.8,126000.0,48,9.28,652.0,1,2,0.04,RENT,personal,0
APP100162,39,641000.0,11.0,801000.0,36,8.64,728.0,1,2,0.417,RENT,education,1
APP100163,39,443000.0,2.1,348000.0,12,7.71,637.0,2,0,0.786,MORTGAGE,medical,1
APP100164,39,556000.0,11.4,263000.0,60,9.17,,0,2,0.095,OWN,personal,1
APP100165,57,792000.0,5.8,884000.0,24,5.81,716.0,2,0,0.558,RENT,medical,1
APP100166,35,120000.0,4.7,96000.0,24,5.37,756.0,2,1,0.4,OWN,personal,0
APP100167,28,356000.0,5.1,215000.0,60,8.45,664.0,1,1,0.121,OWN,debt_consolidation,0
APP100168,36,470000.0,1.8,228000.0,24,5.0,642.0,2,2,0.243,RENT,business,1
APP100169,22,385000.0,1.9,91000.0,60,8.63,744.0,1,0,0.047,RENT,medical,0
APP100170,25,847000.0,5.9,745000.0,60,5.02,689.0,1,0,0.176,OWN,home_improvement,0
APP100171,25,420000.0,5.9,292000.0,60,10.84,661.0,3,0,0.139,RENT,debt_consolidation,0
APP100172,55,763000.0,2.9,159000.0,48,6.63,820.0,1,0,0.052,MORTGAGE,personal,0
APP100173,53,888000.0,,1179000.0,36,10.7,759.0,0,0,0.443,RENT,home_improvement,1
APP100174,52,748000.0,7.1,989000.0,48,7.04,792.0,1,0,0.331,RENT,education,0
APP100175,41,425000.0,2.5,366000.0,60,6.94,728.0,1,1,0.172,RENT,business,0
APP100176,53,385000.0,0.8,526000.0,48,9.41,650.0,1,2,0.342,OWN,business,0
APP100177,28,691000.0,13.4,586000.0,60,8.14,658.0,3,1,0.17,RENT,personal,1
APP100178,61,937000.0,6.2,370000.0,84,7.35,637.0,4,1,0.056,RENT,home_improvement,0
APP100179,43,631000.0,3.4,568000.0,48,6.61,668.0,2,0,0.225,OWN,personal,0
APP100180,63,847000.0,2.8,511000.0,60,6.63,,0,1,0.121,MORTGAGE,debt_consolidation,0
APP100181,27,831000.0,2.5,670000.0,24,12.69,617.0,1,2,0.403,OWN,personal,1
APP100182,43,766000.0,11.0,1193000.0,84,5.0,739.0,2,1,0.222,RENT,education,0
APP100183,52,415000.0,1.5,276000.0,60,5.0,633.0,1,1,0.133,OWN,debt_consolidation,0
APP100184,43,596000.0,6.7,276000.0,12,10.09,792.0,2,0,0.463,RENT,personal,1
APP100185,41,782000.0,6.7,263000.0,48,9.92,710.0,1,2,0.084,RENT,business,0
APP100186,28,484000.0,8.6,693000.0,36,5.47,719.0,3,1,0.477,OWN,personal,1
APP100187,38,748000.0,3.7,128000.0,60,5.0,740.0,0,0,0.034,RENT,personal,0
APP100188,31,578000.0,12.7,847000.0,24,10.3,731.0,1,1,0.733,RENT,debt_consolidation,1
APP100189,34,610000.0,8.8,146000.0,36,5.2,686.0,0,1,0.08,RENT,personal,0
APP100190,51,547000.0,3.6,679000.0,36,6.42,653.0,0,1,0.414,RENT,personal,0
APP100191,49,600000.0,2.7,345000.0,36,7.71,692.0,1,0,0.192,OWN,debt_consolidation,0
APP100192,48,624000.0,4.5,320000.0,84,5.14,620.0,1,1,0.073,MORTGAGE,business,0
APP100193,37,273000.0,3.5,112000.0,36,9.53,715.0,1,1,0.137,RENT,personal,0
APP100194,64,595000.0,2.3,205000.0,36,7.55,633.0,1,1,0.115,RENT,personal,1
APP100195,24,273000.0,5.3,67000.0,60,5.56,738.0,0,1,0.049,RENT,personal,0
APP100196,36,454000.0,4.1,170000.0,24,5.75,738.0,0,1,0.187,OWN,education,1
APP100197,26,463000.0,14.7,465000.0,36,10.35,755.0,1,0,0.335,MORTGAGE,education,0
APP100198,36,660000.0,3.5,644000.0,24,6.89,644.0,3,1,0.488,RENT,medical,0
APP100199,64,820000.0,2.7,457000.0,60,8.85,633.0,2,1,0.111,RENT,education,0
APP100200,37,616000.0,5.0,700000.0,60,7.48,644.0,2,1,0.227,MORTGAGE,home_improvement,0
APP100201,61,499000.0,6.1,632000.0,48,5.0,672.0,1,0,0.317,RENT,debt_consolidation,0
APP100202,43,570000.0,6.4,896000.0,36,9.14,732.0,0,0,0.524,OWN,business,1
APP100203,52,437000.0,6.4,344000.0,36,9.86,727.0,0,0,0.262,OWN,personal,0
APP100204,41,536000.0,5.2,372000.0,36,11.55,798.0,1,1,0.231,MORTGAGE,business,0
APP100205,32,598000.0,4.9,934000.0,36,5.0,823.0,1,0,0.521,MORTGAGE,education,0
APP100206,55,822000.0,7.8,1246000.0,24,5.0,792.0,0,1,0.758,RENT,personal,0
APP100207,64,731000.0,2.2,1092000.0,24,8.91,685.0,0,1,0.747,RENT,business,1
APP100208,32,663000.0,2.7,685000.0,60,6.18,620.0,0,1,0.207,OWN,debt_consolidation,1
APP100209,56,639000.0,1.2,668000.0,48,5.0,705.0,0,1,0.261,OWN,education,0
APP100210,32,433000.0,2.2,648000.0,24,7.74,702.0,1,0,0.748,RENT,personal,0
APP100211,53,821000.0,10.2,694000.0,84,6.51,698.0,5,0,0.121,OWN,personal,0
APP100212,56,812000.0,7.5,373000.0,36,5.0,759.0,0,0,0.153,MORTGAGE,education,0
APP100213,41,609000.0,16.0,961000.0,48,7.32,754.0,1,1,0.394,OWN,business,1
APP100214,54,794000.0,13.6,1089000.0,24,8.75,622.0,3,0,0.686,MORTGAGE,personal,0
APP100215,33,495000.0,7.6,114000.0,60,7.88,760.0,2,1,0.046,RENT,home_improvement,0
APP100216,24,160000.0,5.6,50000.0,12,7.9,766.0,2,0,0.312,OWN,debt_consolidation,0
APP100217,25,527000.0,5.1,753000.0,84,8.48,634.0,1,2,0.204,RENT,debt_consolidation,1
APP100218,41,308000.0,0.5,181000.0,48,5.0,733.0,1,1,0.147,MORTGAGE,business,0
APP100219,61,722000.0,4.7,837000.0,24,7.39,707.0,1,0,0.58,RENT,personal,1
APP100220,26,213000.0,3.1,68000.0,24,8.03,728.0,0,0,0.16,MORTGAGE,debt_consolidation,0
APP100221,41,416000.0,2.3,165000.0,60,6.67,717.0,0,0,0.079,RENT,debt_consolidation,1
APP100222,52,577000.0,6.7,712000.0,12,5.68,685.0,1,0,1.234,OWN,education,1
APP100223,30,662000.0,4.3,1039000.0,24,5.86,633.0,3,0,0.785,MORTGAGE,business,1
APP100224,53,553000.0,5.4,486000.0,48,6.85,854.0,3,0,0.22,RENT,education,0
APP100225,34,317000.0,2.0,67000.0,12,9.51,731.0,0,1,0.211,MORTGAGE,home_improvement,1
APP100226,57,755000.0,9.0,370000.0,36,10.86,690.0,0,2,0.163,RENT,home_improvement,0
APP100227,47,541000.0,3.5,248000.0,36,10.41,818.0,1,0,0.153,RENT,education,0
APP100228,45,717000.0,6.5,1080000.0,12,5.0,613.0,0,1,1.506,OWN,personal,1
APP100229,28,311000.0,3.7,236000.0,36,5.43,668.0,2,1,0.253,OWN,education,0
APP100230,41,532000.0,0.4,811000.0,12,8.95,678.0,1,0,1.524,OWN,personal,1
APP100231,59,1057000.0,6.9,1476000.0,84,10.36,679.0,0,1,0.199,OWN,medical,0
APP100232,21,394000.0,4.5,317000.0,24,5.37,713.0,2,0,0.402,MORTGAGE,debt_consolidation,0
APP100233,55,621000.0,1.1,116000.0,48,7.9,,0,0,0.047,OWN,personal,0
APP100234,43,280000.0,1.8,437000.0,48,5.01,599.0,3,0,0.39,RENT,education,0
APP100235,53,550000.0,9.2,91000.0,60,8.11,655.0,0,1,0.033,RENT,medical,0
APP100236,50,632000.0,1.1,879000.0,36,6.08,588.0,0,3,0.464,RENT,medical,1
APP100237,40,481000.0,3.4,360000.0,24,7.9,702.0,0,0,0.374,MORTGAGE,personal,0
APP100238,34,749000.0,16.9,440000.0,36,5.0,636.0,1,2,0.196,MORTGAGE,home_improvement,1
APP100239,49,693000.0,7.1,514000.0,48,5.0,,0,0,0.185,RENT,education,0
APP100240,27,315000.0,8.4,210000.0,48,14.32,720.0,1,0,0.167,OWN,personal,1
APP100241,47,732000.0,4.0,841000.0,12,7.65,609.0,0,0,1.149,RENT,debt_consolidation,1
APP100242,25,226000.0,1.0,222000.0,48,12.2,654.0,1,0,0.246,MORTGAGE,debt_consolidation,1
APP100243,50,504000.0,5.7,263000.0,24,10.82,734.0,1,0,0.261,OWN,business,0
APP100244,49,601000.0,1.9,550000.0,36,5.0,718.0,0,0,0.305,OWN,personal,0
APP100245,24,649000.0,1.7,478000.0,36,8.3,618.0,1,0,0.246,RENT,debt_consolidation,1
APP100246,55,493000.0,5.3,732000.0,24,5.0,775.0,0,0,0.742,RENT,personal,1
APP100247,39,530000.0,2.0,765000.0,84,6.85,674.0,3,2,0.206,RENT,medical,1
APP100248,56,667000.0,4.8,697000.0,48,5.0,802.0,0,2,0.261,RENT,debt_consolidation,1
APP100249,22,514000.0,2.8,797000.0,24,5.0,786.0,1,1,0.775,RENT,home_improvement,1
APP100250,29,658000.0,4.7,457000.0,12,5.62,682.0,0,0,0.695,RENT,medical,1
APP100251,43,486000.0,3.2,135000.0,60,6.3,719.0,0,0,0.056,RENT,medical,0
APP100252,29,633000.0,4.8,139000.0,60,7.59,703.0,0,1,0.044,RENT,education,0
APP100253,35,813000.0,12.8,1104000.0,12,5.22,816.0,0,0,1.358,OWN,home_improvement,1
APP100254,50,920000.0,8.5,650000.0,24,7.83,693.0,0,1,0.353,RENT,debt_consolidation,1
APP100255,27,540000.0,4.4,755000.0,48,10.0,766.0,1,1,0.35,MORTGAGE,debt_consolidation,0
APP100256,51,718000.0,11.5,585000.0,36,8.1,722.0,1,1,0.272,MORTGAGE,medical,0
APP100257,25,408000.0,6.6,68000.0,36,7.35,661.0,0,1,0.056,RENT,debt_consolidation,1
APP100258,28,330000.0,10.9,302000.0,36,8.25,631.0,2,1,0.305,RENT,personal,0
APP100259,47,506000.0,1.3,512000.0,36,5.0,779.0,0,0,0.337,OWN,education,0
APP100260,56,627000.0,2.0,505000.0,24,9.59,722.0,3,1,0.403,RENT,home_improvement,0
APP100261,28,470000.0,5.7,642000.0,36,5.0,774.0,2,0,0.455,OWN,debt_consolidation,0
APP100262,34,595000.0,4.3,645000.0,12,10.91,550.0,1,1,1.084,RENT,debt_consolidation,1
APP100263,62,461000.0,4.8,313000.0,12,9.2,713.0,1,0,0.679,RENT,business,1
APP100264,65,700000.0,7.3,835000.0,84,8.72,804.0,0,0,0.17,RENT,debt_consolidation,0
APP100265,47,900000.0,,552000.0,12,8.82,653.0,0,0,0.613,RENT,business,1
APP100266,41,755000.0,9.1,1031000.0,12,7.5,733.0,4,0,1.366,MORTGAGE,home_improvement,1
APP100267,36,665000.0,8.9,370000.0,60,5.77,698.0,1,0,0.111,OWN,business,0
APP100268,48,622000.0,2.1,695000.0,84,5.43,636.0,4,0,0.16,RENT,education,1
APP100269,47,482000.0,0.4,362000.0,60,11.35,672.0,1,0,0.15,OWN,personal,0
APP100270,34,215000.0,2.0,64000.0,24,7.73,802.0,1,0,0.149,RENT,business,0
APP100271,22,473000.0,1.9,503000.0,48,5.05,755.0,2,0,0.266,RENT,debt_consolidation,0
APP100272,27,120000.0,5.1,85000.0,48,8.64,724.0,0,0,0.177,RENT,business,1
APP100273,64,645000.0,5.0,690000.0,60,8.25,823.0,0,1,0.214,OWN,business,0
APP100274,39,533000.0,4.1,497000.0,24,6.78,630.0,0,0,0.466,MORTGAGE,medical,0
APP100275,42,515000.0,6.7,108000.0,36,5.52,698.0,0,0,0.07,OWN,education,0
APP100276,42,1092000.0,22.0,488000.0,24,9.12,834.0,2,0,0.223,RENT,debt_consolidation,0
APP100277,56,908000.0,4.0,1058000.0,48,9.58,662.0,0,2,0.291,RENT,personal,1
APP100278,23,614000.0,5.9,508000.0,36,8.21,702.0,2,0,0.276,RENT,business,0
APP100279,24,313000.0,4.8,259000.0,36,7.66,714.0,1,0,0.276,MORTGAGE,personal,0
APP100280,33,772000.0,3.0,118000.0,48,5.78,673.0,0,1,0.038,OWN,business,0
APP100281,42,684000.0,7.4,403000.0,60,8.56,786.0,0,0,0.118,MORTGAGE,education,0
APP100282,51,462000.0,3.9,518000.0,60,6.1,645.0,1,1,0.224,RENT,personal,0
APP100283,43,543000.0,2.5,780000.0,48,5.0,864.0,1,0,0.359,MORTGAGE,personal,0
APP100284,40,665000.0,2.6,653000.0,24,9.98,,0,0,0.491,MORTGAGE,home_improvement,1
APP100285,63,650000.0,9.3,607000.0,60,5.23,823.0,1,0,0.187,MORTGAGE,personal,0
APP100286,28,527000.0,7.3,438000.0,24,5.0,780.0,0,0,0.416,RENT,debt_consolidation,0
APP100287,46,613000.0,3.3,695000.0,12,10.38,671.0,2,0,1.134,MORTGAGE,education,0
APP100288,45,435000.0,6.7,569000.0,36,5.0,702.0,2,1,0.436,OWN,debt_consolidation,1
APP100289,42,519000.0,4.8,244000.0,48,6.64,776.0,0,0,0.118,MORTGAGE,medical,0
APP100290,57,509000.0,5.9,603000.0,24,5.09,738.0,0,1,0.592,RENT,home_improvement,0
APP100291,33,613000.0,2.9,309000.0,36,5.91,593.0,0,1,0.168,RENT,personal,1
APP100292,63,515000.0,1.9,101000.0,12,12.39,717.0,0,1,0.196,MORTGAGE,personal,0
APP100293,35,551000.0,3.9,142000.0,48,7.28,633.0,2,0,0.064,MORTGAGE,business,0
APP100294,45,339000.0,2.3,74000.0,48,8.29,736.0,2,1,0.055,MORTGAGE,debt_consolidation,0
APP100295,44,369000.0,2.1,205000.0,36,9.24,727.0,0,2,0.185,RENT,debt_consolidation,1
APP100296,59,442000.0,1.3,148000.0,36,6.08,638.0,1,0,0.112,OWN,home_improvement,1
APP100297,40,451000.0,0.4,123000.0,60,9.87,612.0,0,0,0.055,OWN,debt_consolidation,0
APP100298,33,515000.0,3.3,187000.0,36,8.33,673.0,1,1,0.121,RENT,debt_consolidation,1
APP100299,21,557000.0,10.5,114000.0,36,9.16,719.0,1,0,0.068,RENT,home_improvement,0
APP100300,37,312000.0,8.8,202000.0,36,5.91,729.0,1,0,0.216,RENT,education,0
APP100301,58,742000.0,14.1,997000.0,48,8.48,771.0,0,0,0.336,RENT,education,0
APP100302,21,287000.0,2.0,274000.0,60,7.48,715.0,0,0,0.191,RENT,business,0
APP100303,61,789000.0,7.7,193000.0,12,9.99,741.0,0,0,0.245,RENT,debt_consolidation,0
APP100304,45,533000.0,4.4,370000.0,60,6.31,646.0,1,1,0.139,OWN,personal,0
APP100305,27,431000.0,2.6,333000.0,36,11.97,641.0,0,1,0.258,OWN,debt_consolidation,1
APP100306,34,459000.0,9.7,184000.0,60,8.25,736.0,1,1,0.08,OWN,debt_consolidation,0
APP100307,45,831000.0,4.4,574000.0,36,7.22,711.0,2,1,0.23,OWN,personal,1
APP100308,35,277000.0,0.8,177000.0,36,6.97,618.0,0,3,0.213,RENT,personal,0
APP100309,25,444000.0,8.7,385000.0,24,7.48,661.0,2,0,0.434,MORTGAGE,business,0
APP100310,50,642000.0,6.3,745000.0,36,6.12,772.0,2,1,0.387,RENT,personal,0
APP100311,51,582000.0,5.3,491000.0,36,8.97,807.0,2,0,0.281,RENT,home_improvement,0
APP100312,26,312000.0,1.7,80000.0,60,7.47,750.0,4,0,0.051,MORTGAGE,education,0
APP100313,33,246000.0,5.8,57000.0,60,11.78,757.0,1,0,0.046,MORTGAGE,education,0
APP100314,31,486000.0,12.8,699000.0,36,6.55,640.0,2,1,0.479,MORTGAGE,personal,0
APP100315,50,480000.0,6.2,556000.0,60,7.23,710.0,1,3,0.232,MORTGAGE,debt_consolidation,1
APP100316,53,834000.0,1.2,920000.0,60,6.54,726.0,0,1,0.221,MORTGAGE,debt_consolidation,1
APP100317,53,987000.0,6.6,1455000.0,84,11.61,649.0,0,1,0.211,RENT,personal,1
APP100318,63,696000.0,6.3,651000.0,36,5.0,771.0,0,0,0.312,MORTGAGE,personal,0
APP100319,55,468000.0,8.2,120000.0,24,7.71,699.0,1,0,0.128,MORTGAGE,home_improvement,0
APP100320,35,644000.0,6.1,764000.0,84,8.19,750.0,0,1,0.169,RENT,debt_consolidation,0
APP100321,25,278000.0,2.1,107000.0,48,5.02,713.0,2,2,0.096,RENT,debt_consolidation,0
APP100322,48,517000.0,5.1,577000.0,36,13.32,722.0,1,1,0.372,OWN,debt_consolidation,1
APP100323,62,574000.0,3.9,420000.0,36,5.45,654.0,0,1,0.244,MORTGAGE,education,1
APP100324,64,625000.0,5.5,119000.0,12,7.57,738.0,3,0,0.19,OWN,personal,0
APP100325,31,502000.0,9.9,116000.0,24,11.2,762.0,1,0,0.116,OWN,personal,0
APP100326,31,273000.0,2.8,196000.0,36,6.67,650.0,1,1,0.239,RENT,personal,0
APP100327,22,464000.0,15.6,470000.0,36,7.82,732.0,0,0,0.338,MORTGAGE,business,0
APP100328,27,643000.0,6.5,256000.0,36,6.74,801.0,1,1,0.133,OWN,education,0
APP100329,45,619000.0,8.7,189000.0,36,7.38,800.0,0,1,0.102,RENT,debt_consolidation,0
APP100330,45,634000.0,7.9,441000.0,12,9.88,706.0,0,0,0.696,MORTGAGE,business,1
APP100331,37,213000.0,6.3,280000.0,12,6.57,575.0,2,1,1.315,RENT,debt_consolidation,1
APP100332,34,683000.0,7.2,879000.0,36,5.0,760.0,0,2,0.429,OWN,debt_consolidation,0
APP100333,58,495000.0,0.0,565000.0,24,7.43,800.0,1,1,0.571,MORTGAGE,education,0
APP100334,41,759000.0,7.9,582000.0,60,7.64,822.0,0,0,0.153,OWN,personal,0
APP100335,57,643000.0,2.3,508000.0,36,7.93,705.0,0,0,0.263,RENT,personal,0
APP100336,64,605000.0,4.6,289000.0,36,7.1,757.0,1,0,0.159,MORTGAGE,debt_consolidation,1
APP100337,35,284000.0,6.3,99000.0,36,5.6,617.0,1,2,0.116,RENT,personal,1
APP100338,30,879000.0,10.2,152000.0,48,6.96,772.0,0,1,0.043,MORTGAGE,business,0
APP100339,63,776000.0,2.3,1084000.0,12,11.38,665.0,0,1,1.397,OWN,business,1
APP100340,49,714000.0,3.4,621000.0,48,7.41,655.0,1,1,0.217,RENT,medical,1
APP100341,34,772000.0,3.8,119000.0,24,8.94,723.0,0,0,0.077,RENT,debt_consolidation,0
APP100342,48,639000.0,5.6,586000.0,36,5.23,700.0,0,0,0.306,RENT,personal,0
APP100343,44,764000.0,3.9,401000.0,36,6.86,768.0,0,0,0.175,RENT,business,0
APP100344,61,631000.0,,486000.0,36,5.3,687.0,0,0,0.257,MORTGAGE,personal,1
APP100345,32,563000.0,0.9,633000.0,48,10.35,855.0,1,0,0.281,RENT,personal,0
APP100346,65,597000.0,4.3,791000.0,60,5.0,759.0,0,0,0.265,OWN,business,0
APP100347,63,717000.0,13.7,836000.0,36,8.32,710.0,2,0,0.389,RENT,medical,0
APP100348,29,485000.0,3.9,703000.0,24,8.25,665.0,1,0,0.725,RENT,personal,1
APP100349,28,306000.0,6.5,150000.0,48,8.11,707.0,1,0,0.123,RENT,business,0
APP100350,44,674000.0,9.2,747000.0,36,5.0,700.0,3,0,0.369,MORTGAGE,debt_consolidation,0
APP100351,23,418000.0,6.4,602000.0,48,5.0,672.0,2,1,0.36,RENT,personal,0
APP100352,34,354000.0,16.5,211000.0,36,7.76,708.0,2,0,0.199,OWN,education,0
APP100353,40,484000.0,5.2,634000.0,36,5.47,648.0,1,1,0.437,RENT,home_improvement,0
APP100354,64,672000.0,7.5,1017000.0,48,6.09,776.0,1,0,0.378,RENT,debt_consolidation,0
APP100355,65,838000.0,5.8,908000.0,36,6.57,800.0,1,0,0.361,OWN,business,0
APP100356,27,598000.0,11.9,232000.0,60,5.18,696.0,0,0,0.078,RENT,education,0
APP100357,61,875000.0,3.5,462000.0,48,5.0,697.0,3,0,0.132,MORTGAGE,personal,0
APP100358,25,687000.0,17.4,780000.0,36,7.5,628.0,0,1,0.378,MORTGAGE,personal,0
APP100359,54,525000.0,2.8,738000.0,24,5.0,696.0,0,0,0.703,OWN,debt_consolidation,1
APP100360,59,770000.0,14.6,142000.0,12,6.39,821.0,1,1,0.184,RENT,personal,0
APP100361,61,588000.0,2.0,366000.0,24,6.03,753.0,1,1,0.311,OWN,home_improvement,0
APP100362,31,602000.0,7.7,294000.0,36,7.45,676.0,1,3,0.163,MORTGAGE,business,1
APP100363,61,683000.0,4.8,520000.0,24,12.75,648.0,2,0,0.381,OWN,home_improvement,0
APP100364,26,420000.0,9.0,531000.0,48,5.34,673.0,3,0,0.316,RENT,personal,0
APP100365,44,596000.0,6.7,524000.0,36,8.39,705.0,0,0,0.293,RENT,business,0
APP100366,42,676000.0,8.7,609000.0,12,7.99,776.0,2,0,0.901,RENT,business,1
APP100367,35,333000.0,2.0,344000.0,36,8.73,787.0,1,0,0.344,OWN,debt_consolidation,0
APP100368,21,437000.0,1.1,392000.0,60,7.03,714.0,1,0,0.179,RENT,debt_consolidation,0
APP100369,55,364000.0,1.7,418000.0,36,10.67,755.0,2,0,0.383,RENT,home_improvement,1
APP100370,36,651000.0,1.6,199000.0,60,9.01,,1,1,0.061,OWN,business,0
APP100371,50,652000.0,1.9,119000.0,60,9.04,714.0,0,1,0.037,OWN,personal,0
APP100372,39,764000.0,3.0,1031000.0,60,5.0,747.0,1,1,0.27,MORTGAGE,medical,0
APP100373,37,341000.0,3.0,288000.0,48,7.71,805.0,1,0,0.211,RENT,home_improvement,0
APP100374,60,839000.0,4.9,489000.0,60,6.38,639.0,0,1,0.117,MORTGAGE,debt_consolidation,0
APP100375,25,569000.0,2.4,460000.0,36,5.6,805.0,0,0,0.269,RENT,personal,0
APP100376,54,578000.0,2.6,632000.0,48,6.12,813.0,2,1,0.273,OWN,personal,0
APP100377,54,567000.0,4.1,185000.0,24,7.38,623.0,0,1,0.163,RENT,home_improvement,0
APP100378,38,434000.0,9.9,395000.0,24,8.5,627.0,3,0,0.455,MORTGAGE,personal,1
APP100379,32,282000.0,3.5,88000.0,84,9.66,772.0,2,1,0.045,MORTGAGE,home_improvement,1
APP100380,21,320000.0,4.7,447000.0,36,9.56,645.0,1,2,0.466,OWN,personal,1
APP100381,63,503000.0,5.3,486000.0,12,8.14,713.0,1,0,0.966,MORTGAGE,debt_consolidation,1
APP100382,63,894000.0,2.2,1185000.0,24,7.62,794.0,0,0,0.663,RENT,debt_consolidation,0
APP100383,31,255000.0,3.7,305000.0,36,6.79,628.0,3,1,0.399,MORTGAGE,business,1
APP100384,22,438000.0,2.8,583000.0,60,6.96,727.0,2,0,0.266,MORTGAGE,personal,0
APP100385,26,583000.0,9.3,376000.0,60,5.78,659.0,1,0,0.129,MORTGAGE,business,1
APP100386,24,553000.0,8.8,195000.0,24,6.56,735.0,3,1,0.176,RENT,personal,1
APP100387,58,695000.0,2.5,1003000.0,12,8.28,768.0,1,0,1.443,OWN,personal,1
APP100388,61,813000.0,4.6,1165000.0,24,10.89,708.0,4,0,0.716,RENT,home_improvement,1
APP100389,27,435000.0,7.5,622000.0,48,7.17,723.0,2,0,0.357,OWN,personal,1
APP100390,54,660000.0,6.1,1046000.0,36,5.72,709.0,3,0,0.528,RENT,personal,0
APP100391,29,459000.0,6.6,466000.0,48,9.63,720.0,1,0,0.254,RENT,medical,0
APP100392,37,694000.0,2.2,620000.0,48,5.0,707.0,2,0,0.223,MORTGAGE,debt_consolidation,0
APP100393,47,1017000.0,14.2,1328000.0,12,9.79,801.0,0,0,1.306,MORTGAGE,home_improvement,1
APP100394,53,425000.0,3.0,132000.0,24,5.0,624.0,1,0,0.155,MORTGAGE,business,0
APP100395,60,340000.0,2.9,437000.0,36,8.95,786.0,2,1,0.428,RENT,personal,0
APP100396,23,491000.0,1.5,652000.0,48,6.45,738.0,0,0,0.332,RENT,personal,0
APP100397,29,636000.0,4.3,628000.0,48,8.21,811.0,2,1,0.247,MORTGAGE,debt_consolidation,0
APP100398,33,869000.0,10.6,619000.0,84,12.08,760.0,0,0,0.102,RENT,personal,0
APP100399,34,638000.0,6.1,703000.0,24,5.66,674.0,4,1,0.551,OWN,business,1
APP100400,65,903000.0,4.5,1334000.0,60,5.3,750.0,2,0,0.295,OWN,debt_consolidation,0
APP100401,55,929000.0,8.3,352000.0,24,7.67,627.0,2,1,0.189,OWN,medical,0
APP100402,35,806000.0,10.5,484000.0,36,10.86,631.0,0,2,0.2,OWN,debt_consolidation,0
APP100403,64,871000.0,8.7,979000.0,12,7.89,731.0,0,0,1.124,RENT,home_improvement,1
APP100404,43,325000.0,0.8,441000.0,36,7.6,675.0,0,2,0.452,RENT,home_improvement,1
APP100405,43,608000.0,8.4,666000.0,24,7.87,789.0,1,0,0.548,MORTGAGE,medical,0
APP100406,40,617000.0,6.8,621000.0,24,5.29,743.0,0,0,0.503,RENT,personal,0
APP100407,27,427000.0,2.5,117000.0,36,7.89,810.0,0,0,0.091,RENT,personal,0
APP100408,63,704000.0,6.8,548000.0,60,6.64,573.0,2,0,0.156,RENT,personal,0
APP100409,21,738000.0,10.6,1063000.0,48,10.41,,2,1,0.36,RENT,home_improvement,0
APP100410,28,342000.0,3.1,231000.0,60,9.26,663.0,2,1,0.135,RENT,business,1
APP100411,31,666000.0,9.2,468000.0,48,5.0,735.0,2,1,0.176,OWN,business,0
APP100412,33,570000.0,6.2,381000.0,84,6.88,794.0,1,0,0.095,OWN,education,0
APP100413,26,279000.0,0.1,189000.0,12,8.66,635.0,2,0,0.677,RENT,personal,1
APP100414,21,272000.0,4.8,200000.0,84,5.34,758.0,0,2,0.105,MORTGAGE,home_improvement,0
APP100415,51,373000.0,6.0,474000.0,36,5.13,732.0,2,1,0.424,RENT,personal,0
APP100416,64,754000.0,3.9,611000.0,36,6.48,821.0,1,0,0.27,OWN,personal,0
APP100417,26,473000.0,6.4,487000.0,36,8.26,705.0,1,1,0.343,RENT,medical,1
APP100418,34,383000.0,4.4,303000.0,12,9.78,706.0,3,0,0.791,RENT,home_improvement,0
APP100419,43,463000.0,19.7,656000.0,24,8.01,705.0,2,0,0.708,RENT,personal,1
APP100420,62,730000.0,3.6,299000.0,36,12.92,693.0,0,0,0.137,OWN,personal,0
APP100421,52,566000.0,2.5,186000.0,60,6.01,624.0,2,3,0.066,MORTGAGE,home_improvement,1
APP100422,55,580000.0,8.9,430000.0,60,9.13,775.0,0,0,0.148,OWN,medical,0
APP100423,47,435000.0,4.0,680000.0,24,5.06,746.0,0,1,0.782,MORTGAGE,personal,0
APP100424,39,503000.0,4.6,586000.0,24,11.04,678.0,0,0,0.583,RENT,home_improvement,1
APP100425,29,546000.0,4.3,570000.0,48,10.49,664.0,4,1,0.261,RENT,personal,1
APP100426,59,657000.0,8.5,470000.0,36,9.07,717.0,1,1,0.238,RENT,personal,0
APP100427,57,437000.0,1.9,253000.0,36,5.0,582.0,0,1,0.193,RENT,medical,1
APP100428,22,484000.0,9.2,744000.0,36,9.04,790.0,0,0,0.512,RENT,debt_consolidation,0
APP100429,53,811000.0,7.2,624000.0,48,5.7,660.0,1,2,0.192,OWN,medical,0
APP100430,24,587000.0,15.6,693000.0,24,8.5,757.0,0,0,0.59,RENT,personal,1
APP100431,54,653000.0,5.7,865000.0,12,5.0,751.0,1,2,1.325,RENT,medical,1
APP100432,58,574000.0,2.1,633000.0,12,8.09,609.0,1,2,1.103,RENT,education,1
APP100433,26,341000.0,5.7,166000.0,36,6.72,688.0,0,0,0.162,RENT,personal,0
APP100434,40,427000.0,6.3,242000.0,24,5.79,565.0,2,1,0.283,OWN,personal,1
APP100435,26,292000.0,11.3,54000.0,36,8.8,706.0,1,1,0.062,OWN,business,1
APP100436,46,728000.0,2.1,1132000.0,60,7.39,779.0,1,0,0.311,RENT,debt_consolidation,0
APP100437,62,706000.0,1.2,960000.0,36,7.05,564.0,2,1,0.453,MORTGAGE,debt_consolidation,1
APP100438,24,476000.0,5.8,350000.0,24,9.12,670.0,1,0,0.368,OWN,debt_consolidation,1
APP100439,38,714000.0,16.0,1031000.0,12,11.69,738.0,3,0,1.444,RENT,personal,1
APP100440,64,781000.0,8.0,291000.0,84,8.11,677.0,1,1,0.053,RENT,business,0
APP100441,34,443000.0,8.3,93000.0,36,5.0,715.0,0,0,0.07,RENT,personal,1
APP100442,26,375000.0,1.5,130000.0,60,5.0,735.0,0,0,0.069,OWN,medical,0
APP100443,42,492000.0,5.1,704000.0,60,7.65,835.0,0,0,0.286,RENT,home_improvement,0
APP100444,43,1022000.0,11.4,391000.0,84,9.76,731.0,2,0,0.055,RENT,personal,0
APP100445,50,779000.0,6.3,194000.0,60,7.8,685.0,1,2,0.05,MORTGAGE,debt_consolidation,1
APP100446,35,498000.0,1.1,209000.0,36,8.63,734.0,2,0,0.14,MORTGAGE,home_improvement,0
APP100447,64,899000.0,5.0,676000.0,36,7.37,627.0,0,0,0.251,OWN,home_improvement,0
APP100448,44,791000.0,7.6,688000.0,84,9.62,729.0,0,1,0.124,MORTGAGE,debt_consolidation,0
APP100449,33,296000.0,4.6,146000.0,48,8.86,648.0,0,0,0.123,RENT,personal,0
APP100450,64,628000.0,2.3,828000.0,60,5.26,712.0,2,0,0.264,MORTGAGE,debt_consolidation,0
APP100451,62,728000.0,9.0,1122000.0,60,8.49,690.0,0,4,0.308,MORTGAGE,education,1
APP100452,43,642000.0,,367000.0,48,5.0,671.0,1,1,0.143,MORTGAGE,medical,0
APP100453,22,430000.0,6.8,645000.0,48,8.49,768.0,0,1,0.375,OWN,debt_consolidation,0
APP100454,47,576000.0,4.9,770000.0,48,6.88,629.0,1,0,0.334,MORTGAGE,debt_consolidation,1
APP100455,45,492000.0,3.4,706000.0,36,7.85,718.0,0,1,0.478,RENT,home_improvement,1
APP100456,27,776000.0,17.2,184000.0,24,8.21,765.0,1,0,0.119,RENT,education,0
APP100457,49,365000.0,3.1,496000.0,48,8.12,554.0,0,1,0.34,MORTGAGE,debt_consolidation,1
APP100458,58,597000.0,5.3,597000.0,84,10.62,734.0,0,1,0.143,RENT,home_improvement,0
APP100459,25,182000.0,4.9,50000.0,60,7.57,569.0,0,0,0.055,RENT,medical,1
APP100460,53,482000.0,5.7,599000.0,24,7.92,735.0,1,0,0.621,MORTGAGE,education,1
APP100461,27,656000.0,16.4,328000.0,60,10.43,716.0,1,2,0.1,OWN,business,0
APP100462,54,716000.0,7.6,935000.0,12,11.67,715.0,0,0,1.306,OWN,debt_consolidation,1
APP100463,39,478000.0,3.4,506000.0,48,7.46,674.0,1,2,0.265,RENT,debt_consolidation,1
APP100464,21,702000.0,13.1,606000.0,60,6.37,837.0,1,1,0.173,RENT,personal,0
APP100465,64,939000.0,8.5,173000.0,84,6.48,646.0,4,1,0.026,MORTGAGE,home_improvement,0
APP100466,28,448000.0,3.4,645000.0,48,8.49,648.0,2,0,0.36,RENT,medical,1
APP100467,47,711000.0,11.8,259000.0,48,7.05,841.0,2,0,0.091,OWN,personal,0
APP100468,29,373000.0,1.4,505000.0,36,5.0,709.0,0,1,0.451,RENT,personal,0
APP100469,62,739000.0,1.9,848000.0,48,9.97,782.0,1,0,0.287,RENT,medical,1
APP100470,54,407000.0,1.0,102000.0,24,9.29,635.0,0,0,0.125,RENT,personal,1
APP100471,57,869000.0,0.6,814000.0,12,10.02,560.0,0,1,0.937,MORTGAGE,personal,1
APP100472,40,795000.0,11.2,1228000.0,60,10.46,688.0,1,0,0.309,RENT,business,0
APP100473,42,392000.0,5.8,583000.0,12,7.92,697.0,3,0,1.487,RENT,medical,1
APP100474,49,439000.0,1.1,159000.0,48,8.07,686.0,1,0,0.091,OWN,personal,1
APP100475,56,707000.0,4.8,284000.0,36,9.71,702.0,0,0,0.134,OWN,debt_consolidation,0
APP100476,59,666000.0,9.4,248000.0,12,5.0,600.0,1,1,0.372,OWN,business,0
APP100477,21,490000.0,2.7,611000.0,24,6.72,684.0,3,1,0.623,OWN,personal,1
APP100478,50,543000.0,3.9,208000.0,24,7.37,688.0,3,0,0.192,RENT,personal,0
APP100479,25,842000.0,17.8,205000.0,24,9.53,608.0,0,1,0.122,RENT,debt_consolidation,1
APP100480,33,498000.0,4.1,357000.0,48,6.32,704.0,1,0,0.179,RENT,medical,0
APP100481,58,975000.0,1.2,1513000.0,36,5.93,716.0,0,0,0.517,RENT,home_improvement,0
APP100482,32,571000.0,3.2,341000.0,36,6.55,777.0,1,0,0.199,RENT,debt_consolidation,1
APP100483,56,396000.0,1.0,475000.0,60,8.53,685.0,1,0,0.24,MORTGAGE,education,0
APP100484,41,905000.0,,325000.0,48,7.35,745.0,2,1,0.09,RENT,personal,0
APP100485,31,628000.0,2.3,660000.0,48,5.0,745.0,0,1,0.263,OWN,business,1
APP100486,36,551000.0,2.3,547000.0,48,5.0,681.0,0,0,0.248,RENT,personal,1
APP100487,44,837000.0,18.8,1223000.0,48,7.8,796.0,0,0,0.365,OWN,education,0
APP100488,55,422000.0,1.7,502000.0,24,7.87,787.0,0,0,0.595,OWN,personal,0
APP100489,48,284000.0,1.4,92000.0,24,7.56,747.0,1,1,0.162,OWN,debt_consolidation,0
APP100490,62,640000.0,2.0,472000.0,36,6.46,707.0,1,1,0.246,RENT,personal,0
APP100491,60,932000.0,9.6,141000.0,48,9.23,725.0,1,0,0.038,RENT,debt_consolidation,1
APP100492,54,721000.0,7.3,360000.0,36,8.31,632.0,0,1,0.166,RENT,medical,0
APP100493,48,833000.0,3.2,1298000.0,84,8.24,774.0,2,0,0.223,RENT,medical,0
APP100494,34,687000.0,2.9,557000.0,12,8.31,600.0,2,1,0.811,RENT,personal,1
APP100495,39,570000.0,6.9,803000.0,36,11.01,660.0,1,2,0.47,MORTGAGE,home_improvement,1
APP100496,26,654000.0,5.9,121000.0,24,5.25,792.0,0,0,0.093,RENT,home_improvement,0
APP100497,37,753000.0,4.4,1074000.0,60,6.57,618.0,0,2,0.285,OWN,home_improvement,1
APP100498,62,700000.0,7.5,1008000.0,36,6.76,707.0,0,1,0.48,MORTGAGE,personal,0
APP100499,40,480000.0,1.8,527000.0,48,10.27,628.0,1,0,0.274,MORTGAGE,medical,1
APP100500,26,456000.0,2.4,145000.0,48,6.68,705.0,0,0,0.079,OWN,debt_consolidation,0
APP100501,50,282000.0,7.8,401000.0,12,5.76,681.0,0,0,1.422,RENT,personal,1
APP100502,64,752000.0,6.3,1094000.0,60,7.27,672.0,2,0,0.291,MORTGAGE,home_improvement,0
APP100503,60,779000.0,5.1,344000.0,60,7.73,744.0,2,0,0.088,MORTGAGE,home_improvement,0
APP100504,33,690000.0,18.4,1044000.0,48,10.13,784.0,1,0,0.378,OWN,debt_consolidation,0
APP100505,41,652000.0,,931000.0,36,6.66,706.0,0,0,0.476,RENT,business,0
APP100506,44,547000.0,3.3,245000.0,48,5.99,742.0,0,0,0.112,RENT,education,0
APP100507,32,174000.0,2.6,125000.0,48,5.5,682.0,2,0,0.18,OWN,personal,0
APP100508,33,775000.0,6.5,495000.0,60,6.74,678.0,4,0,0.128,RENT,debt_consolidation,0
APP100509,31,515000.0,11.2,449000.0,24,13.14,586.0,1,3,0.436,RENT,business,1
APP100510,65,557000.0,0.8,802000.0,60,8.34,684.0,1,0,0.288,OWN,education,1
APP100511,54,852000.0,6.2,1208000.0,60,8.82,578.0,2,1,0.284,RENT,debt_consolidation,0
APP100512,58,790000.0,3.8,320000.0,36,7.5,844.0,0,0,0.135,RENT,home_improvement,0
APP100513,57,703000.0,5.8,667000.0,48,7.8,770.0,0,1,0.237,OWN,personal,0
APP100514,64,765000.0,1.3,707000.0,24,9.23,821.0,1,1,0.462,RENT,business,0
APP100515,25,361000.0,11.2,290000.0,24,8.74,796.0,1,0,0.402,MORTGAGE,debt_consolidation,0
APP100516,60,757000.0,13.3,898000.0,48,8.27,755.0,1,0,0.297,MORTGAGE,personal,0
APP100517,23,679000.0,8.1,738000.0,12,7.54,589.0,3,0,1.087,MORTGAGE,personal,0
APP100518,42,583000.0,15.2,320000.0,12,6.72,772.0,4,0,0.549,RENT,debt_consolidation,1
APP100519,47,425000.0,3.6,278000.0,48,8.43,775.0,3,0,0.164,RENT,home_improvement,0
APP100520,37,557000.0,6.1,801000.0,84,7.68,642.0,0,1,0.205,RENT,debt_consolidation,0
APP100521,27,526000.0,8.2,327000.0,12,12.19,,2,2,0.622,MORTGAGE,education,0
APP100522,29,600000.0,6.6,476000.0,12,9.81,733.0,1,0,0.793,MORTGAGE,debt_consolidation,0
APP100523,58,439000.0,4.0,685000.0,12,6.02,679.0,2,1,1.56,RENT,business,1
APP100524,35,130000.0,4.4,181000.0,12,5.0,732.0,0,1,1.392,RENT,business,1
APP100525,34,742000.0,12.5,863000.0,60,6.62,753.0,2,0,0.233,RENT,personal,0
APP100526,62,518000.0,4.9,306000.0,36,5.12,,2,1,0.197,RENT,personal,0
APP100527,27,450000.0,10.8,478000.0,48,6.49,778.0,2,0,0.266,RENT,business,0
APP100528,62,351000.0,4.7,379000.0,36,5.37,632.0,2,0,0.36,RENT,debt_consolidation,0
APP100529,62,904000.0,10.7,675000.0,84,6.78,760.0,1,0,0.107,OWN,education,0
APP100530,47,648000.0,5.3,131000.0,36,6.81,720.0,0,1,0.067,OWN,debt_consolidation,0
APP100531,28,557000.0,7.7,380000.0,60,7.82,695.0,0,0,0.136,RENT,personal,0
APP100532,28,497000.0,2.8,441000.0,48,7.04,786.0,1,0,0.222,RENT,personal,0
APP100533,33,212000.0,6.1,324000.0,84,5.51,593.0,4,0,0.218,OWN,education,0
APP100534,46,413000.0,2.9,498000.0,36,10.17,732.0,1,0,0.402,OWN,education,1
APP100535,27,387000.0,3.6,119000.0,60,8.39,721.0,2,0,0.061,RENT,business,1
APP100536,41,429000.0,3.8,252000.0,36,6.3,779.0,4,0,0.196,RENT,debt_consolidation,1
APP100537,26,417000.0,4.3,378000.0,48,5.55,765.0,0,0,0.227,MORTGAGE,business,0
APP100538,45,676000.0,9.9,544000.0,48,5.0,600.0,2,0,0.201,RENT,personal,0
APP100539,21,569000.0,3.5,90000.0,36,5.0,665.0,1,1,0.053,MORTGAGE,personal,0
APP100540,52,407000.0,,613000.0,36,9.8,803.0,2,0,0.502,OWN,home_improvement,0
APP100541,23,516000.0,10.8,754000.0,24,9.57,724.0,1,0,0.731,OWN,home_improvement,1
APP100542,29,622000.0,7.6,926000.0,60,6.21,656.0,2,0,0.298,RENT,personal,0
APP100543,28,290000.0,0.9,224000.0,36,10.51,710.0,1,0,0.257,OWN,personal,0
APP100544,58,583000.0,1.2,792000.0,24,8.86,769.0,2,1,0.679,OWN,debt_consolidation,0
APP100545,23,538000.0,6.7,633000.0,48,7.95,687.0,0,0,0.294,RENT,business,0
APP100546,40,531000.0,3.3,474000.0,48,9.4,660.0,1,0,0.223,MORTGAGE,medical,0
APP100547,47,646000.0,1.1,169000.0,12,8.86,673.0,1,1,0.262,OWN,personal,0
APP100548,44,565000.0,3.1,222000.0,36,7.84,653.0,1,1,0.131,MORTGAGE,education,0
APP100549,51,592000.0,6.9,293000.0,48,6.97,774.0,0,0,0.124,RENT,home_improvement,0
APP100550,57,462000.0,3.8,669000.0,60,7.26,708.0,0,0,0.29,RENT,business,0
APP100551,38,577000.0,5.2,643000.0,36,5.0,741.0,1,0,0.371,RENT,business,0
APP100552,58,662000.0,4.1,1043000.0,36,5.74,781.0,1,1,0.525,RENT,home_improvement,1
APP100553,35,345000.0,,335000.0,48,11.46,673.0,0,0,0.243,MORTGAGE,home_improvement,1
APP100554,65,799000.0,6.0,218000.0,24,5.68,780.0,1,0,0.136,RENT,education,0
APP100555,43,709000.0,0.9,598000.0,60,5.0,763.0,1,0,0.169,RENT,debt_consolidation,0
APP100556,54,505000.0,2.5,158000.0,60,9.49,648.0,1,0,0.063,OWN,business,0
APP100557,60,605000.0,8.7,881000.0,60,8.05,785.0,0,1,0.291,MORTGAGE,personal,0
APP100558,56,487000.0,1.3,270000.0,36,8.17,590.0,1,2,0.185,RENT,business,1
APP100559,59,412000.0,5.0,180000.0,24,7.15,567.0,3,2,0.218,MORTGAGE,medical,1
APP100560,45,863000.0,3.5,770000.0,48,9.5,644.0,1,1,0.223,MORTGAGE,debt_consolidation,0
APP100561,22,354000.0,3.3,467000.0,24,10.87,682.0,0,0,0.66,RENT,debt_consolidation,1
APP100562,43,491000.0,9.3,437000.0,24,6.35,720.0,0,0,0.445,OWN,personal,0
APP100563,29,381000.0,10.5,78000.0,36,8.89,643.0,1,1,0.068,OWN,home_improvement,0
APP100564,61,581000.0,1.9,713000.0,36,9.96,681.0,2,2,0.409,RENT,business,1
APP100565,31,385000.0,4.4,77000.0,36,6.23,694.0,0,1,0.067,MORTGAGE,debt_consolidation,0
APP100566,31,660000.0,0.7,677000.0,36,10.82,714.0,2,0,0.342,OWN,personal,1
APP100567,32,361000.0,8.9,377000.0,24,9.95,729.0,2,1,0.522,MORTGAGE,home_improvement,0
APP100568,49,371000.0,4.8,168000.0,48,5.0,758.0,3,1,0.113,OWN,debt_consolidation,0
APP100569,46,623000.0,1.2,497000.0,36,11.01,671.0,0,1,0.266,RENT,business,1
APP100570,63,643000.0,2.6,102000.0,48,5.0,654.0,1,1,0.04,OWN,education,0
APP100571,39,472000.0,1.8,265000.0,48,5.99,,0,0,0.14,MORTGAGE,home_improvement,0
APP100572,33,561000.0,2.4,588000.0,48,9.0,757.0,1,1,0.262,MORTGAGE,personal,0
APP100573,23,418000.0,0.8,235000.0,60,9.79,698.0,0,1,0.112,OWN,business,0
APP100574,21,518000.0,12.4,113000.0,84,7.72,749.0,0,0,0.031,OWN,education,0
APP100575,37,285000.0,2.0,321000.0,24,6.11,694.0,2,0,0.563,OWN,personal,0
APP100576,62,432000.0,5.0,530000.0,36,6.93,678.0,2,0,0.409,RENT,debt_consolidation,1
APP100577,44,491000.0,6.8,688000.0,60,6.67,684.0,0,1,0.28,RENT,medical,0
APP100578,61,581000.0,10.6,825000.0,60,9.35,654.0,3,2,0.284,RENT,debt_consolidation,0
APP100579,25,502000.0,5.1,437000.0,12,6.61,758.0,1,0,0.871,MORTGAGE,personal,1
APP100580,25,178000.0,4.0,132000.0,84,6.07,,1,0,0.106,OWN,education,0
APP100581,58,595000.0,5.3,595000.0,60,5.0,662.0,2,0,0.2,RENT,debt_consolidation,1
APP100582,25,397000.0,1.9,516000.0,60,6.19,718.0,1,0,0.26,RENT,business,0
APP100583,23,407000.0,2.1,342000.0,24,7.24,667.0,2,0,0.42,RENT,education,1
APP100584,39,591000.0,3.9,941000.0,36,5.01,696.0,2,0,0.531,MORTGAGE,home_improvement,1
APP100585,62,579000.0,0.5,622000.0,36,5.0,728.0,0,0,0.358,RENT,personal,0
APP100586,52,495000.0,2.8,295000.0,36,9.66,750.0,0,1,0.199,OWN,home_improvement,1
APP100587,25,627000.0,3.4,816000.0,24,5.3,710.0,1,0,0.651,OWN,personal,1
APP100588,58,750000.0,16.7,276000.0,24,5.0,750.0,0,1,0.184,MORTGAGE,personal,0
APP100589,58,949000.0,11.5,1430000.0,60,10.95,647.0,1,1,0.301,RENT,debt_consolidation,1
APP100590,57,625000.0,6.8,402000.0,36,9.37,671.0,0,0,0.214,RENT,personal,1
APP100591,61,723000.0,9.1,827000.0,48,9.76,715.0,1,0,0.286,RENT,debt_consolidation,0
APP100592,31,440000.0,2.1,465000.0,24,8.61,900.0,0,0,0.528,RENT,business,0
APP100593,65,739000.0,5.4,214000.0,60,10.39,660.0,0,1,0.058,RENT,personal,0
APP100594,35,497000.0,8.3,595000.0,60,9.44,718.0,3,0,0.239,OWN,business,0
APP100595,57,632000.0,2.1,381000.0,48,6.74,738.0,1,0,0.151,RENT,personal,0
APP100596,47,776000.0,1.2,545000.0,36,5.16,715.0,1,0,0.234,OWN,personal,0
APP100597,56,819000.0,6.3,237000.0,24,5.0,682.0,2,0,0.145,MORTGAGE,education,0
APP100598,49,719000.0,1.4,952000.0,48,7.19,753.0,0,0,0.331,OWN,medical,0
APP100599,49,429000.0,7.2,599000.0,60,5.08,675.0,1,0,0.279,MORTGAGE,home_improvement,0
APP100600,48,486000.0,10.4,168000.0,84,5.75,762.0,0,0,0.049,OWN,education,0
APP100601,56,645000.0,2.2,857000.0,12,7.16,655.0,1,1,1.329,OWN,education,1
APP100602,54,717000.0,2.3,1041000.0,36,10.58,770.0,1,0,0.484,RENT,medical,1
APP100603,27,457000.0,10.2,133000.0,36,5.0,624.0,2,0,0.097,OWN,medical,1
APP100604,58,555000.0,5.1,886000.0,36,7.57,687.0,1,1,0.532,MORTGAGE,debt_consolidation,1
APP100605,45,841000.0,9.3,132000.0,48,5.0,677.0,0,0,0.039,RENT,personal,0
APP100606,35,612000.0,4.1,839000.0,36,6.28,765.0,1,0,0.457,OWN,personal,0
APP100607,44,724000.0,4.3,695000.0,60,9.55,729.0,2,1,0.192,RENT,business,1
APP100608,64,628000.0,5.0,966000.0,24,5.63,549.0,1,1,0.769,MORTGAGE,business,0
APP100609,59,700000.0,14.5,448000.0,36,6.92,663.0,2,0,0.213,RENT,education,0
APP100610,58,846000.0,8.8,570000.0,36,7.81,780.0,1,0,0.225,RENT,personal,0
APP100611,41,489000.0,2.7,669000.0,60,9.04,718.0,0,0,0.274,RENT,debt_consolidation,0
APP100612,56,563000.0,5.7,665000.0,60,6.29,747.0,2,0,0.236,OWN,personal,0
APP100613,38,387000.0,3.8,395000.0,60,10.27,663.0,4,1,0.204,RENT,business,1
APP100614,51,519000.0,3.3,563000.0,36,6.52,726.0,1,0,0.362,RENT,home_improvement,0
APP100615,49,760000.0,7.1,866000.0,24,8.57,789.0,0,0,0.57,RENT,business,0
APP100616,32,289000.0,6.1,63000.0,48,7.08,630.0,1,1,0.054,RENT,education,0
APP100617,32,563000.0,2.2,181000.0,84,9.13,691.0,1,0,0.046,RENT,debt_consolidation,1
APP100618,23,343000.0,5.1,142000.0,36,11.96,673.0,0,0,0.138,MORTGAGE,medical,1
APP100619,27,419000.0,3.2,170000.0,24,6.89,741.0,0,0,0.203,OWN,personal,0
APP100620,40,550000.0,6.8,755000.0,12,7.46,653.0,1,0,1.373,MORTGAGE,personal,1
APP100621,42,506000.0,3.1,365000.0,48,6.55,777.0,0,0,0.18,RENT,debt_consolidation,0
APP100622,28,427000.0,4.3,367000.0,36,6.21,690.0,1,0,0.286,MORTGAGE,debt_consolidation,0
APP100623,39,457000.0,3.3,128000.0,24,5.96,755.0,0,0,0.14,MORTGAGE,debt_consolidation,0
APP100624,48,463000.0,0.9,654000.0,24,7.46,681.0,0,0,0.706,MORTGAGE,personal,1
APP100625,31,802000.0,14.0,132000.0,48,5.79,792.0,0,0,0.041,MORTGAGE,personal,0
APP100626,36,530000.0,5.0,144000.0,36,5.86,749.0,2,1,0.091,MORTGAGE,business,0
APP100627,37,625000.0,14.3,830000.0,24,5.0,790.0,0,0,0.664,OWN,debt_consolidation,1
APP100628,43,474000.0,5.2,161000.0,48,10.55,682.0,0,0,0.085,MORTGAGE,debt_consolidation,0
APP100629,37,507000.0,8.0,659000.0,12,11.12,807.0,1,0,1.3,RENT,education,1
APP100630,54,513000.0,2.9,338000.0,12,8.93,755.0,1,0,0.659,RENT,debt_consolidation,0
APP100631,35,611000.0,3.0,779000.0,24,5.58,682.0,1,0,0.637,RENT,education,1
APP100632,40,435000.0,4.8,97000.0,36,5.0,745.0,0,0,0.074,MORTGAGE,personal,0
APP100633,38,311000.0,14.2,201000.0,24,5.0,833.0,0,0,0.323,RENT,personal,0
APP100634,29,459000.0,2.2,389000.0,24,8.91,657.0,2,0,0.424,MORTGAGE,business,0
APP100635,51,522000.0,0.7,552000.0,24,10.28,643.0,0,1,0.529,OWN,personal,1
APP100636,31,469000.0,10.1,639000.0,48,7.87,696.0,1,1,0.341,MORTGAGE,business,0
APP100637,34,692000.0,8.4,349000.0,60,9.39,642.0,2,0,0.101,OWN,personal,0
APP100638,56,218000.0,3.5,241000.0,24,8.48,706.0,3,0,0.553,MORTGAGE,personal,1
APP100639,63,1080000.0,18.0,400000.0,48,5.8,787.0,1,0,0.093,MORTGAGE,debt_consolidation,0
APP100640,51,936000.0,18.5,1220000.0,24,9.72,729.0,1,1,0.652,MORTGAGE,debt_consolidation,1
APP100641,62,537000.0,0.8,807000.0,60,9.58,654.0,0,1,0.301,MORTGAGE,home_improvement,0
APP100642,59,570000.0,2.8,125000.0,24,5.32,767.0,1,0,0.11,MORTGAGE,personal,0
APP100643,42,635000.0,4.8,169000.0,24,9.28,692.0,0,1,0.133,OWN,debt_consolidation,0
APP100644,55,739000.0,6.6,955000.0,36,7.18,644.0,2,1,0.431,RENT,personal,0
APP100645,35,436000.0,5.9,622000.0,24,6.93,728.0,2,0,0.713,OWN,personal,1
APP100646,41,313000.0,5.0,341000.0,24,8.36,759.0,1,1,0.545,RENT,education,1
APP100647,45,860000.0,1.9,704000.0,36,8.29,655.0,1,1,0.273,RENT,personal,1
APP100648,64,865000.0,7.3,1094000.0,48,9.46,814.0,1,0,0.316,RENT,home_improvement,0
APP100649,59,718000.0,7.5,420000.0,24,5.63,693.0,2,1,0.292,RENT,education,1
APP100650,43,650000.0,9.6,1032000.0,36,8.74,672.0,2,2,0.529,MORTGAGE,business,0
APP100651,50,664000.0,1.7,916000.0,60,5.0,693.0,1,1,0.276,RENT,debt_consolidation,0
APP100652,30,592000.0,4.2,850000.0,24,7.11,698.0,0,0,0.718,MORTGAGE,medical,1
APP100653,57,320000.0,3.4,445000.0,24,7.25,,0,2,0.695,RENT,education,1
APP100654,45,488000.0,1.7,733000.0,36,9.63,803.0,0,1,0.501,RENT,business,0
APP100655,44,495000.0,4.1,121000.0,12,7.52,663.0,0,0,0.244,MORTGAGE,business,0
APP100656,55,580000.0,2.0,851000.0,60,6.92,792.0,0,0,0.293,MORTGAGE,business,0
APP100657,49,676000.0,1.4,345000.0,24,10.64,809.0,1,0,0.255,RENT,personal,0
APP100658,24,226000.0,8.4,152000.0,24,6.56,680.0,2,0,0.336,MORTGAGE,personal,0
APP100659,33,288000.0,3.5,198000.0,60,6.46,752.0,1,0,0.138,MORTGAGE,debt_consolidation,0
APP100660,28,348000.0,2.7,169000.0,60,5.0,717.0,2,1,0.097,OWN,personal,0
APP100661,54,732000.0,11.2,575000.0,48,7.02,780.0,0,0,0.196,MORTGAGE,personal,0
APP100662,22,599000.0,7.7,529000.0,24,5.43,701.0,0,0,0.442,OWN,business,0
APP100663,30,682000.0,0.6,249000.0,36,6.95,691.0,1,0,0.122,RENT,personal,0
APP100664,47,569000.0,6.7,382000.0,84,8.03,769.0,1,0,0.096,RENT,debt_consolidation,0
APP100665,52,767000.0,6.7,502000.0,36,5.11,606.0,1,1,0.218,RENT,home_improvement,1
APP100666,43,663000.0,4.0,748000.0,84,5.69,572.0,2,1,0.161,RENT,debt_consolidation,1
APP100667,59,732000.0,3.9,726000.0,48,5.0,725.0,1,0,0.248,MORTGAGE,debt_consolidation,0
APP100668,62,630000.0,1.0,749000.0,60,6.38,697.0,2,0,0.238,RENT,education,0
APP100669,26,560000.0,17.8,721000.0,24,5.42,764.0,0,0,0.644,MORTGAGE,home_improvement,1
APP100670,63,517000.0,4.1,578000.0,60,12.22,688.0,0,0,0.224,OWN,medical,0
APP100671,48,445000.0,6.4,222000.0,60,10.81,748.0,0,1,0.1,OWN,personal,0
APP100672,49,648000.0,4.3,569000.0,60,10.45,766.0,1,0,0.176,MORTGAGE,business,0
APP100673,25,425000.0,2.8,351000.0,84,5.0,735.0,0,0,0.118,MORTGAGE,debt_consolidation,0
APP100674,48,582000.0,8.9,150000.0,60,7.11,610.0,3,1,0.052,RENT,personal,0
APP100675,53,735000.0,5.6,1064000.0,36,5.0,779.0,1,0,0.483,OWN,debt_consolidation,0
APP100676,47,552000.0,4.2,156000.0,48,11.55,632.0,0,0,0.071,RENT,personal,0
APP100677,24,334000.0,6.4,523000.0,60,9.33,626.0,1,1,0.313,MORTGAGE,personal,0
APP100678,44,529000.0,4.6,104000.0,48,5.18,743.0,0,1,0.049,MORTGAGE,debt_consolidation,0
APP100679,63,931000.0,15.0,1125000.0,48,8.31,642.0,2,1,0.302,MORTGAGE,personal,0
APP100680,53,519000.0,8.7,294000.0,48,5.0,688.0,1,0,0.142,RENT,debt_consolidation,0
APP100681,27,529000.0,7.1,773000.0,60,7.2,714.0,0,1,0.292,RENT,business,0
APP100682,64,640000.0,1.2,861000.0,12,7.11,708.0,1,2,1.345,MORTGAGE,debt_consolidation,1
APP100683,64,607000.0,7.3,113000.0,48,9.13,702.0,1,2,0.047,RENT,business,1
APP100684,28,460000.0,7.2,84000.0,36,9.67,807.0,0,0,0.061,OWN,personal,0
APP100685,57,381000.0,2.1,390000.0,60,7.54,699.0,0,0,0.205,MORTGAGE,home_improvement,0
APP100686,39,514000.0,1.1,189000.0,24,7.01,675.0,0,0,0.184,OWN,home_improvement,0
APP100687,47,429000.0,8.5,73000.0,36,5.0,657.0,1,0,0.057,RENT,personal,0
APP100688,41,767000.0,9.2,1191000.0,24,10.94,736.0,1,0,0.776,RENT,personal,0
APP100689,56,608000.0,3.0,649000.0,48,6.05,732.0,1,0,0.267,RENT,education,0
APP100690,65,589000.0,2.9,98000.0,60,7.72,832.0,0,1,0.033,OWN,personal,0
APP100691,56,826000.0,5.5,711000.0,48,12.47,765.0,0,0,0.215,MORTGAGE,personal,0
APP100692,62,509000.0,3.5,193000.0,36,5.0,605.0,0,1,0.126,RENT,debt_consolidation,0
APP100693,63,529000.0,1.1,697000.0,36,7.55,776.0,1,0,0.439,RENT,debt_consolidation,0
APP100694,25,151000.0,2.1,50000.0,48,8.59,678.0,0,0,0.083,MORTGAGE,medical,0
APP100695,32,713000.0,6.2,490000.0,60,9.9,660.0,0,0,0.137,MORTGAGE,medical,0
APP100696,53,875000.0,2.2,433000.0,48,7.5,744.0,1,1,0.124,MORTGAGE,education,0
APP100697,47,395000.0,9.5,621000.0,12,10.09,711.0,2,2,1.572,MORTGAGE,personal,1
APP100698,23,351000.0,7.1,92000.0,36,6.59,757.0,1,1,0.087,RENT,business,0
APP100699,25,487000.0,6.4,581000.0,48,8.7,671.0,3,0,0.298,RENT,education,0
APP100700,44,501000.0,5.4,422000.0,36,8.41,816.0,1,1,0.281,OWN,education,1
APP100701,48,565000.0,2.6,754000.0,48,7.3,711.0,1,2,0.334,RENT,personal,1
APP100702,28,494000.0,7.8,228000.0,60,8.21,674.0,1,0,0.092,RENT,business,1
APP100703,28,510000.0,2.6,709000.0,60,5.58,,1,0,0.278,RENT,debt_consolidation,1
APP100704,26,381000.0,9.9,582000.0,12,6.84,754.0,2,0,1.528,RENT,debt_consolidation,1
APP100705,46,716000.0,13.4,329000.0,36,5.0,746.0,0,0,0.153,MORTGAGE,personal,0
APP100706,21,275000.0,5.5,138000.0,48,6.53,663.0,1,1,0.125,OWN,medical,0
APP100707,46,612000.0,12.3,947000.0,60,10.0,512.0,0,2,0.309,RENT,medical,1
APP100708,42,267000.0,2.1,208000.0,24,8.42,720.0,2,1,0.39,MORTGAGE,education,1
APP100709,41,522000.0,7.2,710000.0,24,8.18,663.0,1,1,0.68,OWN,personal,0
APP100710,51,529000.0,4.9,726000.0,48,5.0,699.0,2,0,0.343,OWN,home_improvement,0
APP100711,44,759000.0,8.6,456000.0,36,8.2,704.0,0,1,0.2,OWN,education,0
APP100712,53,566000.0,0.6,232000.0,24,7.36,665.0,1,0,0.205,RENT,home_improvement,0
APP100713,55,697000.0,8.2,475000.0,84,8.68,756.0,1,0,0.097,MORTGAGE,personal,0
APP100714,62,653000.0,2.9,658000.0,36,10.54,680.0,0,0,0.336,OWN,debt_consolidation,0
APP100715,56,328000.0,5.1,286000.0,12,6.6,633.0,1,0,0.872,RENT,home_improvement,1
APP100716,44,426000.0,17.6,519000.0,12,6.81,759.0,0,0,1.218,RENT,education,0
APP100717,43,548000.0,7.3,518000.0,24,9.52,657.0,2,1,0.473,MORTGAGE,home_improvement,0
APP100718,31,558000.0,6.7,735000.0,24,6.17,626.0,0,0,0.659,MORTGAGE,business,1
APP100719,47,572000.0,6.3,172000.0,36,7.69,656.0,1,0,0.1,MORTGAGE,personal,0
APP100720,27,410000.0,10.6,323000.0,12,5.0,750.0,0,0,0.788,OWN,education,0
APP100721,62,692000.0,8.8,120000.0,36,6.82,708.0,1,1,0.058,OWN,business,0
APP100722,59,631000.0,6.3,205000.0,36,10.37,809.0,0,0,0.108,OWN,business,0
APP100723,26,592000.0,5.8,373000.0,48,8.24,778.0,2,0,0.158,MORTGAGE,personal,1
APP100724,56,760000.0,5.5,1107000.0,84,9.48,755.0,0,0,0.208,MORTGAGE,debt_consolidation,0
APP100725,26,379000.0,4.7,266000.0,84,9.6,682.0,1,0,0.1,RENT,debt_consolidation,1
APP100726,53,581000.0,1.7,318000.0,36,10.47,665.0,0,1,0.182,RENT,home_improvement,1
APP100727,24,522000.0,7.2,586000.0,36,6.74,749.0,1,0,0.374,MORTGAGE,business,0
APP100728,42,603000.0,3.1,706000.0,48,9.57,717.0,4,1,0.293,MORTGAGE,home_improvement,1
APP100729,50,849000.0,4.3,720000.0,36,12.44,694.0,1,2,0.283,MORTGAGE,personal,0
APP100730,53,674000.0,9.2,383000.0,60,7.44,704.0,1,0,0.114,OWN,personal,0
APP100731,39,717000.0,4.8,421000.0,48,5.0,732.0,1,0,0.147,MORTGAGE,personal,0
APP100732,62,502000.0,4.5,210000.0,24,6.19,715.0,0,0,0.209,MORTGAGE,personal,1
APP100733,55,552000.0,5.6,373000.0,36,8.53,588.0,3,0,0.225,MORTGAGE,personal,0
APP100734,30,155000.0,3.8,61000.0,60,5.0,707.0,1,0,0.079,MORTGAGE,personal,0
APP100735,51,787000.0,17.4,852000.0,36,5.82,732.0,0,0,0.361,OWN,education,0
APP100736,53,855000.0,15.8,1237000.0,48,6.77,795.0,0,0,0.362,OWN,education,0
APP100737,36,270000.0,15.6,140000.0,48,7.74,653.0,1,1,0.13,MORTGAGE,debt_consolidation,1
APP100738,54,678000.0,6.3,340000.0,36,11.45,669.0,1,0,0.167,MORTGAGE,debt_consolidation,0
APP100739,61,743000.0,3.0,1079000.0,36,9.01,757.0,3,0,0.484,OWN,personal,0
APP100740,57,786000.0,9.3,765000.0,48,5.05,642.0,2,1,0.243,RENT,personal,0
APP100741,55,447000.0,3.9,540000.0,24,16.01,681.0,1,0,0.604,RENT,personal,1
APP100742,49,779000.0,9.9,1121000.0,48,7.46,721.0,2,1,0.36,MORTGAGE,personal,0
APP100743,33,483000.0,2.8,538000.0,24,5.0,737.0,0,1,0.557,OWN,business,1
APP100744,56,754000.0,6.6,925000.0,60,5.22,792.0,2,0,0.245,MORTGAGE,debt_consolidation,0
APP100745,37,584000.0,10.9,415000.0,48,5.23,676.0,2,1,0.178,RENT,education,0
APP100746,44,619000.0,4.0,935000.0,24,5.0,657.0,3,1,0.755,MORTGAGE,home_improvement,1
APP100747,35,674000.0,4.0,789000.0,60,8.63,682.0,1,1,0.234,RENT,debt_consolidation,0
APP100748,35,445000.0,1.3,113000.0,48,5.0,671.0,2,0,0.063,RENT,personal,0
APP100749,28,495000.0,2.9,501000.0,48,9.66,722.0,0,1,0.253,RENT,business,0
APP100750,64,896000.0,6.2,257000.0,36,9.29,649.0,1,2,0.096,RENT,personal,0
APP100751,27,475000.0,6.9,431000.0,36,6.5,602.0,1,2,0.302,OWN,business,1
APP100752,24,316000.0,7.6,88000.0,48,9.51,602.0,4,0,0.07,MORTGAGE,personal,1
APP100753,63,739000.0,0.8,783000.0,36,5.1,715.0,0,0,0.353,MORTGAGE,personal,0
APP100754,45,782000.0,3.9,635000.0,36,5.65,735.0,3,0,0.271,OWN,personal,0
APP100755,40,700000.0,1.4,666000.0,24,8.71,676.0,1,0,0.476,MORTGAGE,home_improvement,1
APP100756,54,753000.0,6.0,822000.0,60,7.04,651.0,1,0,0.218,MORTGAGE,education,0
APP100757,38,138000.0,1.0,71000.0,84,6.12,,1,0,0.073,RENT,debt_consolidation,0
APP100758,26,333000.0,1.9,204000.0,36,7.25,704.0,0,0,0.204,RENT,personal,0
APP100759,53,585000.0,8.7,497000.0,36,10.4,787.0,0,0,0.283,MORTGAGE,personal,0
APP100760,28,463000.0,3.2,450000.0,24,10.32,747.0,1,1,0.486,OWN,personal,1
APP100761,45,921000.0,12.3,1372000.0,60,8.44,754.0,2,2,0.298,MORTGAGE,debt_consolidation,1
APP100762,63,560000.0,7.8,370000.0,24,6.72,732.0,0,0,0.33,OWN,home_improvement,0
APP100763,63,1014000.0,4.1,1022000.0,60,8.65,622.0,0,1,0.202,RENT,personal,0
APP100764,37,530000.0,9.6,788000.0,60,5.6,634.0,0,0,0.297,OWN,home_improvement,1
APP100765,56,523000.0,4.3,623000.0,36,10.07,696.0,2,0,0.397,RENT,home_improvement,0
APP100766,48,764000.0,8.3,478000.0,60,9.59,784.0,2,1,0.125,OWN,personal,0
APP100767,42,674000.0,2.8,506000.0,36,11.75,693.0,1,1,0.25,RENT,personal,1
APP100768,27,629000.0,10.0,896000.0,36,5.74,815.0,0,0,0.475,RENT,home_improvement,0
APP100769,37,370000.0,1.1,290000.0,60,5.46,604.0,1,2,0.157,RENT,personal,1
APP100770,50,648000.0,1.9,334000.0,36,8.71,804.0,0,0,0.172,MORTGAGE,personal,0
APP100771,65,511000.0,2.2,464000.0,12,6.9,762.0,0,0,0.908,OWN,home_improvement,0
APP100772,21,292000.0,3.0,123000.0,48,9.7,677.0,0,2,0.105,MORTGAGE,home_improvement,0
APP100773,53,631000.0,6.4,627000.0,48,10.4,747.0,1,1,0.248,MORTGAGE,personal,0
APP100774,59,541000.0,5.0,859000.0,48,11.25,699.0,0,0,0.397,MORTGAGE,personal,1
APP100775,63,887000.0,8.4,1380000.0,36,7.63,716.0,2,1,0.519,MORTGAGE,personal,0
APP100776,40,535000.0,11.0,556000.0,48,9.44,678.0,2,0,0.26,RENT,home_improvement,0
APP100777,26,385000.0,1.0,553000.0,36,6.36,679.0,1,0,0.479,RENT,education,0
APP100778,33,459000.0,11.9,611000.0,36,7.98,628.0,1,2,0.444,RENT,education,1
APP100779,59,811000.0,4.3,1240000.0,24,7.38,661.0,2,0,0.764,OWN,medical,0
APP100780,60,695000.0,15.4,984000.0,48,7.27,618.0,1,1,0.354,OWN,education,1
APP100781,49,748000.0,2.7,1088000.0,60,11.51,851.0,0,0,0.291,MORTGAGE,business,0
APP100782,26,575000.0,0.7,278000.0,12,5.0,618.0,1,1,0.483,MORTGAGE,personal,0
APP100783,26,433000.0,7.8,164000.0,12,7.49,755.0,1,1,0.379,RENT,business,0
APP100784,42,596000.0,7.5,127000.0,60,7.62,614.0,0,1,0.043,MORTGAGE,personal,0
APP100785,47,484000.0,1.9,535000.0,36,8.92,692.0,0,0,0.368,RENT,personal,0
APP100786,22,489000.0,2.1,735000.0,36,5.09,705.0,0,0,0.501,RENT,education,1
APP100787,51,632000.0,8.8,1006000.0,36,6.84,779.0,1,1,0.531,OWN,debt_consolidation,0
APP100788,45,537000.0,6.6,744000.0,36,6.19,724.0,3,0,0.462,RENT,personal,1
APP100789,21,430000.0,3.9,583000.0,24,5.0,613.0,0,2,0.678,MORTGAGE,personal,1
APP100790,25,248000.0,7.1,224000.0,60,10.06,693.0,0,1,0.181,MORTGAGE,business,0
APP100791,41,558000.0,6.1,449000.0,24,5.0,788.0,1,0,0.402,OWN,business,0
APP100792,53,693000.0,2.3,747000.0,60,5.0,755.0,3,0,0.216,MORTGAGE,business,1
APP100793,58,730000.0,9.3,134000.0,60,9.58,693.0,1,0,0.037,RENT,business,0
APP100794,40,730000.0,8.1,950000.0,24,6.76,581.0,2,2,0.651,RENT,business,1
APP100795,34,459000.0,5.1,506000.0,48,6.84,668.0,3,0,0.276,OWN,personal,1
APP100796,64,671000.0,8.8,266000.0,48,6.88,757.0,2,0,0.099,MORTGAGE,business,0
APP100797,41,528000.0,16.6,566000.0,84,9.86,657.0,0,0,0.153,OWN,personal,0
APP100798,35,424000.0,2.1,432000.0,48,6.29,715.0,0,0,0.255,MORTGAGE,medical,1
APP100799,40,834000.0,4.1,1078000.0,36,8.81,605.0,0,2,0.431,MORTGAGE,personal,1
APP100800,21,468000.0,,639000.0,48,5.0,591.0,3,3,0.341,MORTGAGE,business,1
APP100801,34,471000.0,8.7,244000.0,48,8.23,757.0,1,0,0.13,OWN,home_improvement,0
APP100802,44,399000.0,3.0,531000.0,48,9.49,722.0,0,0,0.333,MORTGAGE,debt_consolidation,0
APP100803,62,483000.0,8.4,200000.0,36,10.59,711.0,4,1,0.138,RENT,debt_consolidation,0
APP100804,54,489000.0,3.3,353000.0,60,5.0,785.0,1,0,0.144,OWN,personal,0
APP100805,56,723000.0,1.9,625000.0,36,6.85,900.0,0,1,0.288,MORTGAGE,medical,1
APP100806,45,520000.0,5.3,685000.0,84,11.02,781.0,0,0,0.188,RENT,personal,0
APP100807,25,296000.0,3.3,431000.0,36,9.53,751.0,1,0,0.485,MORTGAGE,education,1
APP100808,38,419000.0,5.7,73000.0,12,7.06,686.0,1,0,0.174,MORTGAGE,business,0
APP100809,65,818000.0,6.7,997000.0,24,7.51,765.0,2,0,0.609,RENT,home_improvement,0
APP100810,22,383000.0,1.1,545000.0,60,8.15,799.0,1,0,0.285,OWN,personal,0
APP100811,60,559000.0,3.6,857000.0,60,6.68,690.0,0,0,0.307,RENT,medical,0
APP100812,51,573000.0,5.3,309000.0,36,8.7,700.0,0,0,0.18,RENT,debt_consolidation,0
APP100813,33,886000.0,8.9,355000.0,60,8.58,674.0,0,1,0.08,OWN,home_improvement,1
APP100814,56,866000.0,8.1,756000.0,24,5.05,663.0,0,0,0.436,RENT,business,1
APP100815,58,848000.0,2.5,1235000.0,24,6.42,696.0,0,1,0.728,OWN,medical,0
APP100816,22,172000.0,4.4,105000.0,24,6.5,655.0,0,0,0.305,RENT,business,0
APP100817,25,461000.0,7.0,407000.0,36,6.94,729.0,0,0,0.294,OWN,education,0
APP100818,50,504000.0,4.2,803000.0,36,8.09,709.0,1,1,0.531,MORTGAGE,personal,0
APP100819,65,754000.0,2.7,612000.0,24,7.9,741.0,0,0,0.406,OWN,business,0
APP100820,22,599000.0,4.8,636000.0,24,5.92,684.0,2,0,0.531,RENT,debt_consolidation,1
APP100821,50,677000.0,6.5,1079000.0,36,10.45,639.0,1,0,0.531,OWN,debt_consolidation,1
APP100822,27,309000.0,2.3,211000.0,24,7.51,746.0,2,1,0.341,RENT,personal,0
APP100823,50,541000.0,7.5,295000.0,36,10.72,592.0,2,1,0.182,RENT,personal,1
APP100824,49,703000.0,5.5,394000.0,36,10.67,737.0,0,0,0.187,MORTGAGE,home_improvement,0
APP100825,25,600000.0,7.7,627000.0,24,5.17,762.0,3,1,0.522,MORTGAGE,business,0
APP100826,51,635000.0,4.8,245000.0,12,6.42,717.0,2,0,0.386,RENT,debt_consolidation,0
APP100827,61,815000.0,15.0,317000.0,48,6.58,793.0,3,0,0.097,RENT,education,0
APP100828,59,688000.0,6.4,363000.0,60,8.19,752.0,1,0,0.106,RENT,business,1
APP100829,22,522000.0,8.3,488000.0,36,9.1,660.0,0,0,0.312,RENT,debt_consolidation,0
APP100830,32,639000.0,7.5,878000.0,36,7.82,798.0,1,0,0.458,MORTGAGE,home_improvement,1
APP100831,31,583000.0,4.4,535000.0,84,6.29,696.0,0,0,0.131,OWN,personal,0
APP100832,41,572000.0,6.0,735000.0,60,11.13,671.0,1,1,0.257,RENT,home_improvement,0
APP100833,27,442000.0,3.1,680000.0,36,6.54,746.0,2,0,0.513,RENT,personal,1
APP100834,59,763000.0,14.3,933000.0,60,9.13,687.0,1,0,0.245,RENT,personal,1
APP100835,55,546000.0,6.9,591000.0,36,7.42,701.0,0,3,0.361,RENT,education,0
APP100836,57,504000.0,2.6,82000.0,36,7.36,739.0,1,0,0.054,RENT,medical,0
APP100837,29,652000.0,12.2,522000.0,48,8.98,808.0,3,0,0.2,RENT,home_improvement,0
APP100838,21,323000.0,4.5,174000.0,36,10.89,764.0,0,1,0.18,RENT,home_improvement,0
APP100839,61,848000.0,9.2,757000.0,60,8.17,718.0,1,0,0.179,RENT,business,0
APP100840,34,459000.0,1.1,702000.0,24,6.42,690.0,1,0,0.765,RENT,home_improvement,1
APP100841,50,801000.0,10.7,492000.0,36,10.76,673.0,0,1,0.205,RENT,debt_consolidation,0
APP100842,61,792000.0,6.7,303000.0,12,8.59,684.0,4,0,0.383,MORTGAGE,personal,0
APP100843,22,537000.0,2.4,724000.0,48,7.87,630.0,5,0,0.337,OWN,debt_consolidation,1
APP100844,21,385000.0,6.7,611000.0,24,9.76,679.0,1,1,0.794,OWN,business,1
APP100845,21,598000.0,13.4,766000.0,36,8.21,659.0,2,0,0.427,RENT,education,0
APP100846,28,567000.0,3.2,199000.0,60,12.91,664.0,1,0,0.07,RENT,personal,0
APP100847,23,193000.0,3.1,183000.0,24,7.5,773.0,0,1,0.474,OWN,debt_consolidation,1
APP100848,57,899000.0,4.3,663000.0,12,10.03,646.0,1,0,0.737,RENT,business,0
APP100849,48,941000.0,5.3,1005000.0,36,8.47,634.0,2,0,0.356,RENT,business,1
APP100850,65,897000.0,9.6,1004000.0,36,8.47,634.0,1,2,0.373,MORTGAGE,personal,0
APP100851,57,797000.0,7.0,1052000.0,12,6.7,791.0,2,0,1.32,RENT,debt_consolidation,0
APP100852,64,774000.0,4.3,386000.0,36,6.71,631.0,2,1,0.166,MORTGAGE,medical,0
APP100853,31,462000.0,6.2,716000.0,24,8.59,697.0,2,0,0.775,RENT,personal,1
APP100854,33,609000.0,14.8,281000.0,24,5.59,728.0,1,1,0.231,OWN,personal,0
APP100855,59,843000.0,7.9,278000.0,60,6.23,719.0,2,1,0.066,OWN,debt_consolidation,0
APP100856,32,352000.0,4.7,476000.0,36,7.53,705.0,2,0,0.451,OWN,personal,0
APP100857,23,279000.0,4.2,229000.0,36,10.23,714.0,4,0,0.274,MORTGAGE,debt_consolidation,1
APP100858,51,567000.0,5.9,488000.0,24,7.68,776.0,1,0,0.43,OWN,personal,0
APP100859,57,804000.0,9.5,492000.0,84,7.64,659.0,1,0,0.087,RENT,home_improvement,0
APP100860,64,538000.0,2.8,117000.0,60,5.17,679.0,1,0,0.043,MORTGAGE,personal,0
APP100861,62,691000.0,8.6,298000.0,36,11.23,626.0,1,2,0.144,RENT,business,0
APP100862,26,445000.0,4.6,558000.0,48,9.94,672.0,1,1,0.313,OWN,personal,0
APP100863,55,489000.0,5.1,232000.0,36,10.18,780.0,2,0,0.158,MORTGAGE,debt_consolidation,0
APP100864,59,509000.0,22.6,809000.0,12,5.0,819.0,0,0,1.589,RENT,personal,1
APP100865,52,504000.0,8.0,650000.0,36,8.27,694.0,1,1,0.43,OWN,home_improvement,1
APP100866,57,671000.0,3.3,926000.0,36,5.44,715.0,0,2,0.46,RENT,debt_consolidation,1
APP100867,58,751000.0,6.7,1064000.0,36,9.2,832.0,2,0,0.472,MORTGAGE,medical,1
APP100868,41,688000.0,9.8,820000.0,36,8.21,671.0,0,0,0.397,MORTGAGE,debt_consolidation,0
APP100869,22,571000.0,8.1,472000.0,48,8.64,682.0,2,0,0.207,MORTGAGE,business,1
APP100870,41,409000.0,0.6,605000.0,60,5.92,697.0,1,0,0.296,RENT,personal,1
APP100871,30,364000.0,5.0,280000.0,60,5.21,723.0,0,1,0.154,OWN,medical,1
APP100872,26,545000.0,6.9,157000.0,36,6.09,734.0,0,1,0.096,RENT,education,0
APP100873,26,452000.0,6.5,459000.0,48,8.18,657.0,2,0,0.254,MORTGAGE,home_improvement,0
APP100874,52,741000.0,3.6,225000.0,36,6.97,737.0,0,0,0.101,MORTGAGE,debt_consolidation,0
APP100875,43,664000.0,8.2,731000.0,36,8.06,783.0,0,0,0.367,MORTGAGE,personal,0
APP100876,45,842000.0,10.8,1344000.0,48,5.25,637.0,1,1,0.399,OWN,personal,0
APP100877,54,517000.0,1.1,584000.0,24,7.49,721.0,1,0,0.565,RENT,personal,1
APP100878,45,692000.0,1.0,315000.0,60,10.57,642.0,2,1,0.091,RENT,home_improvement,1
APP100879,49,930000.0,6.7,325000.0,36,8.23,645.0,1,0,0.116,MORTGAGE,business,0
APP100880,24,506000.0,8.7,337000.0,24,8.37,782.0,1,0,0.333,RENT,personal,1
APP100881,59,717000.0,3.2,259000.0,24,8.39,734.0,2,0,0.181,RENT,business,1
APP100882,41,364000.0,0.6,355000.0,60,6.37,672.0,0,0,0.195,RENT,medical,0
APP100883,27,606000.0,5.0,779000.0,24,11.09,762.0,2,0,0.643,RENT,home_improvement,0
APP100884,57,841000.0,6.6,929000.0,48,8.29,832.0,2,0,0.276,RENT,debt_consolidation,0
APP100885,54,548000.0,4.0,573000.0,36,7.89,679.0,3,1,0.349,RENT,personal,1
APP100886,23,596000.0,,466000.0,48,9.01,655.0,1,0,0.195,RENT,home_improvement,1
APP100887,29,542000.0,6.3,217000.0,48,9.57,707.0,1,0,0.1,MORTGAGE,business,0
APP100888,21,469000.0,2.9,504000.0,84,5.0,610.0,1,0,0.154,MORTGAGE,medical,1
APP100889,33,607000.0,3.1,460000.0,36,7.62,702.0,2,0,0.253,RENT,education,0
APP100890,25,539000.0,5.1,320000.0,36,12.42,700.0,1,0,0.198,OWN,debt_consolidation,0
APP100891,52,587000.0,3.8,649000.0,24,11.14,753.0,2,0,0.553,RENT,personal,0
APP100892,44,651000.0,1.0,455000.0,36,7.27,680.0,1,0,0.233,RENT,home_improvement,1
APP100893,65,879000.0,6.0,346000.0,60,9.1,763.0,2,0,0.079,MORTGAGE,debt_consolidation,0
APP100894,54,529000.0,3.2,450000.0,24,6.78,673.0,1,0,0.425,MORTGAGE,debt_consolidation,0
APP100895,48,582000.0,3.7,331000.0,84,8.28,675.0,2,1,0.081,RENT,home_improvement,0
APP100896,43,268000.0,2.1,325000.0,12,6.49,610.0,1,1,1.213,MORTGAGE,medical,1
APP100897,23,639000.0,13.6,139000.0,60,6.45,651.0,1,1,0.044,RENT,personal,0
APP100898,24,670000.0,7.7,929000.0,48,6.2,733.0,2,1,0.347,RENT,home_improvement,1
APP100899,48,689000.0,15.8,564000.0,60,11.2,773.0,1,1,0.164,RENT,home_improvement,0
APP100900,21,444000.0,4.0,77000.0,36,6.44,646.0,2,1,0.058,OWN,education,1
APP100901,22,445000.0,8.0,153000.0,48,10.01,728.0,1,1,0.086,RENT,medical,1
APP100902,30,444000.0,6.0,675000.0,12,6.55,747.0,0,1,1.52,RENT,personal,1
APP100903,60,681000.0,3.0,632000.0,36,6.3,611.0,0,2,0.309,RENT,personal,0
APP100904,41,426000.0,4.0,539000.0,60,8.36,744.0,1,0,0.253,RENT,home_improvement,0
APP100905,52,619000.0,7.7,885000.0,24,5.0,671.0,1,2,0.715,OWN,personal,1
APP100906,39,374000.0,2.1,230000.0,60,8.96,697.0,2,1,0.123,OWN,business,1
APP100907,28,626000.0,10.0,590000.0,36,7.2,724.0,1,0,0.314,OWN,education,0
APP100908,37,576000.0,5.7,630000.0,36,6.29,587.0,3,0,0.365,MORTGAGE,medical,1
APP100909,25,446000.0,9.2,611000.0,48,5.82,711.0,1,1,0.342,RENT,business,1
APP100910,55,665000.0,6.6,505000.0,12,11.84,706.0,2,0,0.759,OWN,home_improvement,0
APP100911,29,404000.0,1.1,618000.0,48,7.42,676.0,0,1,0.382,OWN,education,1
APP100912,37,704000.0,5.0,725000.0,60,7.33,612.0,0,1,0.206,OWN,personal,0
APP100913,65,696000.0,10.2,986000.0,12,9.42,731.0,4,1,1.417,MORTGAGE,education,1
APP100914,47,694000.0,5.6,188000.0,24,5.65,733.0,0,0,0.135,RENT,home_improvement,0
APP100915,41,451000.0,5.1,371000.0,12,10.0,610.0,1,0,0.823,MORTGAGE,personal,1
APP100916,45,709000.0,5.6,291000.0,36,7.42,806.0,0,0,0.137,RENT,personal,0
APP100917,56,752000.0,0.9,1107000.0,48,5.0,736.0,1,0,0.368,RENT,personal,0
APP100918,32,735000.0,10.9,361000.0,60,6.33,755.0,1,1,0.098,RENT,debt_consolidation,1
APP100919,49,769000.0,0.4,910000.0,36,5.09,677.0,3,0,0.394,RENT,personal,0
APP100920,60,803000.0,12.4,194000.0,24,7.68,642.0,2,3,0.121,OWN,home_improvement,0
APP100921,46,757000.0,3.8,334000.0,12,5.75,768.0,2,0,0.441,OWN,debt_consolidation,1
APP100922,41,824000.0,7.0,506000.0,36,5.51,730.0,0,1,0.205,RENT,medical,0
APP100923,27,253000.0,0.8,325000.0,36,8.14,714.0,0,0,0.428,RENT,education,1
APP100924,32,455000.0,8.6,234000.0,60,7.6,656.0,2,1,0.103,RENT,business,0
APP100925,63,495000.0,7.6,661000.0,24,10.16,538.0,0,2,0.668,MORTGAGE,debt_consolidation,1
APP100926,45,767000.0,7.3,992000.0,60,10.06,730.0,3,1,0.259,MORTGAGE,personal,1
APP100927,34,236000.0,0.7,375000.0,36,7.64,764.0,1,0,0.53,RENT,home_improvement,0
APP100928,39,249000.0,2.7,282000.0,60,8.6,757.0,1,0,0.227,MORTGAGE,education,0
APP100929,47,448000.0,6.7,481000.0,60,5.0,787.0,1,0,0.215,RENT,education,0
APP100930,45,388000.0,10.7,397000.0,60,9.03,663.0,3,0,0.205,OWN,personal,0
APP100931,52,630000.0,2.3,195000.0,36,8.4,697.0,1,0,0.103,MORTGAGE,business,0
APP100932,32,308000.0,2.4,275000.0,36,9.6,690.0,1,0,0.298,RENT,personal,0
APP100933,50,373000.0,6.4,516000.0,24,6.83,570.0,3,1,0.692,RENT,home_improvement,1
APP100934,40,741000.0,21.4,134000.0,24,6.85,693.0,1,1,0.09,MORTGAGE,debt_consolidation,0
APP100935,63,667000.0,3.0,223000.0,48,6.86,670.0,1,2,0.084,MORTGAGE,education,0
APP100936,28,183000.0,3.8,187000.0,84,10.66,757.0,0,1,0.146,RENT,medical,0
APP100937,27,345000.0,3.3,475000.0,48,8.12,755.0,0,0,0.344,RENT,medical,0
APP100938,41,540000.0,4.6,322000.0,36,5.0,630.0,1,2,0.199,MORTGAGE,home_improvement,0
APP100939,43,590000.0,11.3,834000.0,24,8.92,666.0,5,3,0.707,RENT,debt_consolidation,1
APP100940,52,570000.0,4.8,364000.0,48,6.48,709.0,1,1,0.16,RENT,education,0
APP100941,39,933000.0,22.7,770000.0,24,9.89,667.0,1,0,0.413,RENT,home_improvement,1
APP100942,62,1010000.0,5.5,1547000.0,12,8.69,725.0,2,0,1.532,RENT,personal,1
APP100943,42,599000.0,12.0,453000.0,12,10.23,761.0,0,1,0.756,OWN,business,1
APP100944,26,256000.0,,261000.0,60,9.79,741.0,2,0,0.204,RENT,medical,1
APP100945,26,391000.0,1.7,589000.0,36,9.56,624.0,1,1,0.502,RENT,personal,1
APP100946,64,721000.0,4.8,385000.0,84,10.0,680.0,0,0,0.076,MORTGAGE,debt_consolidation,0
APP100947,27,493000.0,7.4,140000.0,36,9.29,795.0,0,2,0.095,MORTGAGE,medical,0
APP100948,63,752000.0,2.7,1157000.0,48,5.97,678.0,0,0,0.385,RENT,debt_consolidation,1
APP100949,33,909000.0,10.8,874000.0,60,5.0,738.0,1,0,0.192,MORTGAGE,medical,0
APP100950,25,185000.0,3.5,287000.0,60,5.67,590.0,0,0,0.31,OWN,education,0
APP100951,34,403000.0,2.1,567000.0,24,9.11,798.0,0,0,0.703,RENT,medical,0
APP100952,48,1009000.0,20.0,1021000.0,24,5.0,806.0,0,0,0.506,MORTGAGE,education,0
APP100953,40,443000.0,2.6,369000.0,24,7.47,795.0,3,0,0.416,RENT,personal,0
APP100954,56,745000.0,,631000.0,36,6.92,643.0,0,1,0.282,RENT,business,0
APP100955,48,731000.0,8.2,286000.0,24,10.19,797.0,1,0,0.196,RENT,personal,0
APP100956,39,716000.0,3.9,578000.0,48,7.24,627.0,2,1,0.202,MORTGAGE,personal,0
APP100957,49,856000.0,2.1,1148000.0,36,6.69,803.0,1,0,0.447,MORTGAGE,medical,0
APP100958,64,721000.0,3.1,1142000.0,84,10.4,587.0,1,0,0.226,MORTGAGE,home_improvement,0
APP100959,39,420000.0,16.5,648000.0,60,7.3,784.0,0,1,0.309,OWN,debt_consolidation,0
APP100960,27,398000.0,7.6,615000.0,48,6.94,702.0,1,1,0.386,RENT,personal,1
APP100961,39,915000.0,8.6,162000.0,48,6.42,777.0,0,0,0.044,OWN,business,0
APP100962,58,459000.0,6.1,412000.0,12,8.13,728.0,1,1,0.898,RENT,debt_consolidation,1
APP100963,30,587000.0,6.9,258000.0,12,6.77,761.0,0,0,0.44,MORTGAGE,personal,0
APP100964,63,295000.0,3.7,307000.0,36,6.78,826.0,1,1,0.347,MORTGAGE,education,0
APP100965,47,397000.0,5.6,604000.0,60,10.69,789.0,2,1,0.304,RENT,personal,0
APP100966,48,679000.0,0.7,965000.0,12,7.61,756.0,0,0,1.421,MORTGAGE,business,1
APP100967,35,582000.0,9.7,819000.0,36,6.51,754.0,0,0,0.469,RENT,debt_consolidation,0
APP100968,62,609000.0,3.6,414000.0,60,5.31,767.0,5,0,0.136,RENT,home_improvement,1
APP100969,22,281000.0,1.8,246000.0,36,7.94,766.0,2,1,0.292,RENT,debt_consolidation,0
APP100970,34,224000.0,5.8,125000.0,60,6.27,723.0,2,0,0.112,MORTGAGE,home_improvement,0
APP100971,39,641000.0,,611000.0,60,6.69,698.0,1,1,0.191,OWN,business,0
APP100972,42,574000.0,9.5,339000.0,12,5.63,661.0,0,1,0.591,OWN,education,0
APP100973,42,333000.0,4.9,440000.0,48,7.93,741.0,1,0,0.33,RENT,home_improvement,1
APP100974,27,454000.0,3.1,374000.0,24,5.0,742.0,0,0,0.412,MORTGAGE,personal,0
APP100975,31,583000.0,5.0,680000.0,36,8.41,,0,1,0.389,OWN,personal,1
APP100976,25,525000.0,12.9,743000.0,60,6.3,849.0,0,0,0.283,RENT,home_improvement,0
APP100977,46,660000.0,9.7,386000.0,12,9.08,793.0,2,0,0.585,OWN,debt_consolidation,0
APP100978,36,562000.0,7.5,591000.0,60,8.57,787.0,1,0,0.21,RENT,home_improvement,1
APP100979,46,540000.0,10.0,743000.0,84,7.73,713.0,2,0,0.197,RENT,personal,0
APP100980,47,636000.0,8.0,972000.0,48,9.36,661.0,0,2,0.382,RENT,debt_consolidation,1
APP100981,52,701000.0,2.4,271000.0,36,10.93,760.0,1,0,0.129,RENT,business,0
APP100982,45,780000.0,8.7,888000.0,24,10.29,727.0,2,1,0.569,MORTGAGE,personal,1
APP100983,50,798000.0,10.8,623000.0,36,5.0,756.0,3,0,0.26,RENT,business,0
APP100984,47,565000.0,11.2,319000.0,24,6.17,692.0,0,0,0.282,RENT,personal,0
APP100985,50,669000.0,2.0,253000.0,12,6.44,,1,0,0.378,RENT,personal,0
APP100986,48,649000.0,3.4,648000.0,12,8.9,692.0,1,0,0.998,RENT,home_improvement,1
APP100987,35,390000.0,3.0,247000.0,48,6.35,759.0,1,0,0.158,RENT,debt_consolidation,0
APP100988,32,420000.0,4.0,470000.0,12,6.26,722.0,1,0,1.119,OWN,education,0
APP100989,56,772000.0,7.0,430000.0,36,5.88,784.0,1,1,0.186,OWN,personal,1
APP100990,36,741000.0,5.7,112000.0,48,8.16,669.0,1,0,0.038,RENT,personal,0
APP100991,45,317000.0,5.7,400000.0,24,8.9,670.0,1,0,0.631,MORTGAGE,business,1
APP100992,29,688000.0,,264000.0,36,5.0,713.0,0,0,0.128,RENT,personal,0
APP100993,40,704000.0,3.3,363000.0,12,6.37,680.0,2,0,0.516,RENT,home_improvement,0
APP100994,44,685000.0,11.8,337000.0,24,5.0,673.0,3,0,0.246,RENT,business,0
APP100995,49,637000.0,10.8,412000.0,24,5.0,729.0,2,0,0.323,MORTGAGE,home_improvement,0
APP100996,44,630000.0,4.8,538000.0,24,8.57,700.0,1,1,0.427,RENT,education,1
APP100997,37,480000.0,8.7,637000.0,36,8.19,669.0,0,0,0.442,MORTGAGE,personal,0
APP100998,64,687000.0,6.6,751000.0,24,7.88,692.0,1,0,0.547,RENT,debt_consolidation,1
APP100999,44,404000.0,9.3,146000.0,36,10.99,770.0,1,0,0.12,OWN,debt_consolidation,0
APP101000,57,438000.0,8.9,182000.0,48,5.0,715.0,1,0,0.104,RENT,business,0
APP101001,54,985000.0,5.1,1358000.0,48,5.0,649.0,1,1,0.345,MORTGAGE,personal,0
APP101002,46,627000.0,7.6,321000.0,36,5.03,716.0,0,0,0.171,OWN,debt_consolidation,0
APP101003,60,723000.0,6.9,338000.0,60,5.0,639.0,0,1,0.093,RENT,education,0
APP101004,26,464000.0,5.2,72000.0,60,6.15,820.0,1,0,0.031,RENT,debt_consolidation,0
APP101005,62,551000.0,4.4,701000.0,48,8.78,722.0,0,2,0.318,OWN,personal,0
APP101006,59,738000.0,15.0,901000.0,36,8.15,857.0,0,1,0.407,RENT,education,0
APP101007,43,584000.0,5.2,382000.0,12,9.76,699.0,1,1,0.654,RENT,education,1
APP101008,54,644000.0,8.3,103000.0,36,8.32,708.0,1,0,0.053,RENT,medical,0
APP101009,44,573000.0,14.3,739000.0,36,6.61,664.0,1,1,0.43,OWN,debt_consolidation,0
APP101010,33,611000.0,7.6,180000.0,84,6.34,723.0,1,1,0.042,RENT,debt_consolidation,0
APP101011,56,702000.0,7.3,574000.0,84,8.46,673.0,1,1,0.117,RENT,personal,0
APP101012,32,563000.0,5.2,770000.0,24,5.0,641.0,1,1,0.684,OWN,debt_consolidation,1
APP101013,35,650000.0,7.0,328000.0,84,5.0,798.0,1,0,0.072,RENT,education,0
APP101014,44,538000.0,4.1,377000.0,48,8.36,730.0,0,0,0.175,OWN,business,0
APP101015,58,868000.0,24.6,962000.0,48,8.02,747.0,1,1,0.277,RENT,personal,0
APP101016,38,718000.0,1.5,809000.0,60,10.95,735.0,0,0,0.225,OWN,personal,0
APP101017,43,422000.0,4.6,346000.0,36,9.03,715.0,1,1,0.273,OWN,medical,0
APP101018,22,193000.0,7.7,150000.0,36,8.18,621.0,2,0,0.259,MORTGAGE,home_improvement,0
APP101019,26,577000.0,7.3,438000.0,60,6.81,634.0,1,1,0.152,OWN,debt_consolidation,0
APP101020,23,343000.0,4.1,293000.0,24,5.72,793.0,1,1,0.427,RENT,debt_consolidation,0
APP101021,24,244000.0,1.0,159000.0,48,6.88,691.0,0,1,0.163,MORTGAGE,debt_consolidation,0
APP101022,60,764000.0,1.8,399000.0,60,9.6,737.0,1,0,0.104,MORTGAGE,debt_consolidation,1
APP101023,58,648000.0,6.0,394000.0,60,8.52,739.0,1,1,0.122,MORTGAGE,personal,0
APP101024,57,411000.0,0.7,346000.0,24,9.56,683.0,2,0,0.421,RENT,medical,1
APP101025,23,774000.0,8.0,545000.0,48,7.73,668.0,1,0,0.176,OWN,home_improvement,0
APP101026,24,289000.0,11.4,289000.0,12,5.52,650.0,2,0,1.0,MORTGAGE,business,1
APP101027,33,543000.0,9.0,578000.0,60,10.05,674.0,1,0,0.213,MORTGAGE,personal,0
APP101028,46,366000.0,10.3,584000.0,36,9.85,685.0,2,0,0.532,RENT,personal,0
APP101029,36,516000.0,0.8,538000.0,48,7.91,652.0,0,1,0.261,MORTGAGE,business,0
APP101030,42,456000.0,4.2,554000.0,60,8.72,584.0,2,2,0.243,OWN,debt_consolidation,0
APP101031,28,567000.0,2.2,166000.0,36,8.6,738.0,1,1,0.098,RENT,personal,0
APP101032,53,580000.0,1.2,727000.0,36,6.47,794.0,1,0,0.418,MORTGAGE,personal,0
APP101033,35,706000.0,3.6,627000.0,36,6.93,620.0,0,2,0.296,RENT,debt_consolidation,0
APP101034,23,493000.0,14.1,693000.0,48,5.5,626.0,0,1,0.351,RENT,personal,0
APP101035,54,533000.0,16.6,830000.0,48,6.92,682.0,2,2,0.389,MORTGAGE,personal,1
APP101036,61,682000.0,2.5,330000.0,60,9.77,790.0,2,0,0.097,MORTGAGE,medical,0
APP101037,21,404000.0,5.5,605000.0,12,9.35,640.0,2,0,1.498,RENT,home_improvement,1
APP101038,40,300000.0,6.9,337000.0,36,8.73,616.0,2,1,0.374,MORTGAGE,debt_consolidation,1
APP101039,58,491000.0,4.3,600000.0,36,9.61,524.0,2,2,0.407,RENT,education,1
APP101040,52,594000.0,11.9,496000.0,12,6.7,721.0,1,1,0.835,OWN,personal,1
APP101041,59,881000.0,3.6,585000.0,48,5.0,607.0,1,2,0.166,RENT,education,1
APP101042,39,627000.0,3.1,821000.0,36,7.15,729.0,2,1,0.436,OWN,business,0
APP101043,37,451000.0,,82000.0,12,7.33,737.0,0,1,0.182,RENT,personal,0
APP101044,52,683000.0,4.2,638000.0,48,8.99,811.0,0,0,0.234,MORTGAGE,business,0
APP101045,27,120000.0,0.2,50000.0,36,8.63,754.0,3,0,0.139,OWN,personal,0
APP101046,31,404000.0,4.4,210000.0,48,9.72,633.0,1,0,0.13,MORTGAGE,debt_consolidation,1
APP101047,48,667000.0,5.7,801000.0,24,5.0,670.0,2,1,0.6,MORTGAGE,personal,0
APP101048,51,653000.0,6.0,813000.0,12,5.74,777.0,2,0,1.245,MORTGAGE,home_improvement,1
APP101049,26,350000.0,2.1,504000.0,12,7.3,640.0,1,0,1.44,MORTGAGE,home_improvement,1
APP101050,43,573000.0,5.9,680000.0,36,8.55,637.0,2,2,0.396,RENT,business,1
APP101051,37,592000.0,5.8,668000.0,48,12.11,708.0,3,0,0.282,MORTGAGE,personal,0
APP101052,43,577000.0,,877000.0,48,5.35,701.0,0,1,0.38,RENT,medical,0
APP101053,64,872000.0,9.1,810000.0,12,5.94,708.0,2,1,0.929,MORTGAGE,home_improvement,1
APP101054,24,466000.0,2.0,512000.0,48,6.57,650.0,1,1,0.275,MORTGAGE,education,0
APP101055,65,768000.0,4.3,1082000.0,36,5.86,668.0,1,0,0.47,RENT,medical,0
APP101056,41,765000.0,1.0,962000.0,60,5.55,747.0,0,0,0.252,MORTGAGE,business,1
APP101057,55,807000.0,8.6,1022000.0,24,7.6,709.0,2,0,0.633,OWN,business,0
APP101058,40,779000.0,2.3,723000.0,48,9.66,786.0,3,1,0.232,RENT,debt_consolidation,0
APP101059,34,474000.0,10.1,434000.0,48,7.76,651.0,0,1,0.229,RENT,debt_consolidation,1
APP101060,55,466000.0,10.4,508000.0,48,5.61,701.0,1,1,0.273,OWN,personal,1
APP101061,51,590000.0,4.6,688000.0,36,7.07,647.0,1,0,0.389,OWN,home_improvement,1
APP101062,27,432000.0,4.5,407000.0,12,5.22,749.0,0,0,0.942,MORTGAGE,home_improvement,1
APP101063,52,798000.0,1.4,334000.0,24,9.66,711.0,0,0,0.209,RENT,debt_consolidation,0
APP101064,54,469000.0,5.4,239000.0,60,10.74,723.0,1,1,0.102,OWN,education,1
APP101065,38,575000.0,9.1,497000.0,48,5.0,653.0,2,1,0.216,RENT,debt_consolidation,0
APP101066,62,761000.0,6.5,339000.0,36,8.0,586.0,2,1,0.148,RENT,personal,1
APP101067,49,714000.0,12.9,546000.0,36,5.79,788.0,0,1,0.255,OWN,medical,0
APP101068,36,487000.0,3.9,177000.0,12,7.64,768.0,1,0,0.363,MORTGAGE,medical,0
APP101069,21,477000.0,3.9,173000.0,36,7.31,771.0,1,0,0.121,RENT,personal,0
APP101070,51,748000.0,2.5,1027000.0,48,5.0,747.0,3,0,0.343,MORTGAGE,education,1
APP101071,30,884000.0,18.6,828000.0,24,10.16,763.0,0,0,0.468,RENT,education,0
APP101072,55,602000.0,1.4,772000.0,60,7.17,756.0,0,0,0.256,RENT,debt_consolidation,0
APP101073,44,496000.0,8.7,83000.0,12,6.47,614.0,2,2,0.167,OWN,business,0
APP101074,42,843000.0,,476000.0,48,7.76,706.0,1,0,0.141,RENT,personal,0
APP101075,28,364000.0,9.0,64000.0,36,5.58,782.0,2,0,0.059,MORTGAGE,medical,0
APP101076,53,869000.0,2.7,135000.0,60,7.1,791.0,2,1,0.031,OWN,personal,0
APP101077,28,675000.0,4.6,133000.0,60,5.0,738.0,1,0,0.039,RENT,personal,1
APP101078,39,801000.0,7.8,726000.0,36,5.0,554.0,0,0,0.302,MORTGAGE,medical,1
APP101079,58,739000.0,3.2,208000.0,36,5.37,746.0,0,0,0.094,RENT,education,0
APP101080,62,354000.0,4.1,463000.0,84,6.33,806.0,0,0,0.187,MORTGAGE,medical,0
APP101081,65,523000.0,3.2,470000.0,48,5.0,701.0,1,0,0.225,MORTGAGE,medical,0
APP101082,64,747000.0,5.6,378000.0,12,6.41,648.0,0,1,0.506,OWN,personal,1
APP101083,46,489000.0,5.4,668000.0,60,6.33,784.0,0,0,0.273,RENT,personal,0
APP101084,30,556000.0,14.4,494000.0,36,7.36,702.0,3,0,0.296,RENT,business,0
APP101085,58,785000.0,7.9,517000.0,24,8.85,698.0,2,0,0.329,MORTGAGE,business,0
APP101086,57,587000.0,1.7,571000.0,60,11.27,614.0,2,0,0.195,OWN,personal,0
APP101087,65,480000.0,1.9,540000.0,84,8.44,624.0,1,0,0.161,OWN,personal,1
APP101088,50,788000.0,8.8,757000.0,12,5.33,747.0,1,1,0.961,OWN,home_improvement,0
APP101089,27,553000.0,5.3,831000.0,36,8.97,617.0,2,1,0.501,MORTGAGE,home_improvement,1
APP101090,43,685000.0,17.9,454000.0,24,10.58,844.0,1,0,0.331,RENT,business,0
APP101091,41,817000.0,17.9,608000.0,60,5.04,865.0,0,0,0.149,OWN,business,0
APP101092,58,642000.0,2.5,896000.0,60,5.16,650.0,2,0,0.279,MORTGAGE,personal,1
APP101093,38,756000.0,6.5,812000.0,60,5.0,686.0,1,0,0.215,MORTGAGE,debt_consolidation,0
APP101094,35,505000.0,1.9,783000.0,12,6.26,727.0,4,0,1.55,MORTGAGE,education,1
APP101095,24,697000.0,8.7,905000.0,12,8.32,803.0,2,0,1.298,OWN,personal,1
APP101096,58,507000.0,15.8,453000.0,36,10.76,724.0,1,1,0.298,RENT,medical,0
APP101097,54,714000.0,5.9,764000.0,24,9.46,631.0,1,2,0.535,RENT,personal,1
APP101098,22,368000.0,3.8,272000.0,24,8.35,697.0,1,0,0.37,OWN,personal,0
APP101099,40,445000.0,7.0,149000.0,24,7.6,703.0,1,1,0.167,MORTGAGE,medical,0
APP101100,42,795000.0,9.9,589000.0,48,8.36,,0,0,0.185,OWN,personal,0
APP101101,42,754000.0,9.9,421000.0,48,8.49,807.0,0,0,0.14,MORTGAGE,personal,0
APP101102,62,367000.0,3.8,416000.0,60,10.37,652.0,1,1,0.227,RENT,medical,0
APP101103,27,557000.0,3.1,624000.0,12,7.45,714.0,1,1,1.12,OWN,home_improvement,1
APP101104,34,619000.0,6.3,934000.0,60,8.08,729.0,2,1,0.302,OWN,medical,0
APP101105,29,365000.0,4.1,97000.0,36,6.6,711.0,2,0,0.089,MORTGAGE,debt_consolidation,1
APP101106,31,454000.0,11.9,376000.0,36,7.75,731.0,0,0,0.276,RENT,personal,0
APP101107,61,425000.0,4.0,309000.0,48,6.94,709.0,2,0,0.182,RENT,business,1
APP101108,63,645000.0,5.6,590000.0,60,5.0,646.0,1,1,0.183,OWN,medical,0
APP101109,23,444000.0,6.9,144000.0,24,9.42,711.0,1,2,0.162,MORTGAGE,personal,1
APP101110,49,680000.0,1.4,587000.0,60,10.77,679.0,1,1,0.173,RENT,personal,1
APP101111,31,517000.0,3.4,570000.0,36,7.42,713.0,0,0,0.368,OWN,personal,1
APP101112,29,474000.0,17.4,287000.0,48,8.23,695.0,0,0,0.151,RENT,home_improvement,1
APP101113,34,605000.0,9.6,661000.0,60,9.4,846.0,0,0,0.219,MORTGAGE,business,0
APP101114,29,434000.0,4.0,232000.0,48,7.18,766.0,1,0,0.134,RENT,business,0
APP101115,43,472000.0,8.7,324000.0,48,7.92,620.0,1,1,0.172,RENT,personal,1
APP101116,65,543000.0,11.8,796000.0,36,7.02,710.0,1,2,0.489,RENT,business,0
APP101117,47,680000.0,4.5,127000.0,36,6.29,649.0,2,1,0.062,RENT,education,1
APP101118,53,747000.0,9.3,408000.0,60,8.65,652.0,1,1,0.109,MORTGAGE,debt_consolidation,0
APP101119,43,692000.0,8.4,1043000.0,84,8.63,,0,0,0.215,OWN,personal,0
APP101120,21,290000.0,1.9,105000.0,48,9.53,669.0,3,2,0.091,OWN,debt_consolidation,1
APP101121,24,474000.0,4.5,344000.0,60,7.49,675.0,2,1,0.145,RENT,debt_consolidation,1
APP101122,33,418000.0,14.7,338000.0,48,5.0,747.0,0,0,0.202,RENT,debt_consolidation,0
APP101123,31,493000.0,17.1,540000.0,60,9.94,733.0,1,1,0.219,RENT,debt_consolidation,0
APP101124,58,719000.0,9.7,746000.0,24,5.88,754.0,1,1,0.519,RENT,education,0
APP101125,58,677000.0,3.3,717000.0,36,5.85,817.0,1,1,0.353,RENT,debt_consolidation,1
APP101126,59,366000.0,0.5,554000.0,36,6.33,707.0,0,0,0.505,OWN,personal,0
APP101127,49,420000.0,2.9,302000.0,36,5.0,674.0,0,1,0.24,OWN,education,0
APP101128,46,492000.0,1.7,423000.0,48,7.02,720.0,1,0,0.215,RENT,debt_consolidation,1
APP101129,50,879000.0,15.4,1360000.0,84,8.86,744.0,2,1,0.221,MORTGAGE,personal,0
APP101130,39,373000.0,0.9,125000.0,60,6.55,736.0,2,1,0.067,OWN,education,0
APP101131,51,601000.0,2.0,916000.0,60,10.44,623.0,2,1,0.305,RENT,home_improvement,0
APP101132,56,697000.0,6.2,1063000.0,60,10.31,838.0,0,1,0.305,RENT,home_improvement,0
APP101133,55,606000.0,5.3,929000.0,60,9.46,666.0,0,0,0.307,OWN,education,0
APP101134,48,749000.0,14.2,185000.0,48,5.0,797.0,0,0,0.062,MORTGAGE,debt_consolidation,0
APP101135,23,283000.0,8.1,279000.0,24,10.65,769.0,1,0,0.493,MORTGAGE,business,1
APP101136,53,526000.0,4.7,718000.0,60,6.98,560.0,4,2,0.273,RENT,business,1
APP101137,37,832000.0,12.1,503000.0,24,11.19,759.0,0,0,0.302,RENT,debt_consolidation,1
APP101138,54,847000.0,3.9,852000.0,48,6.17,623.0,1,0,0.251,MORTGAGE,medical,1
APP101139,45,826000.0,15.0,431000.0,24,7.19,695.0,1,0,0.261,RENT,personal,0
APP101140,60,806000.0,2.6,272000.0,36,7.7,713.0,1,0,0.112,OWN,debt_consolidation,0
APP101141,36,253000.0,5.1,351000.0,36,5.45,692.0,2,1,0.462,MORTGAGE,business,1
APP101142,62,487000.0,0.6,766000.0,48,5.0,772.0,2,0,0.393,RENT,debt_consolidation,1
APP101143,59,677000.0,10.0,170000.0,60,5.0,656.0,2,1,0.05,RENT,business,1
APP101144,35,893000.0,5.9,291000.0,12,14.0,724.0,0,1,0.326,MORTGAGE,personal,0
APP101145,42,635000.0,15.0,637000.0,24,5.0,727.0,2,2,0.502,OWN,education,1
APP101146,44,679000.0,4.4,187000.0,60,5.0,642.0,0,3,0.055,RENT,home_improvement,0
APP101147,55,654000.0,1.4,697000.0,24,8.76,714.0,1,0,0.533,MORTGAGE,education,1
APP101148,52,704000.0,7.4,840000.0,48,5.0,655.0,0,0,0.298,OWN,debt_consolidation,1
APP101149,59,641000.0,3.4,482000.0,60,5.0,601.0,1,1,0.15,RENT,debt_consolidation,1
APP101150,37,401000.0,9.1,500000.0,48,5.0,646.0,2,1,0.312,RENT,medical,0
APP101151,43,134000.0,2.6,50000.0,12,8.14,774.0,0,1,0.373,MORTGAGE,debt_consolidation,1
APP101152,40,842000.0,13.3,494000.0,48,5.15,823.0,0,0,0.147,MORTGAGE,personal,0
APP101153,61,591000.0,5.6,781000.0,84,8.92,754.0,2,1,0.189,RENT,medical,0
APP101154,34,232000.0,4.8,65000.0,36,7.33,685.0,1,2,0.093,RENT,home_improvement,1
APP101155,47,750000.0,12.7,423000.0,48,7.69,774.0,0,0,0.141,RENT,personal,0
APP101156,26,590000.0,10.1,620000.0,24,6.5,709.0,1,0,0.525,RENT,education,1
APP101157,59,754000.0,2.9,384000.0,84,6.89,659.0,2,1,0.073,RENT,education,0
APP101158,38,764000.0,9.9,647000.0,24,5.53,619.0,1,0,0.423,MORTGAGE,debt_consolidation,1
APP101159,36,431000.0,8.6,588000.0,36,5.74,712.0,1,1,0.455,RENT,medical,0
APP101160,47,461000.0,5.0,249000.0,24,5.09,738.0,2,0,0.27,RENT,education,0
APP101161,43,573000.0,9.4,448000.0,84,10.83,696.0,1,0,0.112,MORTGAGE,education,0
APP101162,59,886000.0,13.2,156000.0,36,6.63,760.0,1,1,0.059,RENT,education,0
APP101163,44,260000.0,5.1,306000.0,24,5.0,770.0,0,1,0.588,RENT,education,0
APP101164,44,594000.0,5.1,395000.0,24,8.07,612.0,0,2,0.332,OWN,education,0
APP101165,25,599000.0,4.9,837000.0,60,5.73,820.0,1,1,0.279,RENT,medical,0
APP101166,21,543000.0,2.8,151000.0,12,7.4,738.0,2,0,0.278,RENT,home_improvement,0
APP101167,38,644000.0,5.0,827000.0,48,6.91,787.0,0,1,0.321,RENT,personal,1
APP101168,65,855000.0,4.6,1137000.0,48,10.78,682.0,1,0,0.332,OWN,business,0
APP101169,62,263000.0,4.4,335000.0,60,6.66,781.0,0,1,0.255,RENT,home_improvement,1
APP101170,49,839000.0,4.4,1019000.0,48,9.3,765.0,0,0,0.304,MORTGAGE,personal,0
APP101171,49,618000.0,2.0,306000.0,60,9.06,652.0,0,2,0.099,RENT,home_improvement,0
APP101172,38,808000.0,10.8,609000.0,12,5.0,672.0,1,0,0.754,MORTGAGE,business,0
APP101173,28,281000.0,3.3,199000.0,36,7.91,691.0,4,0,0.236,MORTGAGE,education,0
APP101174,21,277000.0,13.7,138000.0,12,5.83,762.0,0,1,0.498,RENT,business,1
APP101175,36,763000.0,2.4,658000.0,36,5.0,729.0,0,0,0.287,MORTGAGE,debt_consolidation,0
APP101176,35,511000.0,15.8,593000.0,36,5.0,738.0,2,0,0.387,RENT,business,0
APP101177,29,425000.0,4.0,359000.0,48,9.31,692.0,1,0,0.211,RENT,debt_consolidation,1
APP101178,32,641000.0,10.0,1002000.0,60,13.31,658.0,1,0,0.313,RENT,home_improvement,1
APP101179,22,569000.0,5.9,670000.0,60,5.73,742.0,0,0,0.236,MORTGAGE,home_improvement,0
APP101180,48,720000.0,1.7,570000.0,36,7.97,626.0,2,1,0.264,RENT,personal,0
APP101181,62,677000.0,1.8,498000.0,48,8.18,767.0,1,0,0.184,RENT,debt_consolidation,0
APP101182,52,441000.0,3.1,439000.0,48,6.33,735.0,1,1,0.249,MORTGAGE,personal,0
APP101183,41,649000.0,3.9,504000.0,84,10.6,755.0,1,2,0.111,MORTGAGE,education,0
APP101184,39,655000.0,5.2,309000.0,12,12.33,701.0,1,0,0.472,MORTGAGE,home_improvement,1
APP101185,34,265000.0,6.9,240000.0,48,6.19,722.0,1,0,0.226,MORTGAGE,education,1
APP101186,27,681000.0,4.7,766000.0,36,11.32,620.0,0,1,0.375,RENT,medical,0
APP101187,47,238000.0,6.6,159000.0,36,6.3,694.0,1,0,0.223,RENT,education,1
APP101188,46,770000.0,7.4,432000.0,48,5.37,,1,1,0.14,RENT,debt_consolidation,0
APP101189,21,335000.0,4.5,156000.0,24,7.19,705.0,0,1,0.233,OWN,education,0
APP101190,39,692000.0,8.5,468000.0,12,9.41,679.0,1,1,0.676,MORTGAGE,personal,1
APP101191,33,642000.0,9.8,324000.0,60,7.27,677.0,0,1,0.101,MORTGAGE,personal,0
APP101192,28,502000.0,7.5,631000.0,12,9.12,720.0,0,1,1.257,OWN,personal,1
APP101193,52,723000.0,7.8,778000.0,36,8.0,719.0,0,0,0.359,MORTGAGE,debt_consolidation,0
APP101194,44,575000.0,6.2,325000.0,48,10.48,795.0,1,0,0.141,MORTGAGE,home_improvement,1
APP101195,49,789000.0,,1253000.0,48,8.67,692.0,1,2,0.397,RENT,business,0
APP101196,53,959000.0,5.3,1042000.0,48,10.87,701.0,0,0,0.272,OWN,home_improvement,0
APP101197,65,477000.0,3.2,170000.0,84,5.61,750.0,4,0,0.051,MORTGAGE,business,0
APP101198,57,179000.0,5.4,242000.0,36,7.05,638.0,1,1,0.451,RENT,debt_consolidation,0
APP101199,48,496000.0,1.7,616000.0,24,7.5,674.0,0,1,0.621,RENT,personal,1
APP101200,60,557000.0,1.6,487000.0,24,5.62,629.0,1,1,0.437,MORTGAGE,business,1
APP101201,42,563000.0,9.8,275000.0,36,5.28,699.0,3,0,0.163,MORTGAGE,debt_consolidation,1
APP101202,65,668000.0,13.9,886000.0,36,8.34,749.0,2,2,0.442,MORTGAGE,personal,1
APP101203,55,760000.0,4.1,251000.0,60,8.96,646.0,1,3,0.066,OWN,personal,0
APP101204,50,462000.0,9.9,349000.0,36,7.75,636.0,1,0,0.252,RENT,debt_consolidation,1
APP101205,61,693000.0,0.8,925000.0,36,9.83,701.0,0,0,0.445,RENT,personal,0
APP101206,44,700000.0,7.5,918000.0,60,5.07,704.0,2,1,0.262,RENT,debt_consolidation,1
APP101207,53,679000.0,5.3,722000.0,60,6.64,664.0,3,2,0.213,RENT,business,1
APP101208,33,706000.0,15.4,114000.0,48,5.0,741.0,0,0,0.04,RENT,business,0
APP101209,64,834000.0,4.8,528000.0,36,7.81,754.0,2,0,0.211,MORTGAGE,business,0
APP101210,49,578000.0,,802000.0,24,8.57,748.0,1,0,0.694,OWN,home_improvement,1
APP101211,56,550000.0,1.3,658000.0,36,10.45,705.0,1,0,0.399,RENT,home_improvement,0
APP101212,41,634000.0,5.4,840000.0,24,5.0,735.0,1,0,0.662,RENT,personal,0
APP101213,60,774000.0,6.2,187000.0,36,8.32,697.0,0,1,0.081,RENT,home_improvement,1
APP101214,24,581000.0,4.5,880000.0,60,10.66,723.0,1,0,0.303,RENT,home_improvement,1
APP101215,26,270000.0,10.1,130000.0,36,5.3,751.0,0,0,0.16,MORTGAGE,debt_consolidation,0
APP101216,43,635000.0,12.9,401000.0,12,5.0,737.0,1,2,0.631,RENT,debt_consolidation,0
APP101217,53,457000.0,4.1,626000.0,12,5.0,736.0,2,0,1.37,RENT,education,1
APP101218,57,688000.0,1.0,508000.0,60,8.87,722.0,0,0,0.148,MORTGAGE,business,0
APP101219,40,678000.0,6.6,734000.0,24,5.9,702.0,1,0,0.541,RENT,home_improvement,1
APP101220,50,648000.0,11.6,616000.0,36,8.55,752.0,0,1,0.317,RENT,education,0
APP101221,45,460000.0,4.1,647000.0,60,7.02,728.0,2,0,0.281,OWN,debt_consolidation,0
APP101222,64,817000.0,7.8,308000.0,24,11.46,730.0,0,0,0.188,MORTGAGE,business,0
APP101223,50,555000.0,2.1,162000.0,48,9.23,661.0,2,1,0.073,MORTGAGE,debt_consolidation,0
APP101224,39,776000.0,6.5,828000.0,12,5.73,719.0,2,0,1.067,OWN,business,1
APP101225,64,995000.0,7.9,1368000.0,48,6.84,681.0,2,0,0.344,RENT,personal,0
APP101226,25,629000.0,6.6,936000.0,12,9.23,561.0,1,3,1.488,RENT,home_improvement,1
APP101227,65,892000.0,18.1,651000.0,24,5.15,806.0,1,1,0.365,RENT,personal,0
APP101228,27,851000.0,13.8,1034000.0,24,10.1,771.0,1,2,0.608,MORTGAGE,home_improvement,1
APP101229,33,590000.0,8.8,423000.0,60,6.95,,1,0,0.143,MORTGAGE,personal,1
APP101230,57,651000.0,10.9,399000.0,36,9.28,762.0,1,0,0.204,MORTGAGE,personal,0
APP101231,54,551000.0,6.5,102000.0,60,7.07,675.0,2,1,0.037,OWN,home_improvement,0
APP101232,64,590000.0,5.1,302000.0,48,6.35,722.0,1,1,0.128,OWN,medical,0
APP101233,54,619000.0,3.8,246000.0,60,5.99,707.0,3,0,0.079,RENT,personal,0
APP101234,49,637000.0,2.0,344000.0,36,11.31,736.0,0,0,0.18,OWN,debt_consolidation,1
APP101235,36,424000.0,14.2,241000.0,36,6.85,695.0,0,0,0.189,MORTGAGE,business,1
APP101236,21,531000.0,18.5,741000.0,48,14.28,838.0,2,0,0.349,RENT,business,0
APP101237,26,504000.0,5.5,224000.0,36,7.83,662.0,1,0,0.148,MORTGAGE,education,0
APP101238,34,618000.0,5.6,827000.0,60,5.63,705.0,2,2,0.268,OWN,education,0
APP101239,22,475000.0,8.1,663000.0,60,5.0,693.0,0,0,0.279,RENT,personal,0
APP101240,43,602000.0,4.8,495000.0,12,10.21,614.0,1,0,0.822,RENT,personal,1
APP101241,55,422000.0,2.3,507000.0,60,7.07,769.0,1,0,0.24,MORTGAGE,business,0
APP101242,64,518000.0,1.7,317000.0,24,9.31,716.0,2,0,0.306,RENT,home_improvement,1
APP101243,43,716000.0,18.1,126000.0,48,12.61,674.0,1,0,0.044,OWN,business,0
APP101244,60,700000.0,1.1,825000.0,60,8.97,732.0,0,1,0.236,RENT,debt_consolidation,0
APP101245,65,756000.0,6.8,778000.0,24,8.24,650.0,1,2,0.515,OWN,home_improvement,0
APP101246,59,492000.0,1.3,403000.0,24,10.2,825.0,0,0,0.41,RENT,debt_consolidation,0
APP101247,41,521000.0,5.0,757000.0,48,9.27,589.0,1,2,0.363,OWN,personal,0
APP101248,35,736000.0,4.1,887000.0,36,5.0,686.0,1,0,0.402,RENT,personal,0
APP101249,65,740000.0,1.5,568000.0,36,10.43,724.0,2,1,0.256,RENT,personal,1
APP101250,31,511000.0,8.3,116000.0,60,7.4,706.0,1,0,0.045,MORTGAGE,home_improvement,0
APP101251,39,355000.0,2.1,504000.0,24,10.89,681.0,0,0,0.71,MORTGAGE,debt_consolidation,1
APP101252,24,303000.0,1.3,478000.0,12,8.62,710.0,3,0,1.578,MORTGAGE,personal,1
APP101253,56,695000.0,9.0,744000.0,84,10.12,772.0,0,1,0.153,OWN,debt_consolidation,0
APP101254,50,641000.0,4.1,810000.0,48,7.01,690.0,1,1,0.316,RENT,personal,0
APP101255,24,514000.0,2.9,454000.0,48,5.0,698.0,2,0,0.221,MORTGAGE,home_improvement,0
APP101256,30,601000.0,9.4,296000.0,36,8.74,690.0,1,0,0.164,MORTGAGE,personal,0
APP101257,45,488000.0,2.0,719000.0,84,9.65,683.0,2,0,0.21,RENT,education,0
APP101258,45,455000.0,1.0,522000.0,24,6.27,626.0,1,1,0.574,RENT,business,1
APP101259,57,1047000.0,12.3,990000.0,24,7.05,787.0,3,0,0.473,OWN,business,0
APP101260,32,557000.0,16.5,634000.0,36,5.0,794.0,0,0,0.379,RENT,education,0
APP101261,62,487000.0,4.9,435000.0,48,7.16,643.0,2,0,0.223,OWN,medical,1
APP101262,41,308000.0,4.8,72000.0,24,5.0,691.0,1,0,0.117,MORTGAGE,personal,0
APP101263,58,661000.0,9.7,732000.0,36,8.64,764.0,2,0,0.369,MORTGAGE,education,0
APP101264,31,715000.0,11.5,113000.0,36,8.24,725.0,0,2,0.053,RENT,education,1
APP101265,22,323000.0,2.3,152000.0,48,7.53,721.0,0,0,0.118,MORTGAGE,personal,0
APP101266,23,661000.0,4.3,249000.0,24,10.41,698.0,2,0,0.188,RENT,business,0
APP101267,37,548000.0,6.4,352000.0,48,8.03,734.0,0,0,0.161,RENT,debt_consolidation,0
APP101268,63,907000.0,9.4,1331000.0,36,7.93,689.0,3,0,0.489,RENT,business,0
APP101269,23,379000.0,8.7,101000.0,36,8.21,770.0,0,1,0.089,MORTGAGE,personal,0
APP101270,37,453000.0,7.7,303000.0,12,6.22,767.0,1,0,0.669,RENT,personal,0
APP101271,25,552000.0,11.5,691000.0,84,9.68,742.0,2,0,0.179,OWN,home_improvement,0
APP101272,62,756000.0,5.1,1060000.0,48,5.48,644.0,0,1,0.351,OWN,business,0
APP101273,51,701000.0,14.3,853000.0,12,8.43,670.0,2,1,1.217,RENT,business,1
APP101274,55,665000.0,3.4,1030000.0,36,10.18,583.0,3,3,0.516,OWN,debt_consolidation,1
APP101275,53,762000.0,8.8,883000.0,12,5.24,710.0,1,0,1.159,OWN,personal,1
APP101276,50,384000.0,3.9,472000.0,36,5.0,693.0,2,1,0.41,RENT,debt_consolidation,1
APP101277,55,588000.0,4.9,448000.0,48,5.2,781.0,1,1,0.19,OWN,business,0
APP101278,21,364000.0,5.5,214000.0,12,11.5,742.0,0,0,0.588,RENT,debt_consolidation,0
APP101279,59,578000.0,3.7,474000.0,60,6.16,635.0,2,0,0.164,RENT,business,1
APP101280,54,777000.0,11.8,982000.0,36,5.0,736.0,2,1,0.421,RENT,debt_consolidation,1
APP101281,54,546000.0,4.0,597000.0,24,8.31,646.0,1,0,0.547,MORTGAGE,business,0
APP101282,38,241000.0,5.3,306000.0,24,5.0,664.0,1,3,0.635,RENT,personal,0
APP101283,57,654000.0,8.1,693000.0,24,5.4,696.0,2,0,0.53,MORTGAGE,debt_consolidation,1
APP101284,38,598000.0,23.3,725000.0,60,10.61,800.0,0,0,0.242,RENT,medical,1
APP101285,23,562000.0,8.3,211000.0,36,5.4,730.0,1,1,0.125,OWN,education,0
APP101286,61,805000.0,5.7,499000.0,60,6.93,705.0,1,1,0.124,RENT,debt_consolidation,0
APP101287,31,120000.0,0.8,116000.0,24,8.15,629.0,1,1,0.483,RENT,medical,1
APP101288,25,341000.0,4.8,59000.0,36,8.15,679.0,2,0,0.058,OWN,education,0
APP101289,48,629000.0,3.2,926000.0,36,6.33,710.0,2,1,0.491,RENT,home_improvement,1
APP101290,31,275000.0,4.2,137000.0,36,8.7,731.0,1,0,0.166,RENT,education,0
APP101291,59,767000.0,3.8,213000.0,12,10.68,811.0,2,0,0.278,RENT,education,0
APP101292,40,743000.0,8.0,827000.0,12,5.16,736.0,1,0,1.113,RENT,debt_consolidation,0
APP101293,21,408000.0,4.7,176000.0,84,6.43,708.0,1,2,0.062,MORTGAGE,home_improvement,0
APP101294,63,543000.0,2.6,524000.0,48,7.27,676.0,0,1,0.241,OWN,personal,0
APP101295,44,287000.0,10.0,147000.0,12,9.04,667.0,3,0,0.512,MORTGAGE,personal,0
APP101296,32,586000.0,1.8,229000.0,60,7.57,788.0,0,0,0.078,RENT,medical,0
APP101297,51,922000.0,5.5,1121000.0,36,7.22,619.0,5,1,0.405,MORTGAGE,medical,1
APP101298,44,841000.0,4.8,600000.0,60,5.0,652.0,0,0,0.143,MORTGAGE,personal,1
APP101299,22,437000.0,7.0,430000.0,84,5.01,605.0,0,2,0.141,MORTGAGE,debt_consolidation,1
APP101300,55,555000.0,11.6,257000.0,12,7.92,718.0,2,1,0.463,OWN,education,0
APP101301,39,917000.0,25.6,872000.0,84,6.37,697.0,1,1,0.136,RENT,personal,0
APP101302,52,611000.0,5.7,465000.0,24,6.75,648.0,0,0,0.381,MORTGAGE,personal,0
APP101303,61,725000.0,3.1,163000.0,36,7.36,814.0,2,0,0.075,RENT,personal,0
APP101304,48,618000.0,2.9,744000.0,48,12.65,606.0,0,0,0.301,RENT,education,1
APP101305,51,605000.0,2.9,575000.0,48,6.41,703.0,0,0,0.238,RENT,personal,0
APP101306,32,678000.0,6.8,1013000.0,24,10.55,823.0,0,0,0.747,RENT,home_improvement,1
APP101307,31,603000.0,0.6,797000.0,24,10.39,696.0,0,1,0.661,RENT,business,0
APP101308,39,426000.0,1.7,417000.0,36,9.27,822.0,1,1,0.326,MORTGAGE,personal,1
APP101309,59,547000.0,6.8,116000.0,36,5.64,768.0,1,0,0.071,OWN,debt_consolidation,0
APP101310,44,264000.0,10.4,327000.0,36,7.8,667.0,1,0,0.413,OWN,home_improvement,0
APP101311,36,539000.0,10.4,510000.0,24,6.64,690.0,4,2,0.473,MORTGAGE,medical,1
APP101312,56,493000.0,5.9,671000.0,84,11.93,674.0,3,0,0.194,RENT,education,0
APP101313,59,781000.0,9.5,771000.0,60,8.4,707.0,2,0,0.197,OWN,personal,0
APP101314,61,706000.0,11.7,108000.0,84,7.03,623.0,1,2,0.022,OWN,medical,0
APP101315,34,468000.0,4.0,623000.0,24,11.43,627.0,1,2,0.666,OWN,medical,1
APP101316,52,815000.0,10.9,1067000.0,12,6.72,773.0,1,0,1.309,OWN,medical,1
APP101317,47,606000.0,1.2,178000.0,36,8.71,636.0,1,1,0.098,RENT,personal,0
APP101318,41,499000.0,1.7,570000.0,48,9.05,580.0,1,1,0.286,OWN,personal,0
APP101319,38,780000.0,4.1,712000.0,48,8.26,733.0,2,0,0.228,OWN,debt_consolidation,1
APP101320,26,530000.0,1.1,533000.0,12,7.27,672.0,1,1,1.006,RENT,personal,1
APP101321,33,483000.0,8.1,695000.0,60,9.34,787.0,0,0,0.288,RENT,debt_consolidation,0
APP101322,45,506000.0,3.5,259000.0,36,6.11,667.0,2,0,0.171,OWN,business,0
APP101323,60,787000.0,4.9,133000.0,36,9.95,730.0,0,2,0.056,RENT,home_improvement,0
APP101324,59,694000.0,,314000.0,36,6.88,760.0,1,0,0.151,OWN,education,0
APP101325,29,305000.0,4.1,450000.0,12,10.44,683.0,2,2,1.475,RENT,personal,1
APP101326,51,725000.0,2.9,331000.0,24,9.8,634.0,2,0,0.228,RENT,medical,0
APP101327,24,676000.0,7.8,763000.0,84,8.71,695.0,1,1,0.161,MORTGAGE,business,1
APP101328,51,774000.0,3.4,1002000.0,36,7.3,776.0,0,0,0.432,MORTGAGE,medical,0
APP101329,36,757000.0,5.0,1006000.0,12,9.93,700.0,0,0,1.329,RENT,debt_consolidation,0
APP101330,41,890000.0,7.0,147000.0,36,8.76,610.0,1,0,0.055,RENT,personal,1
APP101331,53,968000.0,11.7,158000.0,24,5.0,706.0,0,0,0.082,RENT,home_improvement,0
APP101332,40,673000.0,11.0,1066000.0,60,5.7,681.0,1,0,0.317,RENT,business,0
APP101333,57,605000.0,3.7,553000.0,60,7.87,685.0,1,0,0.183,OWN,business,0
APP101334,45,278000.0,,67000.0,36,8.12,628.0,2,0,0.08,MORTGAGE,personal,1
APP101335,65,801000.0,13.3,151000.0,84,9.06,762.0,3,0,0.027,MORTGAGE,home_improvement,0
APP101336,49,663000.0,3.4,879000.0,36,10.91,724.0,4,0,0.442,RENT,business,1
APP101337,34,552000.0,7.6,807000.0,60,8.79,667.0,2,0,0.292,RENT,debt_consolidation,0
APP101338,55,309000.0,1.0,281000.0,36,5.0,661.0,1,1,0.303,RENT,business,0
APP101339,39,448000.0,0.6,309000.0,60,7.93,628.0,5,0,0.138,OWN,business,0
APP101340,45,685000.0,5.7,800000.0,60,10.17,749.0,1,0,0.234,RENT,personal,0
APP101341,27,312000.0,4.5,57000.0,36,7.75,665.0,1,0,0.061,MORTGAGE,personal,0
APP101342,26,539000.0,9.0,783000.0,24,7.95,673.0,2,0,0.726,MORTGAGE,medical,1
APP101343,46,626000.0,2.9,326000.0,24,6.41,713.0,2,0,0.26,RENT,home_improvement,0
APP101344,29,671000.0,6.6,286000.0,36,9.59,669.0,2,0,0.142,RENT,personal,0
APP101345,65,1001000.0,8.7,601000.0,24,6.72,812.0,2,0,0.3,RENT,debt_consolidation,1
APP101346,59,583000.0,3.0,141000.0,36,8.8,584.0,2,3,0.081,OWN,debt_consolidation,0
APP101347,52,639000.0,4.1,457000.0,36,8.44,722.0,2,1,0.238,MORTGAGE,personal,0
APP101348,54,630000.0,2.0,747000.0,12,7.62,764.0,1,0,1.186,OWN,home_improvement,1
APP101349,47,741000.0,9.3,646000.0,60,8.57,652.0,1,0,0.174,OWN,debt_consolidation,1
APP101350,23,563000.0,7.9,630000.0,12,7.94,656.0,1,2,1.119,RENT,business,1
APP101351,38,791000.0,8.3,364000.0,24,10.31,689.0,0,0,0.23,OWN,home_improvement,1
APP101352,43,212000.0,4.5,154000.0,12,8.99,779.0,0,0,0.726,MORTGAGE,personal,0
APP101353,62,778000.0,7.8,703000.0,84,9.79,694.0,1,1,0.129,RENT,business,1
APP101354,30,561000.0,4.8,550000.0,36,5.82,723.0,0,2,0.327,OWN,medical,0
APP101355,43,650000.0,14.8,273000.0,24,5.68,793.0,2,1,0.21,MORTGAGE,education,1
APP101356,36,190000.0,5.3,251000.0,24,7.64,799.0,3,0,0.661,OWN,medical,1
APP101357,27,530000.0,10.6,149000.0,36,9.15,645.0,1,1,0.094,OWN,personal,0
APP101358,25,347000.0,4.5,102000.0,84,8.67,609.0,3,1,0.042,MORTGAGE,personal,1
APP101359,37,877000.0,12.8,449000.0,36,5.85,681.0,0,0,0.171,OWN,education,0
APP101360,24,483000.0,2.7,531000.0,36,9.22,751.0,1,1,0.366,RENT,personal,1
APP101361,24,361000.0,7.2,95000.0,36,6.12,767.0,1,0,0.088,RENT,personal,0
APP101362,36,197000.0,3.2,50000.0,24,8.98,764.0,0,0,0.127,RENT,business,0
APP101363,30,595000.0,6.4,497000.0,36,8.13,754.0,1,0,0.278,MORTGAGE,debt_consolidation,0
APP101364,45,665000.0,3.4,434000.0,36,7.0,648.0,0,2,0.218,MORTGAGE,business,0
APP101365,21,407000.0,5.3,154000.0,48,6.32,736.0,0,0,0.095,MORTGAGE,home_improvement,0
APP101366,34,591000.0,,651000.0,24,7.79,728.0,2,0,0.551,RENT,education,0
APP101367,41,546000.0,8.5,590000.0,24,7.68,734.0,1,0,0.54,MORTGAGE,debt_consolidation,0
APP101368,64,884000.0,7.5,289000.0,48,5.2,662.0,1,1,0.082,OWN,education,1
APP101369,49,730000.0,3.1,353000.0,48,8.82,759.0,0,2,0.121,RENT,debt_consolidation,0
APP101370,60,400000.0,3.0,272000.0,36,10.04,651.0,1,0,0.227,RENT,debt_consolidation,0
APP101371,36,287000.0,2.5,455000.0,60,9.39,693.0,1,0,0.317,MORTGAGE,debt_consolidation,0
APP101372,41,826000.0,2.1,1044000.0,60,8.19,787.0,2,0,0.253,MORTGAGE,debt_consolidation,0
APP101373,39,731000.0,8.9,467000.0,60,6.51,724.0,1,2,0.128,OWN,debt_consolidation,0
APP101374,60,449000.0,2.4,696000.0,36,7.78,655.0,0,0,0.517,RENT,debt_consolidation,1
APP101375,64,480000.0,6.8,389000.0,60,7.21,604.0,1,0,0.162,MORTGAGE,medical,0
APP101376,64,708000.0,,497000.0,48,7.77,662.0,1,0,0.175,MORTGAGE,personal,0
APP101377,54,527000.0,10.4,801000.0,48,9.56,738.0,1,0,0.38,MORTGAGE,home_improvement,0
APP101378,43,666000.0,17.1,811000.0,36,7.26,740.0,2,0,0.406,MORTGAGE,medical,1
APP101379,45,514000.0,0.1,485000.0,12,5.0,691.0,3,0,0.944,RENT,personal,1
APP101380,65,659000.0,2.7,673000.0,36,9.26,730.0,3,0,0.34,MORTGAGE,debt_consolidation,0
APP101381,33,659000.0,3.5,1028000.0,60,8.37,728.0,0,0,0.312,MORTGAGE,personal,0
APP101382,36,796000.0,4.6,296000.0,84,7.83,782.0,0,0,0.053,OWN,education,0
APP101383,61,597000.0,4.4,390000.0,36,5.0,733.0,1,1,0.218,MORTGAGE,personal,0
APP101384,38,329000.0,1.7,250000.0,84,5.67,587.0,2,0,0.109,RENT,education,0
APP101385,31,703000.0,17.4,1109000.0,24,5.93,732.0,0,1,0.789,RENT,personal,0
APP101386,46,825000.0,4.5,224000.0,84,6.22,689.0,0,1,0.039,MORTGAGE,home_improvement,0
APP101387,35,488000.0,7.4,152000.0,48,6.42,741.0,1,0,0.078,MORTGAGE,home_improvement,0
APP101388,61,835000.0,7.6,652000.0,48,5.0,722.0,0,0,0.195,RENT,personal,0
APP101389,61,506000.0,1.3,200000.0,36,12.23,634.0,0,0,0.132,MORTGAGE,personal,1
APP101390,34,505000.0,4.0,577000.0,84,10.8,753.0,0,0,0.163,RENT,personal,0
APP101391,44,447000.0,8.9,301000.0,12,8.11,749.0,3,0,0.673,OWN,home_improvement,0
APP101392,65,801000.0,13.3,1103000.0,36,7.43,,1,0,0.459,RENT,business,0
APP101393,54,606000.0,4.1,749000.0,60,11.52,814.0,1,0,0.247,MORTGAGE,medical,0
APP101394,30,540000.0,1.6,450000.0,24,11.07,775.0,0,0,0.417,MORTGAGE,debt_consolidation,0
APP101395,47,838000.0,3.3,1152000.0,36,5.87,659.0,2,0,0.458,RENT,personal,0
APP101396,48,528000.0,4.0,156000.0,36,8.04,622.0,2,1,0.098,MORTGAGE,education,0
APP101397,50,296000.0,3.8,294000.0,60,7.1,730.0,1,0,0.199,RENT,home_improvement,0
APP101398,22,382000.0,2.5,392000.0,60,6.91,695.0,1,1,0.205,MORTGAGE,personal,1
APP101399,34,516000.0,1.4,261000.0,24,7.14,720.0,1,1,0.253,MORTGAGE,home_improvement,1
APP101400,59,658000.0,2.0,146000.0,48,7.31,733.0,2,0,0.055,MORTGAGE,business,0
APP101401,31,452000.0,3.3,419000.0,36,7.96,695.0,4,1,0.309,RENT,medical,0
APP101402,34,783000.0,8.8,701000.0,48,7.98,649.0,0,1,0.224,RENT,personal,0
APP101403,35,615000.0,11.2,675000.0,24,10.66,735.0,0,0,0.549,OWN,personal,0
APP101404,28,471000.0,5.7,216000.0,24,5.72,741.0,1,0,0.229,RENT,education,0
APP101405,27,321000.0,2.1,132000.0,36,9.63,711.0,0,0,0.137,RENT,business,1
APP101406,36,246000.0,3.5,386000.0,12,5.13,754.0,1,0,1.569,OWN,personal,1
APP101407,60,667000.0,0.6,210000.0,48,8.02,780.0,0,0,0.079,RENT,debt_consolidation,0
APP101408,21,575000.0,13.5,920000.0,24,9.8,692.0,1,0,0.8,OWN,debt_consolidation,0
APP101409,33,326000.0,3.1,389000.0,60,8.75,650.0,2,2,0.239,RENT,home_improvement,0
APP101410,23,465000.0,7.0,494000.0,60,6.8,705.0,0,0,0.212,RENT,home_improvement,0
APP101411,46,632000.0,10.6,406000.0,48,8.13,691.0,3,0,0.161,OWN,home_improvement,0
APP101412,32,540000.0,16.0,760000.0,60,11.14,653.0,1,0,0.281,OWN,home_improvement,0
APP101413,56,581000.0,9.5,854000.0,84,6.2,762.0,0,0,0.21,RENT,medical,0
APP101414,47,638000.0,3.8,764000.0,60,8.75,848.0,1,1,0.239,RENT,personal,0
APP101415,56,645000.0,7.7,761000.0,48,9.62,684.0,2,2,0.295,MORTGAGE,personal,0
APP101416,49,643000.0,15.6,556000.0,36,6.65,877.0,0,0,0.288,OWN,debt_consolidation,0
APP101417,40,397000.0,3.0,104000.0,60,11.32,779.0,2,0,0.052,RENT,debt_consolidation,0
APP101418,59,601000.0,1.4,961000.0,48,12.06,672.0,1,0,0.4,OWN,medical,0
APP101419,42,672000.0,2.6,116000.0,36,9.91,740.0,1,0,0.058,RENT,home_improvement,0
APP101420,63,747000.0,7.3,649000.0,36,9.91,760.0,2,0,0.29,RENT,home_improvement,0
APP101421,65,651000.0,3.9,444000.0,24,5.0,750.0,2,0,0.341,MORTGAGE,business,0
APP101422,47,637000.0,4.9,812000.0,60,5.0,653.0,1,1,0.255,MORTGAGE,personal,0
APP101423,51,859000.0,8.2,1045000.0,60,7.31,748.0,0,0,0.243,RENT,personal,0
APP101424,32,546000.0,2.5,579000.0,12,6.05,817.0,0,0,1.06,MORTGAGE,personal,0
APP101425,57,689000.0,4.8,178000.0,24,8.88,644.0,0,0,0.129,RENT,personal,1
APP101426,51,693000.0,3.4,342000.0,84,5.0,784.0,0,0,0.071,MORTGAGE,personal,0
APP101427,61,775000.0,15.2,222000.0,24,8.86,778.0,1,1,0.143,MORTGAGE,medical,0
APP101428,33,587000.0,9.3,921000.0,48,7.11,616.0,0,1,0.392,MORTGAGE,business,0
APP101429,56,559000.0,3.9,187000.0,36,6.31,684.0,1,0,0.112,RENT,personal,0
APP101430,42,315000.0,3.8,489000.0,36,11.69,656.0,0,2,0.517,RENT,home_improvement,1
APP101431,29,671000.0,16.3,210000.0,24,6.82,774.0,3,0,0.156,RENT,home_improvement,0
APP101432,28,656000.0,15.5,919000.0,24,5.0,733.0,2,0,0.7,RENT,debt_consolidation,1
APP101433,46,570000.0,7.3,560000.0,36,8.51,667.0,1,1,0.327,RENT,home_improvement,0
APP101434,35,677000.0,5.1,918000.0,36,8.34,717.0,2,0,0.452,RENT,home_improvement,0
APP101435,25,312000.0,1.7,334000.0,60,7.12,738.0,1,0,0.214,MORTGAGE,personal,0
APP101436,40,255000.0,2.6,323000.0,84,12.67,707.0,1,0,0.181,OWN,home_improvement,0
APP101437,50,465000.0,1.6,562000.0,60,7.96,757.0,0,2,0.242,RENT,home_improvement,0
APP101438,35,360000.0,10.9,190000.0,36,9.73,735.0,1,0,0.176,MORTGAGE,medical,0
APP101439,63,699000.0,1.7,1053000.0,36,8.21,764.0,0,0,0.502,RENT,debt_consolidation,0
APP101440,56,518000.0,3.7,561000.0,24,10.3,641.0,0,1,0.542,OWN,personal,0
APP101441,44,671000.0,0.8,297000.0,48,6.77,706.0,4,0,0.111,OWN,debt_consolidation,0
APP101442,63,787000.0,1.2,467000.0,36,5.16,658.0,1,1,0.198,RENT,business,0
APP101443,40,453000.0,8.5,418000.0,60,9.18,709.0,0,0,0.185,RENT,education,0
APP101444,27,369000.0,,527000.0,48,8.16,791.0,3,0,0.357,RENT,debt_consolidation,0
APP101445,22,526000.0,5.3,687000.0,24,9.25,685.0,1,0,0.653,OWN,education,1
APP101446,63,821000.0,3.8,483000.0,36,6.14,653.0,2,1,0.196,RENT,personal,0
APP101447,64,345000.0,1.1,396000.0,48,8.56,618.0,1,0,0.287,MORTGAGE,debt_consolidation,1
APP101448,54,657000.0,3.4,100000.0,60,5.0,669.0,1,0,0.03,RENT,education,0
APP101449,25,124000.0,4.5,78000.0,36,6.44,627.0,1,0,0.21,RENT,personal,0
APP101450,34,469000.0,8.1,641000.0,48,5.95,773.0,0,1,0.342,OWN,personal,0
APP101451,22,672000.0,10.5,248000.0,24,8.59,761.0,0,0,0.185,RENT,personal,1
APP101452,23,944000.0,8.7,625000.0,60,6.43,754.0,0,1,0.132,OWN,home_improvement,0
APP101453,32,484000.0,6.5,73000.0,36,5.0,731.0,0,1,0.05,MORTGAGE,personal,0
APP101454,46,401000.0,5.2,74000.0,60,6.25,678.0,0,0,0.037,MORTGAGE,personal,0
APP101455,23,383000.0,6.0,139000.0,36,8.82,768.0,1,0,0.121,OWN,debt_consolidation,0
APP101456,65,688000.0,3.2,205000.0,84,7.79,689.0,3,0,0.043,MORTGAGE,home_improvement,0
APP101457,41,461000.0,5.5,397000.0,48,5.86,763.0,0,0,0.215,MORTGAGE,personal,0
APP101458,32,357000.0,4.5,519000.0,24,9.35,579.0,0,0,0.727,RENT,debt_consolidation,1
APP101459,44,698000.0,20.7,190000.0,36,10.94,640.0,0,2,0.091,OWN,debt_consolidation,0
APP101460,56,719000.0,6.1,1015000.0,24,9.5,656.0,1,1,0.706,MORTGAGE,business,1
APP101461,35,442000.0,0.6,495000.0,60,5.0,711.0,3,0,0.224,OWN,business,1
APP101462,23,299000.0,3.6,118000.0,60,8.02,604.0,1,1,0.079,RENT,medical,1
APP101463,23,337000.0,4.1,192000.0,36,7.19,807.0,2,1,0.19,MORTGAGE,business,0
APP101464,59,656000.0,9.5,283000.0,36,5.0,790.0,2,0,0.144,RENT,personal,0
APP101465,26,336000.0,6.7,435000.0,60,5.0,768.0,1,1,0.259,MORTGAGE,debt_consolidation,1
APP101466,49,516000.0,,620000.0,60,9.26,803.0,1,0,0.24,RENT,personal,0
APP101467,38,725000.0,12.5,429000.0,36,7.91,747.0,0,1,0.197,OWN,personal,0
APP101468,55,731000.0,15.5,167000.0,48,7.68,680.0,1,0,0.057,OWN,debt_consolidation,0
APP101469,23,227000.0,8.5,90000.0,36,6.07,725.0,1,1,0.132,RENT,home_improvement,1
APP101470,61,815000.0,3.8,867000.0,36,9.88,683.0,2,0,0.355,RENT,medical,1
APP101471,52,671000.0,3.9,189000.0,84,5.0,697.0,2,0,0.04,RENT,personal,0
APP101472,41,425000.0,11.4,394000.0,48,5.55,753.0,1,1,0.232,OWN,business,0
APP101473,30,422000.0,3.9,438000.0,12,6.8,669.0,0,1,1.038,MORTGAGE,home_improvement,1
APP101474,64,574000.0,4.9,659000.0,36,5.0,669.0,3,0,0.383,MORTGAGE,personal,0
APP101475,34,598000.0,3.5,198000.0,36,5.56,771.0,1,0,0.11,MORTGAGE,debt_consolidation,0
APP101476,43,476000.0,2.0,389000.0,24,9.84,651.0,0,1,0.409,OWN,personal,1
APP101477,38,703000.0,19.7,578000.0,84,5.64,714.0,0,1,0.117,RENT,debt_consolidation,0
APP101478,31,468000.0,5.0,637000.0,24,9.22,642.0,3,2,0.681,RENT,business,1
APP101479,39,426000.0,13.7,353000.0,36,8.9,761.0,2,0,0.276,OWN,personal,0
APP101480,27,671000.0,4.0,496000.0,60,7.13,759.0,1,0,0.148,RENT,education,0
APP101481,21,513000.0,3.1,169000.0,24,5.0,,0,2,0.165,OWN,business,1
APP101482,34,438000.0,8.0,507000.0,36,7.64,644.0,0,0,0.386,MORTGAGE,personal,1
APP101483,26,561000.0,10.5,588000.0,48,5.0,728.0,3,2,0.262,RENT,education,0
APP101484,39,762000.0,11.0,906000.0,36,6.34,582.0,4,0,0.396,RENT,home_improvement,1
APP101485,59,666000.0,4.5,734000.0,36,8.04,751.0,0,0,0.367,MORTGAGE,personal,1
APP101486,28,755000.0,8.6,1071000.0,36,9.41,708.0,3,0,0.473,OWN,home_improvement,1
APP101487,21,853000.0,3.3,1213000.0,84,7.17,676.0,1,2,0.203,RENT,education,0
APP101488,25,447000.0,5.5,266000.0,60,6.16,,1,0,0.119,RENT,personal,0
APP101489,43,471000.0,4.2,195000.0,24,5.99,641.0,2,2,0.207,RENT,education,1
APP101490,33,344000.0,3.7,514000.0,36,6.47,695.0,0,1,0.498,MORTGAGE,debt_consolidation,0
APP101491,43,244000.0,5.7,289000.0,48,8.87,741.0,1,0,0.296,MORTGAGE,debt_consolidation,0
APP101492,22,593000.0,2.0,924000.0,36,8.27,693.0,2,1,0.519,RENT,business,1
APP101493,35,526000.0,9.9,458000.0,24,7.45,550.0,1,1,0.435,MORTGAGE,personal,1
APP101494,39,660000.0,3.7,1020000.0,48,8.89,715.0,1,0,0.386,RENT,debt_consolidation,0
APP101495,40,767000.0,9.6,252000.0,36,7.5,719.0,4,1,0.11,MORTGAGE,personal,0
APP101496,45,387000.0,2.4,389000.0,60,5.0,676.0,1,0,0.201,MORTGAGE,medical,0
APP101497,56,491000.0,3.7,427000.0,24,5.06,753.0,0,0,0.435,RENT,medical,0
APP101498,42,788000.0,2.0,121000.0,12,8.82,762.0,2,0,0.154,MORTGAGE,business,1
APP101499,58,610000.0,1.9,262000.0,60,5.0,729.0,0,0,0.086,MORTGAGE,business,0
APP101500,44,447000.0,2.7,167000.0,60,6.66,723.0,1,0,0.075,OWN,home_improvement,0
APP101501,32,314000.0,2.4,75000.0,36,7.25,650.0,0,0,0.08,OWN,home_improvement,1
APP101502,31,439000.0,2.0,669000.0,48,5.23,654.0,1,2,0.381,RENT,education,1
APP101503,35,749000.0,5.2,1161000.0,60,5.0,749.0,1,0,0.31,RENT,debt_consolidation,0
APP101504,47,730000.0,7.9,1053000.0,24,5.0,703.0,1,0,0.721,RENT,business,1
APP101505,31,562000.0,8.2,890000.0,48,5.0,678.0,1,1,0.396,RENT,debt_consolidation,1
APP101506,62,872000.0,1.0,1181000.0,48,8.85,742.0,1,0,0.339,RENT,business,0
APP101507,42,761000.0,4.1,1143000.0,36,8.37,702.0,2,1,0.501,MORTGAGE,debt_consolidation,1
APP101508,59,700000.0,3.8,306000.0,84,5.83,744.0,1,0,0.062,RENT,personal,0
APP101509,51,1124000.0,12.6,587000.0,84,5.0,631.0,0,1,0.075,MORTGAGE,personal,0
APP101510,36,480000.0,4.3,672000.0,36,10.07,696.0,0,2,0.467,MORTGAGE,personal,0
APP101511,31,660000.0,4.9,558000.0,12,8.47,577.0,1,2,0.845,RENT,personal,1
APP101512,54,532000.0,1.4,633000.0,60,6.13,680.0,0,1,0.238,RENT,debt_consolidation,0
APP101513,35,627000.0,2.6,605000.0,36,10.11,832.0,0,0,0.322,MORTGAGE,personal,0
APP101514,32,420000.0,1.3,249000.0,24,7.8,717.0,1,1,0.296,MORTGAGE,personal,0
APP101515,62,757000.0,5.5,426000.0,48,8.2,712.0,1,1,0.141,RENT,personal,1
APP101516,42,1015000.0,12.9,1253000.0,48,5.21,672.0,0,1,0.309,RENT,personal,0
APP101517,23,563000.0,2.7,519000.0,24,5.0,746.0,4,1,0.461,MORTGAGE,home_improvement,0
APP101518,43,631000.0,4.3,423000.0,24,5.0,737.0,1,0,0.335,RENT,education,0
APP101519,41,409000.0,2.4,427000.0,60,12.08,569.0,0,1,0.209,RENT,personal,1
APP101520,59,669000.0,3.1,508000.0,84,5.68,643.0,2,1,0.108,RENT,personal,0
APP101521,53,483000.0,5.5,405000.0,36,7.64,700.0,2,1,0.28,MORTGAGE,debt_consolidation,1
APP101522,29,761000.0,17.0,862000.0,24,8.51,714.0,0,1,0.566,RENT,personal,0
APP101523,27,691000.0,12.5,563000.0,36,7.45,805.0,0,0,0.272,OWN,business,0
APP101524,48,691000.0,15.0,1055000.0,36,7.16,688.0,0,0,0.509,OWN,business,0
APP101525,23,754000.0,9.7,644000.0,36,7.11,731.0,2,0,0.285,MORTGAGE,medical,0
APP101526,35,739000.0,4.2,1141000.0,48,8.56,667.0,3,0,0.386,RENT,business,1
APP101527,27,480000.0,3.8,662000.0,12,5.21,718.0,2,0,1.379,OWN,education,1
APP101528,21,493000.0,2.7,711000.0,60,6.53,695.0,0,0,0.288,MORTGAGE,personal,1
APP101529,62,584000.0,4.2,734000.0,60,5.0,714.0,2,0,0.251,OWN,education,0
APP101530,25,515000.0,13.0,529000.0,60,5.0,755.0,2,2,0.205,MORTGAGE,debt_consolidation,1
APP101531,21,369000.0,12.9,340000.0,36,5.0,622.0,1,1,0.307,RENT,home_improvement,0
APP101532,62,805000.0,21.2,765000.0,48,9.38,876.0,0,0,0.238,OWN,education,0
APP101533,29,479000.0,5.9,212000.0,36,6.9,900.0,0,0,0.148,MORTGAGE,personal,0
APP101534,57,363000.0,1.7,167000.0,36,9.03,668.0,0,1,0.153,RENT,business,1
APP101535,22,559000.0,7.5,112000.0,48,8.35,812.0,0,0,0.05,RENT,education,0
APP101536,27,772000.0,17.2,950000.0,60,8.07,795.0,1,0,0.246,RENT,personal,0
APP101537,25,569000.0,14.2,188000.0,60,5.42,726.0,1,2,0.066,MORTGAGE,medical,0
APP101538,52,199000.0,3.5,198000.0,24,7.66,639.0,2,1,0.497,RENT,personal,0
APP101539,48,523000.0,1.9,183000.0,48,8.06,663.0,1,0,0.087,RENT,education,1
APP101540,42,315000.0,1.8,78000.0,24,12.34,651.0,2,1,0.124,RENT,personal,1
APP101541,31,378000.0,2.8,349000.0,48,6.74,693.0,1,0,0.231,MORTGAGE,business,0
APP101542,24,650000.0,3.2,920000.0,36,9.11,641.0,2,0,0.472,OWN,debt_consolidation,0
APP101543,46,209000.0,4.0,139000.0,60,7.23,657.0,0,1,0.133,RENT,business,1
APP101544,31,412000.0,8.2,611000.0,60,5.96,774.0,2,0,0.297,MORTGAGE,debt_consolidation,0
APP101545,47,703000.0,3.9,116000.0,36,9.41,776.0,1,1,0.055,RENT,business,1
APP101546,51,514000.0,5.3,424000.0,60,11.66,607.0,2,2,0.165,RENT,business,1
APP101547,59,502000.0,1.2,182000.0,48,8.08,857.0,0,0,0.091,RENT,debt_consolidation,0
APP101548,43,845000.0,2.7,514000.0,36,6.0,646.0,0,0,0.203,OWN,home_improvement,1
APP101549,21,464000.0,2.6,86000.0,36,8.53,623.0,1,1,0.062,MORTGAGE,personal,1
APP101550,33,600000.0,1.0,121000.0,36,8.11,581.0,1,1,0.067,OWN,business,0
APP101551,59,724000.0,3.8,857000.0,24,12.38,591.0,1,1,0.592,OWN,personal,0
APP101552,44,553000.0,1.2,608000.0,12,9.13,757.0,0,1,1.099,MORTGAGE,personal,0
APP101553,48,771000.0,3.6,349000.0,48,5.45,692.0,1,0,0.113,RENT,medical,1
APP101554,41,849000.0,5.6,1237000.0,24,10.3,711.0,2,0,0.729,MORTGAGE,personal,1
APP101555,28,324000.0,13.2,372000.0,36,9.21,717.0,1,0,0.383,OWN,debt_consolidation,0
APP101556,61,641000.0,2.5,409000.0,60,9.56,642.0,1,0,0.128,OWN,debt_consolidation,0
APP101557,55,640000.0,5.5,474000.0,48,8.48,633.0,0,0,0.185,OWN,home_improvement,0
APP101558,65,612000.0,3.0,351000.0,24,9.72,572.0,0,1,0.287,RENT,personal,1
APP101559,59,764000.0,1.1,1035000.0,48,8.47,665.0,1,1,0.339,OWN,personal,0
APP101560,34,652000.0,13.3,565000.0,24,6.94,746.0,2,0,0.433,RENT,personal,1
APP101561,32,800000.0,5.8,277000.0,60,7.8,673.0,0,0,0.069,OWN,business,0
APP101562,32,693000.0,7.2,307000.0,12,7.24,602.0,0,0,0.443,MORTGAGE,business,0
APP101563,62,1003000.0,14.7,582000.0,24,8.25,738.0,3,1,0.29,RENT,personal,0
APP101564,46,389000.0,3.6,286000.0,60,7.67,769.0,1,0,0.147,RENT,home_improvement,1
APP101565,41,394000.0,1.6,398000.0,36,6.81,572.0,1,2,0.337,OWN,personal,1
APP101566,64,554000.0,2.4,858000.0,24,7.1,632.0,2,0,0.774,OWN,home_improvement,1
APP101567,48,754000.0,1.5,399000.0,24,7.49,757.0,0,0,0.265,RENT,debt_consolidation,1
APP101568,61,602000.0,10.9,377000.0,36,5.0,626.0,0,0,0.209,RENT,education,0
APP101569,65,711000.0,17.6,131000.0,60,9.75,,2,1,0.037,RENT,debt_consolidation,1
APP101570,24,293000.0,5.6,202000.0,24,8.27,757.0,2,1,0.345,MORTGAGE,debt_consolidation,1
APP101571,37,986000.0,8.4,1113000.0,12,6.15,653.0,2,1,1.129,MORTGAGE,personal,1
APP101572,54,671000.0,9.9,1038000.0,60,8.8,705.0,0,1,0.309,OWN,personal,1
APP101573,57,856000.0,15.4,1047000.0,36,6.38,668.0,1,0,0.408,MORTGAGE,medical,0
APP101574,27,446000.0,17.1,143000.0,12,6.38,791.0,2,0,0.321,RENT,debt_consolidation,0
APP101575,35,613000.0,0.8,883000.0,12,8.32,680.0,0,1,1.44,OWN,home_improvement,1
APP101576,45,291000.0,3.1,398000.0,60,10.65,727.0,2,1,0.274,RENT,personal,0
APP101577,56,500000.0,5.1,212000.0,36,8.12,683.0,1,0,0.141,RENT,education,1
APP101578,26,330000.0,2.8,497000.0,48,5.79,653.0,0,0,0.377,RENT,personal,0
APP101579,48,620000.0,4.1,735000.0,48,6.73,712.0,0,0,0.296,RENT,personal,0
APP101580,34,418000.0,6.9,537000.0,36,9.37,669.0,1,0,0.428,RENT,home_improvement,0
APP101581,30,740000.0,6.8,604000.0,60,8.39,640.0,3,1,0.163,OWN,debt_consolidation,0
APP101582,44,706000.0,9.7,311000.0,60,9.61,683.0,0,0,0.088,OWN,debt_consolidation,0
APP101583,39,443000.0,5.2,580000.0,48,8.37,651.0,0,0,0.327,MORTGAGE,education,0
APP101584,49,697000.0,0.3,587000.0,60,9.2,745.0,1,0,0.168,MORTGAGE,debt_consolidation,0
APP101585,35,447000.0,3.8,694000.0,12,11.93,679.0,1,2,1.553,RENT,personal,1
APP101586,58,586000.0,6.4,218000.0,36,5.0,659.0,1,0,0.124,RENT,personal,1
APP101587,24,651000.0,10.2,433000.0,48,12.8,811.0,2,0,0.166,MORTGAGE,personal,1
APP101588,59,346000.0,9.2,421000.0,24,9.56,651.0,1,1,0.608,OWN,home_improvement,0
APP101589,22,549000.0,4.7,538000.0,24,13.27,738.0,0,1,0.49,MORTGAGE,personal,0
APP101590,54,502000.0,2.9,391000.0,24,5.34,554.0,2,0,0.389,RENT,medical,0
APP101591,36,416000.0,4.8,486000.0,36,8.34,704.0,0,0,0.389,MORTGAGE,education,0
APP101592,38,783000.0,0.9,950000.0,60,7.85,610.0,0,0,0.243,OWN,personal,0
APP101593,21,335000.0,3.2,331000.0,12,9.44,623.0,2,1,0.988,OWN,personal,1
APP101594,52,843000.0,11.5,517000.0,48,8.53,729.0,3,0,0.153,RENT,personal,0
APP101595,28,517000.0,4.8,541000.0,12,8.29,727.0,1,0,1.046,OWN,personal,0
APP101596,50,687000.0,6.6,646000.0,48,9.21,653.0,0,1,0.235,OWN,education,0
APP101597,53,547000.0,1.4,715000.0,24,7.27,670.0,2,1,0.654,RENT,business,1
APP101598,59,681000.0,10.2,747000.0,24,6.37,738.0,1,0,0.548,MORTGAGE,personal,1
APP101599,52,845000.0,4.5,735000.0,36,8.5,656.0,0,1,0.29,MORTGAGE,home_improvement,0
APP101600,34,672000.0,6.5,119000.0,24,6.36,761.0,0,0,0.089,OWN,personal,1
APP101601,54,589000.0,7.5,231000.0,36,7.22,696.0,1,1,0.131,OWN,personal,0
APP101602,58,560000.0,9.9,357000.0,48,5.0,654.0,2,1,0.159,MORTGAGE,debt_consolidation,0
APP101603,35,442000.0,5.8,452000.0,60,7.62,776.0,2,1,0.205,RENT,personal,1
APP101604,26,608000.0,4.6,790000.0,48,5.46,689.0,1,0,0.325,OWN,education,0
APP101605,61,813000.0,1.7,1254000.0,36,7.43,628.0,3,0,0.514,RENT,medical,1
APP101606,27,511000.0,1.3,521000.0,36,5.11,749.0,2,0,0.34,RENT,debt_consolidation,0
APP101607,47,358000.0,5.7,432000.0,36,7.46,747.0,1,0,0.402,MORTGAGE,debt_consolidation,0
APP101608,31,627000.0,6.5,659000.0,36,9.48,566.0,2,1,0.35,RENT,personal,1
APP101609,26,689000.0,7.3,533000.0,36,6.19,607.0,1,0,0.258,OWN,personal,0
APP101610,55,636000.0,2.5,658000.0,36,5.45,733.0,1,0,0.345,RENT,education,0
APP101611,27,747000.0,3.2,546000.0,60,9.22,678.0,0,0,0.146,OWN,education,0
APP101612,51,425000.0,5.6,343000.0,36,9.51,738.0,0,0,0.269,MORTGAGE,personal,0
APP101613,52,707000.0,3.5,1040000.0,24,8.43,668.0,3,0,0.736,OWN,business,1
APP101614,23,504000.0,22.4,488000.0,48,6.48,775.0,1,0,0.242,RENT,debt_consolidation,1
APP101615,28,614000.0,3.1,181000.0,60,6.11,730.0,0,1,0.059,OWN,personal,0
APP101616,56,760000.0,6.8,691000.0,60,6.77,612.0,1,0,0.182,OWN,home_improvement,1
APP101617,43,886000.0,9.0,1358000.0,24,7.37,645.0,0,1,0.766,OWN,personal,0
APP101618,26,594000.0,9.4,175000.0,48,5.0,817.0,0,0,0.074,RENT,debt_consolidation,0
APP101619,65,621000.0,3.5,968000.0,84,5.34,,2,0,0.223,OWN,home_improvement,0
APP101620,32,458000.0,7.5,725000.0,24,10.25,764.0,0,0,0.791,MORTGAGE,business,0
APP101621,21,421000.0,6.9,405000.0,36,7.96,834.0,2,0,0.321,MORTGAGE,debt_consolidation,0
APP101622,62,639000.0,7.8,404000.0,36,10.2,735.0,0,2,0.211,OWN,home_improvement,0
APP101623,21,644000.0,5.5,105000.0,60,9.73,728.0,0,0,0.033,RENT,debt_consolidation,0
APP101624,45,821000.0,9.1,142000.0,36,6.81,640.0,3,0,0.058,OWN,business,0
APP101625,65,488000.0,6.0,348000.0,48,6.85,789.0,1,0,0.178,MORTGAGE,personal,0
APP101626,47,557000.0,1.6,716000.0,24,9.63,791.0,0,0,0.643,RENT,medical,1
APP101627,47,612000.0,5.9,928000.0,12,9.17,730.0,1,0,1.516,OWN,personal,1
APP101628,38,438000.0,6.4,164000.0,24,9.67,835.0,0,0,0.187,OWN,debt_consolidation,0
APP101629,26,575000.0,8.6,493000.0,24,7.47,,3,0,0.429,OWN,education,0
APP101630,46,814000.0,5.7,714000.0,60,7.81,735.0,0,0,0.175,MORTGAGE,business,0
APP101631,61,937000.0,15.6,657000.0,24,6.94,789.0,0,1,0.351,RENT,medical,0
APP101632,25,658000.0,4.7,614000.0,12,7.38,720.0,1,1,0.933,RENT,personal,1
APP101633,60,542000.0,3.3,808000.0,60,5.99,769.0,0,0,0.298,RENT,personal,0
APP101634,39,639000.0,12.5,502000.0,36,7.34,618.0,1,0,0.262,OWN,personal,0
APP101635,45,460000.0,4.6,161000.0,48,7.15,731.0,2,0,0.088,OWN,medical,0
APP101636,28,518000.0,5.3,578000.0,12,6.49,694.0,1,0,1.116,RENT,medical,1
APP101637,48,664000.0,6.4,130000.0,60,9.24,702.0,0,0,0.039,OWN,personal,0
APP101638,29,640000.0,6.0,968000.0,36,5.0,710.0,1,0,0.504,MORTGAGE,debt_consolidation,0
APP101639,33,737000.0,7.7,1115000.0,12,8.24,688.0,1,0,1.513,RENT,personal,1
APP101640,53,771000.0,8.3,219000.0,48,5.47,767.0,1,0,0.071,RENT,medical,0
APP101641,23,296000.0,3.1,281000.0,36,5.63,623.0,1,1,0.316,RENT,personal,0
APP101642,41,316000.0,1.9,413000.0,36,5.82,606.0,2,0,0.436,OWN,home_improvement,0
APP101643,47,635000.0,2.1,523000.0,36,8.54,688.0,0,1,0.275,MORTGAGE,education,0
APP101644,26,770000.0,11.6,650000.0,36,5.0,770.0,2,1,0.281,RENT,debt_consolidation,0
APP101645,34,502000.0,4.3,782000.0,48,7.87,690.0,1,0,0.389,MORTGAGE,home_improvement,0
APP101646,36,345000.0,9.0,167000.0,24,7.6,705.0,2,0,0.242,RENT,education,0
APP101647,50,964000.0,8.4,880000.0,48,5.37,712.0,1,0,0.228,MORTGAGE,debt_consolidation,0
APP101648,64,771000.0,5.3,244000.0,12,7.9,823.0,2,1,0.316,MORTGAGE,business,0
APP101649,58,654000.0,2.5,385000.0,48,5.0,712.0,1,2,0.147,OWN,education,0
APP101650,29,352000.0,8.6,487000.0,24,7.4,704.0,0,0,0.692,RENT,education,1
APP101651,21,441000.0,5.2,524000.0,36,5.0,719.0,0,0,0.396,RENT,home_improvement,0
APP101652,23,513000.0,1.8,532000.0,36,12.01,634.0,2,1,0.346,RENT,medical,1
APP101653,47,651000.0,3.6,205000.0,48,9.4,783.0,2,1,0.079,RENT,business,0
APP101654,28,330000.0,1.2,457000.0,60,8.04,638.0,0,0,0.277,MORTGAGE,personal,0
APP101655,31,472000.0,3.7,275000.0,36,5.4,636.0,1,1,0.194,MORTGAGE,personal,1
APP101656,59,578000.0,5.5,535000.0,60,6.89,743.0,1,1,0.185,OWN,business,0
APP101657,60,917000.0,4.8,448000.0,84,6.98,814.0,1,0,0.07,RENT,education,0
APP101658,58,784000.0,4.3,710000.0,84,8.03,709.0,2,0,0.129,RENT,debt_consolidation,0
APP101659,32,429000.0,5.5,414000.0,36,8.38,689.0,3,0,0.322,MORTGAGE,debt_consolidation,1
APP101660,48,452000.0,7.4,291000.0,12,7.99,710.0,3,0,0.644,MORTGAGE,education,0
APP101661,48,694000.0,9.5,613000.0,48,8.25,725.0,2,0,0.221,MORTGAGE,personal,1
APP101662,29,474000.0,10.3,350000.0,24,7.13,856.0,0,0,0.369,OWN,education,0
APP101663,45,491000.0,2.8,570000.0,60,8.25,741.0,1,0,0.232,RENT,personal,0
APP101664,44,476000.0,11.0,447000.0,12,6.1,713.0,1,0,0.939,MORTGAGE,debt_consolidation,1
APP101665,38,389000.0,5.2,554000.0,60,5.16,715.0,1,1,0.285,MORTGAGE,home_improvement,1
APP101666,54,646000.0,4.0,143000.0,12,11.57,742.0,1,1,0.221,OWN,personal,1
APP101667,51,542000.0,2.2,102000.0,60,8.42,663.0,1,0,0.038,RENT,business,0
APP101668,44,972000.0,7.0,412000.0,48,11.47,720.0,0,1,0.106,OWN,education,0
APP101669,53,739000.0,6.8,238000.0,24,6.9,,0,0,0.161,MORTGAGE,debt_consolidation,0
APP101670,55,447000.0,3.3,408000.0,36,12.8,654.0,1,0,0.304,MORTGAGE,debt_consolidation,1
APP101671,46,336000.0,3.4,148000.0,36,7.68,703.0,0,0,0.147,MORTGAGE,business,0
APP101672,33,563000.0,4.6,98000.0,60,10.02,703.0,0,0,0.035,MORTGAGE,personal,0
APP101673,55,567000.0,3.9,317000.0,36,7.57,691.0,1,0,0.186,RENT,personal,0
APP101674,53,800000.0,2.7,711000.0,36,7.86,800.0,0,1,0.296,MORTGAGE,business,0
APP101675,65,706000.0,2.0,837000.0,36,7.25,716.0,1,0,0.395,MORTGAGE,home_improvement,0
APP101676,27,248000.0,11.1,195000.0,48,6.42,696.0,1,2,0.197,RENT,debt_consolidation,1
APP101677,39,373000.0,3.5,577000.0,12,9.66,708.0,3,1,1.547,MORTGAGE,education,1
APP101678,62,602000.0,6.8,264000.0,84,7.48,721.0,1,0,0.063,RENT,personal,0
APP101679,44,674000.0,7.8,603000.0,48,9.33,702.0,1,0,0.224,OWN,business,0
APP101680,63,555000.0,7.1,287000.0,60,9.49,807.0,1,0,0.103,RENT,business,0
APP101681,21,496000.0,8.1,655000.0,60,10.61,782.0,1,1,0.264,RENT,business,0
APP101682,22,266000.0,7.0,112000.0,24,8.43,784.0,0,0,0.211,RENT,home_improvement,0
APP101683,56,623000.0,3.0,962000.0,36,5.0,683.0,1,1,0.515,RENT,business,0
APP101684,37,577000.0,4.1,686000.0,24,6.8,738.0,1,0,0.594,RENT,personal,0
APP101685,44,864000.0,10.9,827000.0,24,7.44,660.0,1,1,0.479,MORTGAGE,personal,0
APP101686,40,569000.0,3.5,525000.0,12,7.53,704.0,0,1,0.923,OWN,debt_consolidation,1
APP101687,39,424000.0,5.2,286000.0,60,10.4,657.0,1,0,0.135,MORTGAGE,home_improvement,0
APP101688,63,941000.0,7.4,170000.0,36,10.0,770.0,1,0,0.06,MORTGAGE,home_improvement,0
APP101689,25,536000.0,13.6,792000.0,48,7.18,792.0,2,1,0.369,RENT,medical,0
APP101690,55,820000.0,10.3,1068000.0,36,12.85,670.0,1,0,0.434,RENT,medical,0
APP101691,61,553000.0,2.4,191000.0,24,6.73,821.0,0,0,0.173,RENT,debt_consolidation,0
APP101692,50,644000.0,6.7,211000.0,36,6.91,741.0,3,0,0.109,OWN,debt_consolidation,0
APP101693,38,431000.0,6.1,257000.0,36,5.1,680.0,1,0,0.199,MORTGAGE,personal,0
APP101694,28,516000.0,4.1,648000.0,60,5.0,724.0,2,0,0.251,RENT,personal,1
APP101695,51,740000.0,5.3,651000.0,48,5.0,815.0,0,0,0.22,MORTGAGE,personal,0
APP101696,42,464000.0,3.0,510000.0,24,9.73,767.0,3,0,0.55,RENT,personal,1
APP101697,27,385000.0,4.6,61000.0,48,9.13,787.0,1,0,0.04,OWN,debt_consolidation,0
APP101698,37,568000.0,3.5,846000.0,36,5.56,679.0,0,1,0.496,MORTGAGE,business,0
APP101699,64,577000.0,5.6,225000.0,12,7.72,634.0,2,1,0.39,MORTGAGE,medical,1
APP101700,32,262000.0,4.0,160000.0,12,9.27,719.0,1,0,0.611,RENT,medical,0
APP101701,29,649000.0,14.3,989000.0,24,5.0,700.0,3,1,0.762,RENT,debt_consolidation,1
APP101702,51,608000.0,5.7,737000.0,60,11.4,664.0,0,2,0.242,OWN,debt_consolidation,1
APP101703,29,463000.0,4.9,413000.0,60,9.82,631.0,1,2,0.178,OWN,home_improvement,1
APP101704,62,753000.0,4.4,1055000.0,48,9.28,617.0,0,2,0.35,OWN,personal,0
APP101705,59,751000.0,4.0,179000.0,12,10.14,749.0,2,0,0.238,OWN,home_improvement,0
APP101706,65,637000.0,1.8,166000.0,36,5.0,667.0,2,0,0.087,RENT,education,1
APP101707,62,562000.0,9.0,211000.0,36,7.02,782.0,0,0,0.125,RENT,medical,0
APP101708,31,490000.0,12.5,261000.0,36,10.27,,0,0,0.178,MORTGAGE,personal,0
APP101709,30,559000.0,3.4,659000.0,48,7.48,675.0,2,1,0.295,RENT,medical,0
APP101710,36,617000.0,10.9,569000.0,12,9.13,603.0,2,2,0.922,OWN,debt_consolidation,1
APP101711,42,686000.0,22.2,527000.0,12,10.69,730.0,0,2,0.768,RENT,home_improvement,0
APP101712,60,699000.0,17.2,898000.0,48,9.05,739.0,0,0,0.321,RENT,personal,0
APP101713,54,813000.0,12.2,496000.0,24,6.93,657.0,0,1,0.305,OWN,debt_consolidation,0
APP101714,49,535000.0,2.0,147000.0,48,8.77,655.0,0,2,0.069,OWN,home_improvement,1
APP101715,60,747000.0,2.0,542000.0,60,5.0,565.0,0,4,0.145,RENT,medical,1
APP101716,50,779000.0,8.1,983000.0,48,8.58,650.0,0,0,0.315,MORTGAGE,medical,0
APP101717,38,493000.0,5.2,413000.0,84,9.15,707.0,1,2,0.12,MORTGAGE,home_improvement,0
APP101718,39,635000.0,0.7,995000.0,48,7.83,630.0,0,1,0.392,RENT,personal,1
APP101719,44,580000.0,3.8,807000.0,60,10.06,725.0,0,1,0.278,OWN,education,1
APP101720,24,528000.0,7.8,685000.0,48,8.11,861.0,0,0,0.324,RENT,home_improvement,0
APP101721,54,301000.0,4.6,383000.0,60,7.82,669.0,1,0,0.254,RENT,debt_consolidation,0
APP101722,50,467000.0,5.2,464000.0,36,11.53,747.0,1,0,0.331,RENT,debt_consolidation,1
APP101723,53,454000.0,2.0,661000.0,36,5.39,674.0,0,1,0.485,RENT,business,0
APP101724,45,517000.0,3.7,520000.0,36,10.56,732.0,1,0,0.335,OWN,debt_consolidation,0
APP101725,56,700000.0,8.1,483000.0,36,10.39,630.0,1,0,0.23,RENT,home_improvement,0
APP101726,63,694000.0,3.6,301000.0,36,9.36,741.0,1,0,0.145,RENT,debt_consolidation,0
APP101727,46,707000.0,11.5,940000.0,84,6.61,703.0,2,1,0.19,RENT,personal,1
APP101728,40,451000.0,5.3,310000.0,48,8.25,835.0,0,1,0.172,OWN,personal,0
APP101729,25,588000.0,7.0,763000.0,36,5.73,613.0,1,0,0.433,MORTGAGE,debt_consolidation,0
APP101730,56,953000.0,8.0,1501000.0,36,6.26,672.0,1,1,0.525,RENT,home_improvement,0
APP101731,61,655000.0,7.7,477000.0,60,7.79,743.0,2,0,0.146,RENT,debt_consolidation,0
APP101732,52,490000.0,2.3,316000.0,60,5.56,746.0,3,0,0.129,RENT,business,0
APP101733,59,534000.0,2.7,212000.0,48,6.99,645.0,2,2,0.099,MORTGAGE,education,1
APP101734,59,625000.0,0.7,525000.0,12,5.08,754.0,1,1,0.84,MORTGAGE,medical,1
APP101735,56,556000.0,4.1,611000.0,60,8.94,668.0,4,1,0.22,RENT,home_improvement,0
APP101736,43,278000.0,2.5,168000.0,60,11.1,714.0,2,0,0.121,RENT,business,0
APP101737,25,223000.0,3.5,190000.0,60,12.33,604.0,0,1,0.17,OWN,personal,0
APP101738,21,582000.0,4.4,541000.0,48,5.23,761.0,0,0,0.232,RENT,home_improvement,0
APP101739,30,692000.0,5.8,380000.0,12,5.61,778.0,1,1,0.549,RENT,medical,0
APP101740,40,786000.0,4.7,145000.0,84,7.39,657.0,2,0,0.026,RENT,debt_consolidation,1
APP101741,54,663000.0,4.6,307000.0,12,9.31,677.0,0,1,0.463,OWN,debt_consolidation,0
APP101742,41,427000.0,6.6,561000.0,24,7.3,628.0,3,0,0.657,MORTGAGE,home_improvement,1
APP101743,22,377000.0,5.1,209000.0,48,9.87,728.0,0,1,0.139,RENT,education,0
APP101744,30,319000.0,9.4,54000.0,36,8.92,702.0,0,1,0.056,OWN,home_improvement,0
APP101745,65,472000.0,5.1,362000.0,48,5.0,729.0,2,1,0.192,MORTGAGE,debt_consolidation,0
APP101746,65,843000.0,13.7,961000.0,48,7.87,687.0,0,2,0.285,MORTGAGE,personal,0
APP101747,37,579000.0,2.2,719000.0,12,5.02,691.0,0,1,1.242,MORTGAGE,debt_consolidation,1
APP101748,57,934000.0,4.0,701000.0,48,6.51,688.0,1,1,0.188,RENT,personal,1
APP101749,53,593000.0,3.1,581000.0,60,6.84,736.0,0,0,0.196,RENT,personal,0
APP101750,62,490000.0,6.0,603000.0,60,9.38,668.0,1,2,0.246,MORTGAGE,debt_consolidation,1
APP101751,60,618000.0,2.2,890000.0,24,7.68,739.0,1,0,0.72,OWN,personal,0
APP101752,49,518000.0,1.4,558000.0,36,6.72,764.0,1,1,0.359,RENT,personal,1
APP101753,38,436000.0,2.6,502000.0,24,12.36,770.0,1,0,0.576,MORTGAGE,personal,1
APP101754,49,614000.0,1.5,180000.0,48,5.78,811.0,1,0,0.073,OWN,business,0
APP101755,35,331000.0,4.4,251000.0,48,8.38,655.0,1,0,0.19,MORTGAGE,business,1
APP101756,36,555000.0,5.8,799000.0,36,9.22,662.0,0,1,0.48,MORTGAGE,medical,1
APP101757,48,650000.0,1.2,249000.0,36,8.12,765.0,2,0,0.128,RENT,debt_consolidation,1
APP101758,46,785000.0,3.8,471000.0,60,5.77,672.0,0,0,0.12,OWN,personal,0
APP101759,47,702000.0,10.3,795000.0,60,5.66,765.0,1,2,0.226,RENT,debt_consolidation,0
APP101760,38,782000.0,12.3,1140000.0,36,9.11,652.0,1,2,0.486,RENT,personal,1
APP101761,39,519000.0,8.5,122000.0,24,10.04,711.0,2,0,0.118,OWN,personal,0
APP101762,21,335000.0,0.4,473000.0,36,7.63,700.0,0,0,0.471,OWN,personal,1
APP101763,48,805000.0,5.4,378000.0,60,5.0,694.0,1,1,0.094,RENT,debt_consolidation,1
APP101764,46,453000.0,11.1,633000.0,48,7.77,833.0,0,0,0.349,MORTGAGE,business,0
APP101765,63,610000.0,3.5,878000.0,48,11.08,800.0,0,0,0.36,MORTGAGE,business,0
APP101766,43,699000.0,1.8,891000.0,36,5.53,822.0,1,0,0.425,RENT,medical,0
APP101767,42,596000.0,10.5,888000.0,36,7.05,792.0,2,2,0.497,RENT,business,1
APP101768,24,490000.0,11.6,756000.0,24,7.87,672.0,2,1,0.771,MORTGAGE,personal,1
APP101769,29,444000.0,5.0,662000.0,36,10.14,665.0,1,0,0.497,MORTGAGE,debt_consolidation,0
APP101770,36,505000.0,1.8,451000.0,24,6.58,668.0,1,2,0.447,RENT,business,1
APP101771,37,648000.0,,533000.0,36,8.81,740.0,0,0,0.274,MORTGAGE,medical,1
APP101772,37,687000.0,6.4,208000.0,36,10.8,624.0,0,1,0.101,MORTGAGE,medical,1
APP101773,38,517000.0,3.1,240000.0,60,5.0,714.0,0,2,0.093,MORTGAGE,debt_consolidation,1
APP101774,55,801000.0,4.8,878000.0,36,5.0,672.0,0,0,0.365,OWN,home_improvement,1
APP101775,26,510000.0,4.4,171000.0,24,7.54,651.0,3,1,0.168,MORTGAGE,home_improvement,1
APP101776,35,619000.0,2.5,939000.0,12,9.9,702.0,4,1,1.517,RENT,debt_consolidation,1
APP101777,28,276000.0,1.0,132000.0,24,8.48,730.0,2,0,0.239,MORTGAGE,debt_consolidation,0
APP101778,34,758000.0,3.6,210000.0,48,10.1,731.0,0,0,0.069,OWN,personal,0
APP101779,51,656000.0,5.6,322000.0,48,5.0,689.0,0,2,0.123,RENT,debt_consolidation,0
APP101780,23,120000.0,5.8,50000.0,48,8.5,741.0,3,0,0.104,MORTGAGE,debt_consolidation,0
APP101781,36,750000.0,2.9,293000.0,60,5.0,684.0,1,0,0.078,MORTGAGE,debt_consolidation,0
APP101782,22,520000.0,11.4,521000.0,24,10.66,715.0,2,1,0.501,MORTGAGE,business,1
APP101783,63,593000.0,2.0,338000.0,36,10.36,724.0,0,0,0.19,RENT,personal,1
APP101784,53,594000.0,9.7,779000.0,24,7.02,710.0,1,1,0.656,OWN,home_improvement,1
APP101785,31,568000.0,5.5,419000.0,24,5.0,749.0,2,1,0.369,RENT,home_improvement,0
APP101786,29,334000.0,3.6,396000.0,36,7.28,697.0,2,1,0.395,OWN,personal,1
APP101787,25,397000.0,7.0,467000.0,48,10.2,803.0,1,0,0.294,MORTGAGE,debt_consolidation,0
APP101788,42,469000.0,4.2,163000.0,60,8.65,692.0,1,0,0.07,OWN,home_improvement,0
APP101789,54,547000.0,1.4,127000.0,36,11.81,718.0,0,0,0.077,MORTGAGE,personal,0
APP101790,47,478000.0,1.9,655000.0,36,7.09,640.0,0,0,0.457,RENT,education,0
APP101791,60,786000.0,4.0,917000.0,60,12.21,610.0,1,2,0.233,OWN,home_improvement,0
APP101792,36,546000.0,3.3,220000.0,60,5.0,660.0,2,1,0.081,OWN,personal,0
APP101793,33,622000.0,9.6,707000.0,48,6.07,756.0,1,0,0.284,MORTGAGE,home_improvement,0
APP101794,42,631000.0,3.1,396000.0,36,5.0,699.0,0,0,0.209,OWN,medical,1
APP101795,30,452000.0,3.0,105000.0,36,9.36,610.0,0,2,0.077,RENT,home_improvement,1
APP101796,64,513000.0,2.7,247000.0,48,5.08,726.0,2,0,0.12,RENT,debt_consolidation,0
APP101797,29,725000.0,2.5,903000.0,12,9.96,624.0,1,0,1.246,RENT,debt_consolidation,1
APP101798,42,672000.0,2.6,482000.0,36,9.25,618.0,2,0,0.239,RENT,business,0
APP101799,44,775000.0,1.6,729000.0,12,8.14,678.0,0,0,0.941,OWN,debt_consolidation,0
APP101800,23,610000.0,5.6,212000.0,48,7.49,726.0,3,0,0.087,RENT,education,0
APP101801,42,487000.0,4.5,138000.0,36,5.42,653.0,0,1,0.094,RENT,debt_consolidation,0
APP101802,41,197000.0,4.4,98000.0,12,9.06,725.0,1,0,0.497,RENT,medical,1
APP101803,32,271000.0,1.1,226000.0,36,6.61,763.0,0,0,0.278,MORTGAGE,debt_consolidation,0
APP101804,26,581000.0,6.6,801000.0,24,9.42,741.0,2,0,0.689,RENT,business,1
APP101805,23,458000.0,7.1,576000.0,60,11.02,829.0,0,0,0.252,RENT,home_improvement,0
APP101806,21,473000.0,13.3,181000.0,60,7.04,728.0,0,1,0.077,RENT,business,1
APP101807,42,209000.0,6.8,53000.0,36,10.63,766.0,2,1,0.085,RENT,debt_consolidation,0
APP101808,25,578000.0,15.0,276000.0,12,8.14,738.0,2,1,0.478,MORTGAGE,debt_consolidation,1
APP101809,64,507000.0,2.9,703000.0,60,9.04,639.0,1,2,0.277,RENT,personal,0
APP101810,32,498000.0,13.7,447000.0,60,5.0,667.0,0,1,0.18,RENT,business,0
APP101811,50,762000.0,7.0,1006000.0,60,6.21,715.0,0,1,0.264,RENT,medical,0
APP101812,51,478000.0,6.4,328000.0,36,6.19,624.0,1,1,0.229,MORTGAGE,personal,1
APP101813,43,420000.0,4.3,423000.0,12,10.69,671.0,2,1,1.007,MORTGAGE,personal,1
APP101814,60,681000.0,3.6,689000.0,84,6.95,719.0,0,0,0.145,OWN,debt_consolidation,0
APP101815,25,568000.0,3.1,601000.0,36,9.11,773.0,2,0,0.353,MORTGAGE,debt_consolidation,0
APP101816,31,545000.0,14.1,453000.0,36,7.56,681.0,0,1,0.277,MORTGAGE,education,0
APP101817,32,712000.0,4.2,354000.0,60,6.94,744.0,1,0,0.099,RENT,personal,0
APP101818,27,305000.0,7.1,235000.0,48,5.0,672.0,1,0,0.193,OWN,education,0
APP101819,34,333000.0,8.1,521000.0,12,5.0,766.0,2,0,1.565,RENT,education,1
APP101820,35,326000.0,8.1,178000.0,84,6.98,791.0,0,1,0.078,RENT,debt_consolidation,0
APP101821,55,401000.0,5.7,482000.0,36,7.11,686.0,0,0,0.401,OWN,education,0
APP101822,34,668000.0,13.6,1015000.0,24,5.79,718.0,1,1,0.76,RENT,business,0
APP101823,60,544000.0,6.7,528000.0,12,8.04,830.0,2,1,0.971,RENT,debt_consolidation,1
APP101824,55,404000.0,3.0,347000.0,36,12.04,685.0,0,0,0.286,RENT,business,0
APP101825,61,719000.0,3.8,234000.0,48,11.01,648.0,0,0,0.081,MORTGAGE,debt_consolidation,0
APP101826,25,538000.0,1.2,668000.0,12,7.69,735.0,0,0,1.242,MORTGAGE,personal,1
APP101827,65,871000.0,6.1,1282000.0,36,7.76,637.0,1,1,0.491,MORTGAGE,debt_consolidation,1
APP101828,48,759000.0,7.5,1193000.0,36,9.04,747.0,1,0,0.524,OWN,debt_consolidation,0
APP101829,65,597000.0,7.9,264000.0,36,8.18,756.0,0,1,0.147,RENT,business,0
APP101830,36,591000.0,7.0,877000.0,84,9.05,678.0,0,0,0.212,MORTGAGE,debt_consolidation,0
APP101831,63,754000.0,4.3,518000.0,36,8.24,602.0,2,1,0.229,OWN,debt_consolidation,0
APP101832,47,520000.0,4.9,545000.0,60,7.84,777.0,1,0,0.21,RENT,debt_consolidation,1
APP101833,24,478000.0,4.9,227000.0,36,6.2,797.0,0,1,0.158,RENT,home_improvement,0
APP101834,39,411000.0,9.6,210000.0,24,8.4,722.0,0,0,0.255,RENT,debt_consolidation,1
APP101835,27,327000.0,0.8,343000.0,24,5.0,798.0,0,0,0.524,MORTGAGE,personal,0
APP101836,63,725000.0,3.4,618000.0,84,8.19,778.0,2,1,0.122,OWN,business,0
APP101837,34,705000.0,2.1,1092000.0,12,5.0,717.0,2,1,1.549,OWN,debt_consolidation,1
APP101838,31,815000.0,17.2,435000.0,24,8.19,753.0,1,0,0.267,MORTGAGE,debt_consolidation,0
APP101839,45,750000.0,10.9,1067000.0,36,5.45,779.0,0,0,0.474,OWN,debt_consolidation,0
APP101840,40,544000.0,3.5,445000.0,48,10.42,766.0,1,0,0.205,OWN,personal,0
APP101841,25,407000.0,1.5,140000.0,36,7.8,,2,0,0.115,OWN,debt_consolidation,1
APP101842,57,398000.0,1.9,198000.0,12,7.61,708.0,1,0,0.497,RENT,home_improvement,0
APP101843,59,593000.0,9.5,739000.0,36,8.5,640.0,3,0,0.415,RENT,debt_consolidation,0
APP101844,54,468000.0,1.2,631000.0,60,5.7,591.0,6,1,0.27,RENT,home_improvement,1
APP101845,48,684000.0,5.0,142000.0,60,10.07,692.0,0,2,0.042,RENT,personal,1
APP101846,39,728000.0,8.5,542000.0,84,9.13,667.0,1,2,0.106,RENT,debt_consolidation,1
APP101847,45,651000.0,1.7,564000.0,36,6.39,651.0,2,2,0.289,RENT,business,1
APP101848,44,750000.0,4.9,781000.0,24,5.28,714.0,1,0,0.521,OWN,education,1
APP101849,28,472000.0,3.6,516000.0,12,6.68,717.0,0,0,1.093,RENT,personal,0
APP101850,24,285000.0,3.2,386000.0,60,7.26,689.0,1,1,0.271,RENT,personal,0
APP101851,32,468000.0,2.8,256000.0,48,5.11,785.0,3,0,0.137,OWN,personal,0
APP101852,41,495000.0,9.0,155000.0,48,6.49,765.0,1,0,0.078,RENT,personal,0
APP101853,28,665000.0,12.4,280000.0,36,6.2,693.0,0,0,0.14,OWN,medical,0
APP101854,25,394000.0,4.0,594000.0,36,7.06,704.0,0,0,0.503,RENT,personal,0
APP101855,59,666000.0,6.4,628000.0,36,7.07,716.0,3,1,0.314,RENT,education,0
APP101856,37,636000.0,5.0,297000.0,36,8.57,,1,0,0.156,RENT,home_improvement,0
APP101857,47,432000.0,0.9,557000.0,36,7.57,750.0,0,0,0.43,RENT,personal,1
APP101858,44,705000.0,3.9,706000.0,24,8.38,690.0,1,1,0.501,MORTGAGE,education,1
APP101859,54,380000.0,0.7,259000.0,24,8.05,724.0,1,0,0.341,RENT,education,0
APP101860,54,661000.0,3.4,117000.0,24,7.07,797.0,0,0,0.089,OWN,business,0
APP101861,34,498000.0,4.8,640000.0,84,9.0,752.0,0,0,0.184,MORTGAGE,debt_consolidation,0
APP101862,59,824000.0,8.0,981000.0,84,5.0,842.0,0,0,0.17,MORTGAGE,debt_consolidation,0
APP101863,37,338000.0,6.0,179000.0,48,6.71,613.0,3,2,0.132,MORTGAGE,personal,1
APP101864,58,478000.0,9.1,256000.0,60,6.24,688.0,0,0,0.107,RENT,business,0
APP101865,39,625000.0,2.4,340000.0,24,7.76,673.0,2,2,0.272,OWN,home_improvement,0
APP101866,25,478000.0,11.4,536000.0,24,6.1,722.0,1,0,0.561,RENT,personal,0
APP101867,55,715000.0,12.4,412000.0,12,8.71,734.0,2,0,0.576,OWN,personal,1
APP101868,22,291000.0,0.7,175000.0,12,9.1,,0,1,0.601,RENT,business,1
APP101869,55,730000.0,1.1,508000.0,48,5.0,642.0,1,0,0.174,MORTGAGE,debt_consolidation,0
APP101870,22,483000.0,4.7,759000.0,12,7.99,601.0,1,0,1.571,RENT,personal,1
APP101871,30,504000.0,3.2,412000.0,84,5.0,766.0,0,0,0.117,MORTGAGE,education,0
APP101872,48,406000.0,3.6,283000.0,48,8.56,630.0,2,0,0.174,RENT,education,0
APP101873,63,774000.0,5.9,644000.0,24,6.47,667.0,1,1,0.416,RENT,business,1
APP101874,39,448000.0,9.4,534000.0,60,5.73,729.0,0,0,0.238,MORTGAGE,personal,0
APP101875,26,335000.0,2.3,480000.0,60,5.0,711.0,1,0,0.287,MORTGAGE,home_improvement,0
APP101876,31,356000.0,10.4,565000.0,36,7.3,728.0,0,2,0.529,RENT,medical,0
APP101877,61,626000.0,2.8,535000.0,12,5.0,753.0,1,0,0.855,RENT,debt_consolidation,0
APP101878,53,952000.0,18.7,778000.0,36,5.0,725.0,2,1,0.272,MORTGAGE,home_improvement,0
APP101879,25,572000.0,11.5,360000.0,36,7.91,,2,0,0.21,RENT,medical,0
APP101880,38,448000.0,3.0,573000.0,48,9.63,660.0,1,0,0.32,OWN,business,0
APP101881,32,476000.0,1.5,524000.0,36,8.37,682.0,0,0,0.367,RENT,business,1
APP101882,29,474000.0,2.9,321000.0,60,5.0,887.0,1,1,0.135,RENT,home_improvement,0
APP101883,59,645000.0,2.6,582000.0,24,7.2,734.0,0,0,0.451,MORTGAGE,debt_consolidation,1
APP101884,48,653000.0,7.4,293000.0,84,9.0,746.0,1,1,0.064,RENT,debt_consolidation,1
APP101885,29,276000.0,0.7,319000.0,24,7.2,612.0,2,1,0.578,MORTGAGE,home_improvement,1
APP101886,50,579000.0,1.1,299000.0,60,8.22,745.0,2,0,0.103,RENT,education,0
APP101887,39,307000.0,7.2,202000.0,24,6.54,692.0,0,1,0.329,RENT,debt_consolidation,0
APP101888,23,504000.0,2.5,125000.0,48,6.65,660.0,4,0,0.062,RENT,debt_consolidation,1
APP101889,41,371000.0,3.4,174000.0,60,6.05,,1,1,0.094,RENT,education,0
APP101890,29,703000.0,,304000.0,36,8.85,813.0,1,0,0.144,MORTGAGE,home_improvement,0
APP101891,32,190000.0,9.6,231000.0,24,8.99,729.0,1,0,0.608,RENT,home_improvement,1
APP101892,60,994000.0,11.1,1150000.0,84,6.28,728.0,0,1,0.165,OWN,home_improvement,1
APP101893,52,412000.0,8.0,383000.0,84,9.16,706.0,1,0,0.133,MORTGAGE,home_improvement,0
APP101894,27,282000.0,4.2,201000.0,48,5.0,648.0,2,0,0.178,RENT,education,1
APP101895,59,696000.0,3.9,1002000.0,36,7.12,668.0,1,2,0.48,OWN,business,1
APP101896,46,662000.0,3.6,948000.0,24,5.0,705.0,4,0,0.716,MORTGAGE,education,0
APP101897,60,588000.0,1.7,602000.0,36,5.01,689.0,4,2,0.341,RENT,debt_consolidation,1
APP101898,54,735000.0,2.3,811000.0,48,5.0,740.0,2,0,0.276,MORTGAGE,debt_consolidation,0
APP101899,36,469000.0,10.2,612000.0,24,6.06,686.0,0,0,0.652,MORTGAGE,personal,0
APP101900,45,492000.0,2.7,589000.0,12,8.86,557.0,0,2,1.197,RENT,education,1
APP101901,44,489000.0,1.7,233000.0,60,7.33,641.0,1,2,0.095,RENT,business,0
APP101902,53,616000.0,10.7,542000.0,48,6.22,634.0,1,1,0.22,MORTGAGE,home_improvement,1
APP101903,32,220000.0,5.7,81000.0,48,7.12,726.0,0,0,0.092,RENT,business,0
APP101904,35,628000.0,14.3,831000.0,84,5.0,765.0,1,0,0.189,RENT,debt_consolidation,0
APP101905,32,584000.0,13.3,641000.0,36,8.76,710.0,3,1,0.366,RENT,home_improvement,0
APP101906,34,639000.0,1.9,1003000.0,36,5.0,691.0,1,0,0.523,OWN,business,1
APP101907,28,279000.0,4.5,97000.0,60,5.94,734.0,2,0,0.07,MORTGAGE,home_improvement,1
APP101908,22,311000.0,2.1,277000.0,84,7.33,784.0,2,0,0.127,OWN,debt_consolidation,0
APP101909,63,834000.0,2.1,1001000.0,12,8.48,747.0,0,0,1.2,MORTGAGE,business,0
APP101910,24,480000.0,3.5,676000.0,36,8.03,702.0,2,1,0.469,RENT,business,1
APP101911,60,782000.0,7.5,1085000.0,36,7.39,669.0,1,1,0.462,OWN,debt_consolidation,1
APP101912,21,534000.0,7.5,237000.0,24,10.71,745.0,0,0,0.222,RENT,personal,1
APP101913,55,731000.0,6.9,1151000.0,24,11.93,810.0,1,0,0.787,MORTGAGE,medical,0
APP101914,35,784000.0,4.2,1233000.0,12,7.52,717.0,1,0,1.573,RENT,home_improvement,1
APP101915,44,621000.0,7.8,966000.0,48,7.28,682.0,1,1,0.389,MORTGAGE,home_improvement,1
APP101916,33,317000.0,1.7,330000.0,24,7.15,783.0,1,0,0.521,RENT,debt_consolidation,1
APP101917,43,673000.0,5.8,913000.0,60,6.16,725.0,0,0,0.271,OWN,debt_consolidation,1
APP101918,41,470000.0,4.9,122000.0,48,8.33,728.0,1,1,0.065,OWN,personal,0
APP101919,44,546000.0,4.0,284000.0,36,10.3,715.0,3,0,0.173,RENT,debt_consolidation,0
APP101920,38,604000.0,5.9,171000.0,60,5.0,708.0,3,1,0.057,RENT,home_improvement,0
APP101921,45,422000.0,2.1,373000.0,48,7.13,773.0,0,0,0.221,RENT,personal,0
APP101922,58,607000.0,7.1,940000.0,48,10.77,789.0,2,0,0.387,RENT,education,0
APP101923,40,620000.0,4.9,677000.0,60,8.36,782.0,1,0,0.218,RENT,personal,0
APP101924,37,404000.0,1.2,331000.0,60,8.41,796.0,1,0,0.164,MORTGAGE,debt_consolidation,0
APP101925,26,610000.0,4.8,793000.0,60,5.0,709.0,1,0,0.26,RENT,business,0
APP101926,37,362000.0,3.2,343000.0,48,9.04,626.0,1,1,0.237,RENT,business,0
APP101927,26,381000.0,10.3,310000.0,36,9.72,735.0,0,0,0.271,RENT,personal,0
APP101928,29,732000.0,1.8,778000.0,48,7.94,866.0,2,0,0.266,RENT,medical,0
APP101929,63,421000.0,1.9,376000.0,36,6.06,666.0,3,1,0.298,MORTGAGE,debt_consolidation,0
APP101930,25,474000.0,6.5,512000.0,84,8.47,606.0,3,0,0.154,OWN,debt_consolidation,1
APP101931,42,831000.0,4.3,1092000.0,36,5.22,878.0,0,0,0.438,OWN,home_improvement,0
APP101932,58,643000.0,4.1,528000.0,24,5.0,733.0,1,0,0.411,OWN,home_improvement,0
APP101933,63,1056000.0,18.8,794000.0,36,9.26,706.0,1,0,0.251,OWN,home_improvement,0
APP101934,27,602000.0,7.7,578000.0,36,9.91,674.0,0,0,0.32,RENT,debt_consolidation,0
APP101935,28,461000.0,3.7,674000.0,36,5.87,739.0,0,0,0.487,RENT,home_improvement,0
APP101936,37,466000.0,1.1,356000.0,48,5.0,740.0,3,0,0.191,OWN,personal,0
APP101937,45,245000.0,3.6,338000.0,84,5.57,722.0,2,1,0.197,MORTGAGE,business,1
APP101938,64,605000.0,1.6,632000.0,36,7.93,722.0,3,1,0.348,RENT,personal,0
APP101939,30,492000.0,2.3,83000.0,84,5.0,,1,0,0.024,RENT,home_improvement,1
APP101940,28,480000.0,2.3,403000.0,60,10.32,655.0,1,0,0.168,RENT,debt_consolidation,0
APP101941,32,929000.0,9.8,423000.0,24,6.48,725.0,2,0,0.228,OWN,business,1
APP101942,60,668000.0,1.3,246000.0,36,8.31,762.0,3,0,0.123,RENT,education,0
APP101943,22,586000.0,9.1,287000.0,60,5.86,718.0,0,0,0.098,RENT,medical,0
APP101944,38,733000.0,6.7,867000.0,60,8.78,565.0,2,1,0.237,RENT,debt_consolidation,1
APP101945,26,566000.0,6.6,600000.0,24,8.96,748.0,4,0,0.53,RENT,business,1
APP101946,28,431000.0,2.2,400000.0,48,5.0,567.0,1,0,0.232,OWN,debt_consolidation,1
APP101947,62,709000.0,8.3,616000.0,24,6.0,648.0,1,2,0.434,RENT,home_improvement,0
APP101948,21,347000.0,2.0,248000.0,48,7.16,734.0,1,1,0.179,MORTGAGE,education,0
APP101949,35,678000.0,,973000.0,24,6.34,744.0,2,1,0.718,OWN,home_improvement,0
APP101950,62,715000.0,9.9,1074000.0,36,9.42,624.0,0,1,0.501,OWN,personal,0
APP101951,48,800000.0,14.0,1007000.0,36,6.19,773.0,0,1,0.42,RENT,personal,1
APP101952,24,303000.0,5.0,172000.0,36,9.07,782.0,3,0,0.189,RENT,personal,0
APP101953,41,570000.0,4.3,841000.0,24,8.57,685.0,3,2,0.738,OWN,personal,1
APP101954,64,909000.0,3.5,1216000.0,48,7.26,680.0,1,1,0.334,OWN,home_improvement,0
APP101955,39,672000.0,18.5,222000.0,60,9.16,758.0,0,1,0.066,RENT,personal,0
APP101956,44,880000.0,7.5,568000.0,48,5.0,661.0,1,1,0.161,OWN,home_improvement,0
APP101957,44,559000.0,1.7,349000.0,60,7.36,768.0,2,0,0.125,MORTGAGE,education,0
APP101958,50,681000.0,11.6,823000.0,60,5.8,830.0,0,0,0.242,OWN,debt_consolidation,0
APP101959,29,492000.0,4.2,448000.0,12,7.26,672.0,1,1,0.911,RENT,business,1
APP101960,58,555000.0,0.3,298000.0,12,6.47,767.0,0,0,0.537,MORTGAGE,home_improvement,0
APP101961,65,374000.0,2.6,181000.0,48,7.63,785.0,0,0,0.121,OWN,home_improvement,0
APP101962,27,663000.0,9.9,539000.0,48,7.52,675.0,0,2,0.203,RENT,medical,0
APP101963,57,1001000.0,6.7,1117000.0,84,7.81,574.0,1,1,0.159,RENT,personal,0
APP101964,57,756000.0,7.7,671000.0,12,7.89,729.0,2,0,0.888,OWN,personal,1
APP101965,54,793000.0,11.5,419000.0,24,8.76,558.0,2,0,0.264,RENT,medical,0
APP101966,37,455000.0,0.9,477000.0,60,5.0,787.0,3,0,0.21,RENT,business,0
APP101967,42,707000.0,2.6,1130000.0,60,8.62,744.0,2,0,0.32,OWN,business,0
APP101968,58,653000.0,5.1,265000.0,36,5.0,,2,0,0.135,RENT,home_improvement,0
APP101969,27,573000.0,10.1,525000.0,36,5.0,769.0,3,0,0.305,MORTGAGE,debt_consolidation,0
APP101970,58,387000.0,2.0,269000.0,60,11.84,626.0,1,1,0.139,RENT,personal,1
APP101971,62,587000.0,3.7,274000.0,36,5.43,776.0,2,0,0.156,MORTGAGE,education,0
APP101972,51,669000.0,4.8,950000.0,60,6.51,745.0,0,0,0.284,MORTGAGE,education,0
APP101973,36,632000.0,2.5,973000.0,84,5.0,742.0,0,0,0.22,MORTGAGE,personal,0
APP101974,46,724000.0,4.8,476000.0,24,6.5,709.0,0,0,0.329,MORTGAGE,business,1
APP101975,23,203000.0,4.3,133000.0,24,7.95,714.0,0,0,0.328,MORTGAGE,personal,1
APP101976,62,438000.0,3.1,124000.0,60,8.03,750.0,1,0,0.057,RENT,personal,0
APP101977,36,653000.0,8.3,683000.0,36,5.0,679.0,1,0,0.349,RENT,personal,1
APP101978,23,364000.0,7.3,69000.0,12,6.52,621.0,2,1,0.19,MORTGAGE,home_improvement,0
APP101979,56,823000.0,8.6,716000.0,36,8.31,779.0,2,0,0.29,MORTGAGE,business,0
APP101980,50,415000.0,9.1,154000.0,48,8.02,759.0,1,0,0.093,MORTGAGE,debt_consolidation,0
APP101981,49,544000.0,1.2,612000.0,24,7.78,670.0,0,0,0.562,OWN,debt_consolidation,1
APP101982,23,398000.0,1.3,596000.0,48,9.17,729.0,0,0,0.374,MORTGAGE,home_improvement,1
APP101983,54,740000.0,7.8,206000.0,24,7.26,738.0,0,0,0.139,RENT,debt_consolidation,0
APP101984,49,430000.0,3.4,549000.0,24,10.56,669.0,2,0,0.638,RENT,personal,1
APP101985,56,327000.0,3.0,443000.0,24,6.86,701.0,1,1,0.677,MORTGAGE,debt_consolidation,1
APP101986,58,656000.0,2.7,266000.0,36,9.03,678.0,2,1,0.135,RENT,home_improvement,0
APP101987,30,615000.0,8.8,915000.0,60,9.11,759.0,0,1,0.298,MORTGAGE,debt_consolidation,0
APP101988,30,795000.0,17.8,835000.0,36,5.0,761.0,2,0,0.35,RENT,personal,0
APP101989,62,676000.0,9.0,626000.0,60,8.47,708.0,0,0,0.185,MORTGAGE,home_improvement,1
APP101990,44,669000.0,3.2,752000.0,12,6.09,639.0,0,2,1.124,OWN,personal,1
APP101991,40,665000.0,8.5,378000.0,36,5.28,733.0,0,1,0.189,OWN,home_improvement,0
APP101992,33,662000.0,1.3,124000.0,36,6.57,606.0,2,0,0.062,MORTGAGE,personal,1
APP101993,49,585000.0,4.1,463000.0,60,7.86,630.0,4,0,0.158,MORTGAGE,debt_consolidation,1
APP101994,54,325000.0,0.9,399000.0,48,5.0,675.0,1,1,0.307,MORTGAGE,debt_consolidation,0
APP101995,21,407000.0,3.4,603000.0,60,7.56,646.0,2,2,0.296,OWN,medical,1
APP101996,45,599000.0,5.5,463000.0,36,7.02,776.0,1,0,0.258,RENT,debt_consolidation,1
APP101997,65,957000.0,19.9,509000.0,60,9.78,673.0,1,0,0.106,MORTGAGE,personal,0
APP101998,33,346000.0,10.7,118000.0,60,6.11,690.0,3,0,0.068,MORTGAGE,business,0
APP101999,33,412000.0,0.9,621000.0,60,10.12,721.0,0,0,0.301,RENT,debt_consolidation,1
APP102000,60,752000.0,1.0,365000.0,24,8.35,667.0,1,1,0.243,MORTGAGE,debt_consolidation,0
APP102001,23,402000.0,2.5,591000.0,12,7.43,675.0,1,0,1.47,OWN,education,1
APP102002,38,615000.0,15.2,256000.0,48,10.3,697.0,2,0,0.104,RENT,personal,0
APP102003,41,794000.0,1.0,140000.0,36,11.73,708.0,0,1,0.059,RENT,education,1
APP102004,56,458000.0,2.7,218000.0,60,7.04,683.0,3,0,0.095,MORTGAGE,personal,1
APP102005,26,623000.0,2.7,539000.0,12,5.87,696.0,1,0,0.865,MORTGAGE,education,1
APP102006,40,721000.0,6.5,473000.0,48,8.44,659.0,1,0,0.164,RENT,home_improvement,0
APP102007,27,481000.0,8.6,705000.0,24,5.0,817.0,2,1,0.733,RENT,medical,1
APP102008,56,669000.0,7.3,629000.0,36,5.0,734.0,1,0,0.313,RENT,personal,0
APP102009,49,608000.0,5.8,195000.0,24,10.38,791.0,3,0,0.16,MORTGAGE,education,0
APP102010,43,550000.0,1.2,581000.0,60,8.76,671.0,4,0,0.211,MORTGAGE,personal,1
APP102011,38,451000.0,5.2,322000.0,24,5.61,710.0,3,0,0.357,RENT,business,0
APP102012,27,489000.0,11.8,555000.0,36,14.4,716.0,0,2,0.378,MORTGAGE,personal,1
APP102013,62,743000.0,14.5,958000.0,12,5.0,742.0,0,0,1.289,RENT,home_improvement,1
APP102014,50,577000.0,6.3,911000.0,24,8.86,739.0,0,0,0.789,OWN,personal,0
APP102015,35,424000.0,0.9,418000.0,36,5.75,735.0,0,0,0.329,OWN,debt_consolidation,0
APP102016,39,225000.0,6.4,153000.0,12,11.42,703.0,2,0,0.68,RENT,home_improvement,1
APP102017,53,634000.0,4.3,494000.0,36,6.33,,0,0,0.26,RENT,education,0
APP102018,53,502000.0,1.1,368000.0,24,6.87,779.0,0,0,0.367,RENT,personal,0
APP102019,41,239000.0,1.9,192000.0,48,5.0,652.0,2,0,0.201,MORTGAGE,business,0
APP102020,34,428000.0,2.2,83000.0,60,12.08,820.0,0,0,0.039,RENT,debt_consolidation,0
APP102021,50,586000.0,7.8,298000.0,48,6.14,713.0,3,1,0.127,RENT,medical,0
APP102022,50,909000.0,14.0,1438000.0,12,8.56,723.0,1,0,1.582,RENT,business,1
APP102023,47,535000.0,7.0,800000.0,36,7.51,775.0,1,0,0.498,MORTGAGE,education,0
APP102024,24,590000.0,8.0,130000.0,24,6.29,747.0,4,0,0.11,RENT,business,1
APP102025,42,763000.0,4.5,1198000.0,36,5.0,738.0,1,0,0.523,MORTGAGE,debt_consolidation,1
APP102026,48,480000.0,3.0,623000.0,60,7.0,721.0,0,0,0.26,OWN,medical,0
APP102027,63,706000.0,7.1,109000.0,12,6.9,636.0,1,0,0.154,OWN,personal,0
APP102028,44,844000.0,5.9,1244000.0,24,8.2,666.0,0,1,0.737,RENT,business,1
APP102029,36,529000.0,2.4,816000.0,60,12.22,729.0,0,0,0.309,RENT,home_improvement,0
APP102030,46,649000.0,5.6,689000.0,36,8.92,759.0,0,0,0.354,MORTGAGE,debt_consolidation,0
APP102031,28,413000.0,4.7,534000.0,24,9.39,,1,0,0.646,OWN,home_improvement,0
APP102032,25,547000.0,3.7,346000.0,84,6.83,723.0,0,1,0.09,RENT,debt_consolidation,0
APP102033,51,585000.0,2.9,573000.0,24,5.0,676.0,1,1,0.49,MORTGAGE,medical,1
APP102034,65,441000.0,6.3,534000.0,60,6.89,741.0,0,1,0.242,RENT,personal,0
APP102035,59,588000.0,3.1,567000.0,24,5.88,790.0,0,2,0.482,RENT,personal,0
APP102036,47,568000.0,17.8,336000.0,84,7.39,766.0,0,0,0.085,RENT,personal,0
APP102037,22,480000.0,6.8,524000.0,60,6.41,710.0,2,0,0.218,OWN,medical,0
APP102038,65,579000.0,6.4,791000.0,24,5.0,707.0,3,0,0.683,OWN,debt_consolidation,0
APP102039,41,617000.0,4.1,840000.0,84,10.29,774.0,0,0,0.194,MORTGAGE,medical,0
APP102040,34,502000.0,3.4,172000.0,24,7.19,661.0,1,2,0.171,RENT,education,1
APP102041,61,437000.0,0.7,348000.0,60,6.77,729.0,1,1,0.159,MORTGAGE,medical,0
APP102042,54,530000.0,2.5,109000.0,48,5.07,749.0,0,1,0.051,OWN,debt_consolidation,0
APP102043,54,678000.0,0.9,724000.0,24,6.45,803.0,2,0,0.534,RENT,medical,0
APP102044,33,631000.0,0.9,316000.0,36,5.6,739.0,1,0,0.167,MORTGAGE,home_improvement,0
APP102045,65,524000.0,1.6,785000.0,12,5.0,,0,1,1.498,RENT,debt_consolidation,1
APP102046,41,462000.0,10.9,483000.0,36,7.86,745.0,2,0,0.348,RENT,home_improvement,0
APP102047,44,937000.0,10.9,685000.0,48,6.47,716.0,3,0,0.183,RENT,business,0
APP102048,54,604000.0,2.6,731000.0,36,9.15,700.0,1,1,0.403,MORTGAGE,business,1
APP102049,50,578000.0,1.2,261000.0,60,6.71,800.0,0,0,0.09,OWN,home_improvement,0
APP102050,28,347000.0,3.3,98000.0,60,7.75,665.0,1,1,0.056,MORTGAGE,business,1
APP102051,34,580000.0,7.8,160000.0,36,7.69,656.0,1,0,0.092,MORTGAGE,home_improvement,0
APP102052,37,842000.0,9.4,838000.0,48,8.35,720.0,0,1,0.249,OWN,business,0
APP102053,63,732000.0,5.5,1053000.0,24,5.65,725.0,2,0,0.719,RENT,debt_consolidation,0
APP102054,53,803000.0,6.3,380000.0,84,9.48,762.0,3,0,0.068,OWN,debt_consolidation,0
APP102055,37,546000.0,5.8,684000.0,60,5.0,707.0,2,0,0.251,RENT,personal,0
APP102056,54,432000.0,1.0,88000.0,84,7.59,672.0,3,0,0.029,RENT,debt_consolidation,1
APP102057,54,487000.0,1.3,323000.0,60,5.0,597.0,1,3,0.133,OWN,personal,0
APP102058,38,483000.0,14.4,530000.0,36,7.23,614.0,2,3,0.366,RENT,personal,1
APP102059,39,583000.0,5.5,786000.0,24,9.46,686.0,0,0,0.674,MORTGAGE,personal,1
APP102060,61,806000.0,0.5,1223000.0,36,8.72,647.0,1,0,0.506,RENT,education,1
APP102061,46,628000.0,6.5,670000.0,12,9.83,596.0,2,0,1.067,RENT,education,1
APP102062,27,391000.0,2.1,321000.0,36,6.83,725.0,2,1,0.274,OWN,debt_consolidation,1
APP102063,53,570000.0,,136000.0,36,9.5,752.0,0,0,0.08,RENT,business,0
APP102064,47,697000.0,9.3,383000.0,48,5.98,855.0,0,0,0.137,OWN,education,0
APP102065,43,412000.0,7.5,613000.0,48,6.49,646.0,1,0,0.372,MORTGAGE,business,1
APP102066,53,464000.0,5.5,462000.0,24,7.79,793.0,2,1,0.498,RENT,business,0
APP102067,61,891000.0,11.7,576000.0,48,9.37,699.0,1,1,0.162,RENT,debt_consolidation,0
APP102068,35,568000.0,12.5,290000.0,36,6.3,631.0,3,0,0.17,MORTGAGE,personal,0
APP102069,39,465000.0,2.1,146000.0,24,9.03,587.0,3,0,0.157,MORTGAGE,home_improvement,0
APP102070,29,487000.0,7.4,604000.0,36,8.01,669.0,1,1,0.413,RENT,personal,1
APP102071,50,694000.0,2.9,519000.0,24,8.24,730.0,2,1,0.374,OWN,education,0
APP102072,39,532000.0,1.9,802000.0,36,5.62,721.0,2,0,0.503,RENT,medical,0
APP102073,36,505000.0,12.5,408000.0,24,6.65,716.0,1,0,0.404,MORTGAGE,debt_consolidation,0
APP102074,52,556000.0,8.3,743000.0,12,7.29,790.0,1,0,1.336,RENT,personal,1
APP102075,39,524000.0,5.8,178000.0,36,8.24,701.0,1,1,0.113,MORTGAGE,medical,0
APP102076,41,569000.0,2.3,210000.0,36,5.72,629.0,1,0,0.123,RENT,personal,1
APP102077,40,637000.0,12.7,348000.0,60,5.0,789.0,0,1,0.109,RENT,personal,0
APP102078,32,449000.0,2.1,192000.0,24,5.0,640.0,3,0,0.214,RENT,personal,0
APP102079,26,433000.0,1.7,678000.0,36,9.14,665.0,0,0,0.522,OWN,education,0
APP102080,58,650000.0,4.8,859000.0,12,9.58,709.0,1,0,1.322,MORTGAGE,home_improvement,1
APP102081,25,377000.0,7.8,247000.0,12,5.0,717.0,1,1,0.655,RENT,debt_consolidation,0
APP102082,35,669000.0,3.6,605000.0,36,7.67,665.0,3,0,0.301,RENT,medical,0
APP102083,51,548000.0,5.4,506000.0,36,6.67,625.0,1,0,0.308,OWN,debt_consolidation,0
APP102084,26,460000.0,2.9,474000.0,48,10.18,665.0,0,1,0.258,RENT,personal,0
APP102085,50,279000.0,3.2,84000.0,60,7.04,744.0,1,1,0.06,RENT,personal,0
APP102086,53,722000.0,15.5,474000.0,60,8.7,751.0,0,0,0.131,RENT,education,0
APP102087,50,438000.0,4.4,120000.0,60,6.56,762.0,0,1,0.055,OWN,education,0
APP102088,34,454000.0,12.2,673000.0,24,5.99,773.0,0,0,0.741,MORTGAGE,education,0
APP102089,21,750000.0,0.9,551000.0,24,9.19,664.0,0,1,0.367,RENT,debt_consolidation,1
APP102090,60,769000.0,10.1,926000.0,36,9.87,655.0,2,1,0.401,RENT,business,0
APP102091,35,673000.0,2.4,1000000.0,48,5.0,698.0,1,1,0.371,RENT,education,0
APP102092,57,821000.0,8.4,492000.0,48,10.01,711.0,1,1,0.15,RENT,personal,1
APP102093,29,600000.0,2.4,166000.0,36,5.36,731.0,0,0,0.092,MORTGAGE,personal,0
APP102094,28,429000.0,3.4,273000.0,84,5.0,720.0,2,0,0.091,RENT,personal,0
APP102095,56,849000.0,1.8,953000.0,36,7.52,688.0,0,1,0.374,RENT,personal,0
APP102096,63,857000.0,8.5,750000.0,60,8.62,712.0,2,0,0.175,RENT,personal,0
APP102097,59,724000.0,9.5,187000.0,84,5.0,658.0,4,0,0.037,OWN,personal,0
APP102098,54,643000.0,2.5,162000.0,36,5.0,667.0,0,0,0.084,RENT,personal,0
APP102099,32,435000.0,1.1,506000.0,24,6.41,763.0,0,0,0.582,RENT,debt_consolidation,0
APP102100,62,775000.0,12.1,944000.0,36,6.12,681.0,1,0,0.406,MORTGAGE,business,0
APP102101,51,583000.0,2.8,180000.0,36,10.51,622.0,0,0,0.103,MORTGAGE,medical,1
APP102102,28,526000.0,4.2,685000.0,60,7.53,653.0,0,2,0.26,RENT,education,0
APP102103,26,692000.0,2.1,451000.0,84,9.12,730.0,1,0,0.093,RENT,debt_consolidation,0
APP102104,60,525000.0,8.0,131000.0,24,7.96,709.0,2,0,0.125,OWN,education,0
APP102105,33,717000.0,8.1,455000.0,12,10.95,642.0,0,1,0.635,MORTGAGE,medical,1
APP102106,55,686000.0,13.4,830000.0,60,5.54,761.0,2,1,0.242,OWN,personal,1
APP102107,27,726000.0,10.3,799000.0,36,7.31,688.0,1,2,0.367,RENT,debt_consolidation,0
APP102108,33,516000.0,9.8,438000.0,48,5.0,803.0,0,0,0.212,MORTGAGE,education,0
APP102109,33,564000.0,4.5,313000.0,36,9.29,691.0,4,0,0.185,MORTGAGE,home_improvement,1
APP102110,33,473000.0,4.1,358000.0,24,9.95,737.0,2,0,0.378,MORTGAGE,personal,0
APP102111,51,391000.0,7.9,275000.0,24,9.42,673.0,0,0,0.352,RENT,education,0
APP102112,62,934000.0,4.3,668000.0,12,7.23,533.0,3,0,0.715,OWN,personal,1
APP102113,61,602000.0,10.6,518000.0,36,5.0,734.0,1,0,0.287,RENT,home_improvement,0
APP102114,54,611000.0,2.0,495000.0,12,7.31,650.0,0,0,0.81,OWN,home_improvement,1
APP102115,30,282000.0,0.8,84000.0,36,6.01,760.0,1,0,0.099,MORTGAGE,home_improvement,1
APP102116,64,520000.0,7.2,297000.0,60,9.53,776.0,1,0,0.114,MORTGAGE,personal,0
APP102117,45,526000.0,3.1,177000.0,12,6.56,725.0,2,0,0.337,OWN,business,0
APP102118,45,451000.0,1.7,461000.0,60,6.51,640.0,1,1,0.204,MORTGAGE,personal,1
APP102119,52,617000.0,19.2,471000.0,24,12.28,684.0,2,2,0.382,RENT,personal,0
APP102120,55,633000.0,4.9,712000.0,48,9.26,742.0,2,0,0.281,MORTGAGE,debt_consolidation,0
APP102121,63,423000.0,1.4,117000.0,24,9.87,736.0,1,0,0.138,MORTGAGE,business,0
APP102122,47,584000.0,2.8,380000.0,60,6.37,657.0,2,0,0.13,MORTGAGE,business,0
APP102123,48,565000.0,3.8,233000.0,12,5.08,597.0,3,0,0.412,RENT,personal,1
APP102124,54,287000.0,7.1,81000.0,36,9.85,718.0,1,1,0.094,RENT,personal,0
APP102125,32,397000.0,2.8,505000.0,84,10.78,688.0,1,1,0.182,RENT,debt_consolidation,1
APP102126,34,576000.0,4.3,196000.0,24,5.0,723.0,1,1,0.17,OWN,personal,0
APP102127,49,456000.0,6.0,184000.0,60,6.36,694.0,1,1,0.081,RENT,business,0
APP102128,23,546000.0,6.8,372000.0,48,5.49,716.0,1,0,0.17,RENT,debt_consolidation,1
APP102129,35,579000.0,4.5,333000.0,36,8.56,710.0,1,0,0.192,OWN,debt_consolidation,1
APP102130,53,600000.0,15.4,890000.0,12,9.89,705.0,0,1,1.483,RENT,personal,1
APP102131,64,728000.0,8.0,1153000.0,60,6.69,868.0,0,0,0.317,OWN,personal,0
APP102132,44,730000.0,7.7,557000.0,60,6.68,714.0,1,0,0.153,MORTGAGE,personal,1
APP102133,38,437000.0,7.5,193000.0,24,5.0,717.0,0,0,0.221,RENT,business,1
APP102134,40,586000.0,10.6,511000.0,60,5.4,772.0,1,0,0.174,MORTGAGE,business,0
APP102135,51,797000.0,5.7,692000.0,60,10.82,747.0,1,0,0.174,MORTGAGE,home_improvement,0
APP102136,45,415000.0,2.0,343000.0,36,8.58,729.0,0,0,0.276,MORTGAGE,education,0
APP102137,22,530000.0,6.6,95000.0,60,9.54,658.0,0,1,0.036,RENT,business,1
APP102138,45,445000.0,7.2,150000.0,12,6.7,662.0,0,0,0.337,OWN,education,0
APP102139,39,601000.0,11.8,213000.0,36,6.9,741.0,0,0,0.118,MORTGAGE,debt_consolidation,0
APP102140,52,651000.0,1.8,430000.0,84,7.54,676.0,1,1,0.094,RENT,personal,0
APP102141,60,276000.0,2.2,274000.0,60,8.21,660.0,1,1,0.199,RENT,education,1
APP102142,64,614000.0,5.0,874000.0,24,10.53,718.0,0,2,0.712,RENT,home_improvement,0
APP102143,48,695000.0,7.7,329000.0,48,6.02,777.0,1,0,0.118,MORTGAGE,debt_consolidation,0
APP102144,37,524000.0,1.5,665000.0,24,7.2,758.0,0,1,0.635,MORTGAGE,education,0
APP102145,40,433000.0,1.8,207000.0,24,5.75,621.0,2,1,0.239,MORTGAGE,education,1
APP102146,28,360000.0,9.0,71000.0,24,5.0,795.0,0,0,0.099,MORTGAGE,home_improvement,1
APP102147,63,740000.0,1.5,808000.0,24,9.52,591.0,0,1,0.546,RENT,debt_consolidation,0
APP102148,59,583000.0,2.3,269000.0,36,11.34,676.0,2,1,0.154,OWN,business,0
APP102149,59,799000.0,9.4,1185000.0,36,9.18,758.0,0,1,0.494,RENT,debt_consolidation,0
APP102150,35,608000.0,7.6,914000.0,60,8.01,679.0,0,0,0.301,RENT,debt_consolidation,0
APP102151,35,426000.0,2.8,129000.0,60,11.58,652.0,0,0,0.061,RENT,education,0
APP102152,59,849000.0,7.0,367000.0,36,8.51,731.0,0,0,0.144,OWN,education,0
APP102153,45,503000.0,6.0,229000.0,24,9.27,814.0,1,0,0.228,MORTGAGE,personal,0
APP102154,52,793000.0,4.4,1167000.0,84,7.81,813.0,1,0,0.21,RENT,personal,0
APP102155,43,748000.0,3.5,197000.0,12,8.15,,2,0,0.263,MORTGAGE,business,0
APP102156,40,729000.0,6.8,903000.0,36,7.21,651.0,0,1,0.413,RENT,personal,0
APP102157,49,537000.0,1.7,305000.0,24,9.33,687.0,1,1,0.284,OWN,home_improvement,0
APP102158,57,1054000.0,6.7,1048000.0,60,5.1,819.0,1,1,0.199,RENT,medical,1
APP102159,36,556000.0,5.6,226000.0,36,8.42,772.0,1,0,0.135,OWN,debt_consolidation,0
APP102160,57,699000.0,5.9,922000.0,84,5.62,638.0,1,0,0.188,RENT,home_improvement,1
APP102161,31,459000.0,2.2,515000.0,84,8.62,751.0,2,0,0.16,MORTGAGE,education,0
APP102162,39,459000.0,12.0,83000.0,84,12.77,704.0,0,0,0.026,RENT,personal,0
APP102163,62,850000.0,2.8,420000.0,60,9.04,673.0,1,1,0.099,RENT,education,1
APP102164,63,581000.0,3.2,480000.0,48,10.08,685.0,3,2,0.207,MORTGAGE,medical,1
APP102165,62,812000.0,4.3,747000.0,84,9.49,709.0,0,0,0.131,RENT,home_improvement,0
APP102166,35,725000.0,7.6,978000.0,24,5.0,670.0,1,1,0.674,RENT,education,0
APP102167,58,758000.0,5.8,539000.0,60,7.21,782.0,1,0,0.142,RENT,personal,0
APP102168,63,537000.0,1.1,802000.0,24,8.49,727.0,1,1,0.747,RENT,business,0
APP102169,65,646000.0,4.8,279000.0,36,5.0,702.0,2,1,0.144,MORTGAGE,education,0
APP102170,21,120000.0,5.1,167000.0,36,6.88,837.0,1,0,0.464,OWN,education,0
APP102171,54,703000.0,12.2,1027000.0,84,7.33,663.0,1,3,0.209,RENT,education,1
APP102172,65,806000.0,3.8,853000.0,36,5.0,709.0,1,1,0.353,RENT,business,0
APP102173,55,630000.0,7.1,978000.0,36,5.37,689.0,0,1,0.517,RENT,medical,0
APP102174,31,647000.0,25.0,482000.0,48,10.44,699.0,2,0,0.186,RENT,debt_consolidation,0
APP102175,55,665000.0,10.8,774000.0,48,5.0,636.0,0,1,0.291,RENT,personal,0
APP102176,25,608000.0,2.1,100000.0,24,8.1,744.0,0,1,0.082,RENT,education,0
APP102177,42,593000.0,8.3,325000.0,36,10.06,694.0,2,0,0.183,MORTGAGE,education,1
APP102178,49,903000.0,6.7,877000.0,48,7.44,858.0,2,0,0.243,RENT,debt_consolidation,0
APP102179,41,455000.0,3.7,646000.0,60,10.6,605.0,2,2,0.284,RENT,personal,1
APP102180,52,695000.0,8.4,1065000.0,84,6.56,667.0,0,1,0.219,RENT,personal,1
APP102181,31,395000.0,2.0,391000.0,24,5.51,724.0,2,0,0.495,MORTGAGE,debt_consolidation,0
APP102182,48,884000.0,2.9,1230000.0,24,7.48,670.0,0,0,0.696,MORTGAGE,personal,0
APP102183,50,629000.0,4.3,823000.0,48,6.66,638.0,1,0,0.327,RENT,business,0
APP102184,49,905000.0,3.5,1151000.0,36,6.24,756.0,1,0,0.424,OWN,medical,1
APP102185,34,483000.0,7.7,151000.0,48,7.1,615.0,0,0,0.078,MORTGAGE,personal,1
APP102186,34,740000.0,4.7,625000.0,60,5.76,714.0,3,0,0.169,MORTGAGE,debt_consolidation,0
APP102187,32,499000.0,3.3,427000.0,12,5.66,739.0,0,0,0.856,RENT,business,0
APP102188,41,750000.0,10.7,969000.0,60,5.03,682.0,3,3,0.258,OWN,business,0
APP102189,47,439000.0,7.5,439000.0,24,8.42,744.0,2,0,0.5,OWN,personal,0
APP102190,37,540000.0,1.3,723000.0,84,5.3,848.0,0,1,0.191,RENT,business,0
APP102191,39,339000.0,1.3,521000.0,36,5.0,702.0,0,0,0.512,MORTGAGE,personal,0
APP102192,33,526000.0,3.3,502000.0,60,5.14,636.0,2,0,0.191,RENT,debt_consolidation,1
APP102193,30,220000.0,1.5,286000.0,24,7.95,848.0,3,0,0.65,MORTGAGE,medical,1
APP102194,50,650000.0,9.5,626000.0,36,8.97,717.0,0,1,0.321,RENT,debt_consolidation,1
APP102195,57,792000.0,3.0,837000.0,12,9.15,651.0,3,0,1.057,RENT,education,1
APP102196,34,621000.0,7.1,522000.0,48,7.97,638.0,1,0,0.21,OWN,medical,1
APP102197,59,517000.0,8.2,797000.0,84,8.68,701.0,2,0,0.22,MORTGAGE,personal,0
APP102198,46,250000.0,0.7,334000.0,60,7.38,679.0,0,0,0.267,OWN,personal,0
APP102199,28,530000.0,3.1,657000.0,48,8.5,684.0,0,0,0.31,MORTGAGE,home_improvement,1
APP102200,37,758000.0,4.1,476000.0,24,8.47,568.0,2,1,0.314,OWN,personal,1
APP102201,21,303000.0,6.0,259000.0,84,5.89,676.0,4,0,0.122,OWN,debt_consolidation,0
APP102202,22,807000.0,9.2,1131000.0,36,5.13,734.0,0,1,0.467,RENT,debt_consolidation,0
APP102203,36,701000.0,19.7,1057000.0,48,10.47,676.0,0,1,0.377,RENT,personal,0
APP102204,41,375000.0,14.4,599000.0,24,7.78,660.0,1,2,0.799,OWN,debt_consolidation,1
APP102205,56,408000.0,4.7,496000.0,60,9.81,675.0,0,1,0.243,RENT,debt_consolidation,1
APP102206,27,583000.0,4.6,705000.0,36,5.08,734.0,0,0,0.403,MORTGAGE,personal,1
APP102207,58,778000.0,13.4,223000.0,36,6.61,774.0,1,2,0.096,RENT,debt_consolidation,0
APP102208,31,717000.0,4.9,889000.0,12,5.0,723.0,2,0,1.24,OWN,debt_consolidation,1
APP102209,27,269000.0,3.1,176000.0,36,8.92,645.0,2,0,0.218,RENT,education,0
APP102210,52,695000.0,9.6,976000.0,24,6.15,705.0,3,0,0.702,OWN,home_improvement,0
APP102211,55,655000.0,,109000.0,60,6.28,734.0,2,0,0.033,RENT,personal,0
APP102212,48,532000.0,1.3,801000.0,60,11.8,646.0,1,0,0.301,MORTGAGE,business,0
APP102213,26,394000.0,3.8,336000.0,84,8.97,677.0,0,0,0.122,RENT,business,0
APP102214,26,370000.0,1.5,124000.0,36,8.94,672.0,0,0,0.112,RENT,personal,0
APP102215,38,508000.0,0.3,519000.0,48,5.0,710.0,0,0,0.255,MORTGAGE,debt_consolidation,0
APP102216,41,730000.0,15.7,842000.0,36,5.0,703.0,0,1,0.384,MORTGAGE,debt_consolidation,0
APP102217,65,743000.0,5.4,952000.0,60,9.64,629.0,1,0,0.256,MORTGAGE,debt_consolidation,0
APP102218,33,676000.0,3.9,789000.0,36,5.0,696.0,0,0,0.389,RENT,business,0
APP102219,29,283000.0,3.3,270000.0,36,6.4,679.0,2,1,0.318,RENT,personal,1
APP102220,63,416000.0,5.0,112000.0,36,5.71,734.0,3,1,0.09,RENT,home_improvement,1
APP102221,27,603000.0,3.2,845000.0,36,5.46,580.0,2,2,0.467,MORTGAGE,home_improvement,1
APP102222,22,266000.0,2.1,419000.0,60,6.53,646.0,0,1,0.315,MORTGAGE,debt_consolidation,1
APP102223,40,474000.0,3.4,606000.0,24,5.18,655.0,1,0,0.639,OWN,debt_consolidation,1
APP102224,39,542000.0,12.5,109000.0,48,5.0,655.0,0,0,0.05,MORTGAGE,personal,0
APP102225,48,557000.0,9.5,694000.0,36,8.06,547.0,2,1,0.415,OWN,business,1
APP102226,60,432000.0,3.4,234000.0,12,9.85,742.0,1,0,0.542,MORTGAGE,medical,1
APP102227,62,738000.0,16.8,1140000.0,84,5.0,723.0,1,1,0.221,RENT,debt_consolidation,0
APP102228,34,607000.0,4.6,147000.0,60,7.93,687.0,1,2,0.048,MORTGAGE,medical,0
APP102229,65,669000.0,2.5,190000.0,84,8.69,702.0,1,1,0.041,OWN,personal,0
APP102230,49,696000.0,6.4,287000.0,36,8.48,699.0,1,0,0.137,OWN,medical,0
APP102231,24,485000.0,13.8,602000.0,48,7.01,676.0,4,0,0.31,OWN,personal,0
APP102232,63,909000.0,12.1,995000.0,48,6.19,775.0,3,0,0.274,OWN,personal,0
APP102233,27,367000.0,2.6,442000.0,48,9.17,723.0,1,1,0.301,MORTGAGE,debt_consolidation,1
APP102234,47,236000.0,1.7,156000.0,12,8.24,679.0,1,1,0.661,RENT,home_improvement,1
APP102235,56,677000.0,3.6,965000.0,12,5.0,663.0,1,0,1.425,RENT,personal,1
APP102236,32,644000.0,7.2,513000.0,24,7.01,739.0,0,0,0.398,OWN,education,0
APP102237,33,467000.0,8.6,161000.0,48,7.62,748.0,0,0,0.086,MORTGAGE,personal,0
APP102238,42,814000.0,11.0,1028000.0,60,5.09,707.0,0,0,0.253,OWN,debt_consolidation,0
APP102239,60,550000.0,5.6,505000.0,48,6.96,707.0,1,1,0.23,OWN,home_improvement,0
APP102240,31,605000.0,5.7,611000.0,24,8.58,754.0,1,0,0.505,OWN,personal,0
APP102241,50,877000.0,5.4,621000.0,60,5.68,746.0,1,0,0.142,MORTGAGE,personal,1
APP102242,41,622000.0,10.0,734000.0,24,8.01,718.0,2,2,0.59,MORTGAGE,debt_consolidation,1
APP102243,26,476000.0,8.7,96000.0,60,5.32,766.0,2,0,0.04,MORTGAGE,debt_consolidation,0
APP102244,52,577000.0,2.6,497000.0,36,5.0,773.0,1,0,0.287,OWN,debt_consolidation,0
APP102245,58,938000.0,8.0,722000.0,48,8.85,669.0,1,1,0.192,OWN,personal,1
APP102246,46,702000.0,9.6,865000.0,24,10.08,755.0,3,0,0.616,OWN,education,1
APP102247,28,861000.0,10.1,461000.0,36,5.0,767.0,0,0,0.178,OWN,personal,0
APP102248,28,534000.0,6.2,261000.0,36,9.6,740.0,1,1,0.163,RENT,debt_consolidation,0
APP102249,40,464000.0,6.0,285000.0,36,7.47,711.0,0,1,0.205,RENT,medical,0
APP102250,43,478000.0,4.8,405000.0,12,5.0,729.0,3,0,0.847,RENT,debt_consolidation,0
APP102251,45,592000.0,5.2,269000.0,36,5.0,637.0,1,1,0.151,MORTGAGE,medical,0
APP102252,31,311000.0,15.1,355000.0,12,8.84,776.0,0,0,1.141,MORTGAGE,personal,1
APP102253,43,500000.0,5.3,315000.0,60,5.0,797.0,0,0,0.126,RENT,education,0
APP102254,34,418000.0,2.7,318000.0,36,6.14,715.0,5,2,0.254,RENT,debt_consolidation,1
APP102255,51,668000.0,6.3,640000.0,36,7.32,717.0,1,0,0.319,RENT,debt_consolidation,1
APP102256,56,979000.0,8.5,682000.0,36,8.49,807.0,0,1,0.232,MORTGAGE,business,0
APP102257,50,676000.0,9.8,789000.0,60,7.91,722.0,1,0,0.233,RENT,education,0
APP102258,21,120000.0,2.1,132000.0,12,10.95,707.0,3,1,1.1,MORTGAGE,personal,1
APP102259,65,660000.0,13.1,823000.0,48,5.71,741.0,1,0,0.312,RENT,personal,0
APP102260,22,521000.0,8.3,473000.0,60,7.72,806.0,0,0,0.182,OWN,personal,0
APP102261,65,805000.0,12.6,550000.0,36,8.5,747.0,1,0,0.228,MORTGAGE,business,0
APP102262,22,642000.0,1.4,284000.0,12,9.07,653.0,1,1,0.442,OWN,home_improvement,1
APP102263,44,783000.0,10.4,613000.0,24,9.81,696.0,2,3,0.391,RENT,education,1
APP102264,25,564000.0,2.0,799000.0,84,6.55,651.0,2,1,0.202,MORTGAGE,debt_consolidation,1
APP102265,25,415000.0,4.0,135000.0,24,8.93,717.0,0,1,0.163,MORTGAGE,medical,0
APP102266,51,823000.0,8.5,380000.0,12,5.46,588.0,0,2,0.462,RENT,business,1
APP102267,53,455000.0,1.8,507000.0,60,7.33,686.0,3,2,0.223,OWN,business,1
APP102268,26,590000.0,3.2,580000.0,60,8.6,595.0,0,1,0.197,OWN,home_improvement,1
APP102269,64,608000.0,1.4,899000.0,36,9.65,639.0,0,2,0.493,OWN,debt_consolidation,0
APP102270,35,342000.0,8.3,66000.0,12,8.75,634.0,3,0,0.193,RENT,debt_consolidation,1
APP102271,35,579000.0,2.5,824000.0,48,7.7,636.0,3,0,0.356,MORTGAGE,business,0
APP102272,34,725000.0,5.1,871000.0,60,7.33,710.0,2,0,0.24,RENT,debt_consolidation,1
APP102273,41,515000.0,6.7,656000.0,36,8.71,668.0,0,1,0.425,RENT,medical,0
APP102274,29,733000.0,6.2,512000.0,24,12.32,764.0,1,0,0.349,OWN,personal,0
APP102275,40,311000.0,5.8,185000.0,60,9.38,690.0,0,1,0.119,RENT,personal,0
APP102276,30,320000.0,5.8,55000.0,60,8.34,732.0,1,0,0.034,RENT,debt_consolidation,0
APP102277,23,384000.0,,496000.0,36,5.0,660.0,2,0,0.431,MORTGAGE,debt_consolidation,1
APP102278,37,467000.0,4.2,179000.0,60,5.64,770.0,0,0,0.077,RENT,debt_consolidation,0
APP102279,51,526000.0,5.8,251000.0,48,6.79,714.0,0,1,0.119,OWN,home_improvement,0
APP102280,55,664000.0,5.3,366000.0,84,9.5,760.0,0,0,0.079,MORTGAGE,home_improvement,1
APP102281,36,442000.0,4.6,624000.0,24,5.44,743.0,0,1,0.706,MORTGAGE,debt_consolidation,0
APP102282,35,440000.0,2.8,250000.0,36,8.91,727.0,2,1,0.189,MORTGAGE,medical,1
APP102283,56,701000.0,6.1,538000.0,48,7.76,746.0,1,0,0.192,OWN,business,1
APP102284,51,540000.0,7.0,666000.0,36,8.28,698.0,2,1,0.411,RENT,debt_consolidation,1
APP102285,58,625000.0,3.6,902000.0,36,7.02,779.0,1,0,0.481,RENT,personal,0
APP102286,61,638000.0,9.9,828000.0,48,6.19,722.0,3,0,0.324,RENT,business,0
APP102287,57,571000.0,13.3,529000.0,48,5.36,724.0,0,0,0.232,RENT,education,0
APP102288,63,804000.0,5.1,123000.0,36,8.85,744.0,1,1,0.051,RENT,business,0
APP102289,39,771000.0,2.6,292000.0,36,7.33,718.0,1,2,0.126,MORTGAGE,debt_consolidation,1
APP102290,38,659000.0,1.8,341000.0,48,5.13,712.0,1,0,0.129,MORTGAGE,home_improvement,0
APP102291,35,558000.0,4.0,418000.0,48,7.99,734.0,0,1,0.187,OWN,medical,0
APP102292,31,399000.0,4.9,269000.0,36,15.03,746.0,1,0,0.225,OWN,home_improvement,0
APP102293,54,551000.0,1.7,494000.0,24,7.06,710.0,2,0,0.448,OWN,business,0
APP102294,53,773000.0,3.9,578000.0,24,11.14,583.0,4,1,0.374,RENT,personal,1
APP102295,57,364000.0,9.5,438000.0,60,5.0,669.0,1,0,0.241,MORTGAGE,medical,0
APP102296,28,371000.0,0.6,84000.0,60,6.9,664.0,1,1,0.045,RENT,personal,0
APP102297,43,683000.0,5.4,1088000.0,48,9.6,724.0,1,0,0.398,OWN,medical,0
APP102298,30,298000.0,3.2,409000.0,36,7.53,607.0,3,1,0.457,RENT,medical,1
APP102299,61,740000.0,5.0,470000.0,24,6.09,606.0,1,0,0.318,MORTGAGE,home_improvement,0
APP102300,33,669000.0,13.7,485000.0,36,7.44,697.0,5,0,0.242,OWN,personal,1
APP102301,27,251000.0,4.8,388000.0,36,9.67,721.0,1,0,0.515,RENT,education,0
APP102302,46,591000.0,4.3,891000.0,36,12.22,758.0,2,0,0.503,MORTGAGE,medical,1
APP102303,60,612000.0,7.9,441000.0,24,9.84,842.0,0,0,0.36,MORTGAGE,personal,0
APP102304,62,759000.0,6.2,179000.0,24,6.39,630.0,0,1,0.118,OWN,home_improvement,0
APP102305,25,565000.0,5.4,894000.0,60,6.99,704.0,2,1,0.316,OWN,home_improvement,0
APP102306,35,597000.0,6.4,655000.0,36,7.0,855.0,1,0,0.366,RENT,medical,0
APP102307,27,558000.0,11.3,644000.0,60,5.59,661.0,1,0,0.231,RENT,personal,0
APP102308,34,607000.0,9.1,333000.0,48,7.16,675.0,1,0,0.137,OWN,home_improvement,0
APP102309,45,393000.0,4.1,525000.0,60,6.9,755.0,3,0,0.267,RENT,home_improvement,0
APP102310,33,603000.0,13.3,578000.0,24,5.0,748.0,1,0,0.479,RENT,home_improvement,1
APP102311,24,315000.0,3.4,262000.0,24,9.34,714.0,0,1,0.416,OWN,debt_consolidation,1
APP102312,43,728000.0,5.4,892000.0,48,8.43,765.0,0,0,0.306,MORTGAGE,debt_consolidation,0
APP102313,23,560000.0,5.8,386000.0,36,6.09,745.0,3,0,0.23,RENT,debt_consolidation,0
APP102314,31,585000.0,3.9,452000.0,12,7.83,714.0,1,1,0.773,MORTGAGE,home_improvement,0
APP102315,21,781000.0,12.3,856000.0,48,5.38,738.0,1,1,0.274,MORTGAGE,home_improvement,0
APP102316,24,390000.0,3.8,420000.0,24,6.29,634.0,0,1,0.538,OWN,home_improvement,0
APP102317,40,462000.0,4.5,720000.0,24,9.01,,1,1,0.779,MORTGAGE,debt_consolidation,0
APP102318,59,671000.0,10.0,648000.0,84,8.54,826.0,0,0,0.138,RENT,business,1
APP102319,55,382000.0,3.5,235000.0,36,6.37,723.0,1,2,0.205,OWN,medical,0
APP102320,25,191000.0,1.6,108000.0,36,8.19,751.0,0,0,0.188,OWN,debt_consolidation,1
APP102321,22,541000.0,5.5,500000.0,12,7.34,798.0,1,1,0.924,RENT,debt_consolidation,0
APP102322,36,282000.0,2.1,91000.0,60,5.31,707.0,3,0,0.065,MORTGAGE,debt_consolidation,1
APP102323,50,412000.0,1.9,413000.0,84,7.13,750.0,0,1,0.143,OWN,business,0
APP102324,54,566000.0,0.6,405000.0,24,8.45,805.0,1,0,0.358,OWN,business,0
APP102325,58,545000.0,0.7,360000.0,36,8.17,701.0,0,0,0.22,RENT,medical,0
APP102326,36,608000.0,0.8,261000.0,48,5.0,766.0,0,1,0.107,MORTGAGE,personal,0
APP102327,28,600000.0,14.4,521000.0,24,7.87,669.0,2,0,0.434,RENT,personal,1
APP102328,22,272000.0,0.8,56000.0,36,7.56,674.0,0,0,0.069,RENT,personal,0
APP102329,27,583000.0,2.1,601000.0,24,5.0,661.0,1,0,0.515,RENT,personal,1
APP102330,23,553000.0,4.6,312000.0,24,5.72,602.0,1,0,0.282,MORTGAGE,business,1
APP102331,59,485000.0,7.7,709000.0,48,8.58,687.0,1,0,0.365,RENT,debt_consolidation,0
APP102332,33,585000.0,8.3,534000.0,36,10.55,732.0,1,0,0.304,OWN,medical,0
APP102333,58,522000.0,2.6,669000.0,36,5.0,699.0,1,0,0.427,MORTGAGE,business,1
APP102334,45,472000.0,5.3,653000.0,24,9.65,614.0,2,1,0.692,RENT,medical,1
APP102335,45,854000.0,4.5,1217000.0,36,5.0,537.0,0,2,0.475,OWN,personal,1
APP102336,41,576000.0,5.1,814000.0,60,10.57,652.0,1,1,0.283,OWN,medical,1
APP102337,57,627000.0,5.6,299000.0,36,6.97,676.0,1,0,0.159,RENT,education,1
APP102338,22,475000.0,6.7,280000.0,36,5.93,829.0,1,0,0.196,RENT,education,1
APP102339,25,568000.0,3.1,668000.0,36,8.28,679.0,2,1,0.392,RENT,education,0
APP102340,40,430000.0,3.8,400000.0,60,5.38,797.0,3,0,0.186,RENT,personal,1
APP102341,38,629000.0,19.2,650000.0,48,8.64,682.0,1,1,0.258,MORTGAGE,business,0
APP102342,45,658000.0,3.3,745000.0,12,7.23,775.0,1,0,1.132,RENT,debt_consolidation,1
APP102343,54,411000.0,5.4,130000.0,24,5.0,707.0,1,1,0.158,RENT,debt_consolidation,0
APP102344,47,735000.0,4.5,290000.0,36,5.72,675.0,1,0,0.132,MORTGAGE,personal,0
APP102345,32,264000.0,5.2,284000.0,60,7.92,727.0,2,0,0.215,MORTGAGE,education,0
APP102346,35,546000.0,10.2,577000.0,24,9.85,701.0,0,1,0.528,OWN,education,0
APP102347,54,386000.0,4.3,515000.0,36,8.23,703.0,1,0,0.445,RENT,personal,0
APP102348,30,293000.0,1.8,339000.0,48,9.81,614.0,2,0,0.289,MORTGAGE,business,1
APP102349,43,740000.0,3.1,334000.0,36,5.53,826.0,1,0,0.15,RENT,personal,0
APP102350,45,728000.0,4.3,183000.0,48,9.1,721.0,1,1,0.063,OWN,education,0
APP102351,54,815000.0,5.7,584000.0,36,9.14,661.0,1,0,0.239,RENT,business,1
APP102352,53,382000.0,2.6,263000.0,48,5.0,729.0,2,0,0.172,MORTGAGE,home_improvement,0
APP102353,41,373000.0,2.9,471000.0,60,9.92,689.0,2,0,0.253,MORTGAGE,debt_consolidation,1
APP102354,34,576000.0,5.9,647000.0,84,8.22,,1,2,0.16,MORTGAGE,debt_consolidation,1
APP102355,37,651000.0,6.0,921000.0,48,6.88,679.0,1,1,0.354,MORTGAGE,education,0
APP102356,39,474000.0,9.2,418000.0,36,6.84,690.0,2,1,0.294,MORTGAGE,debt_consolidation,1
APP102357,30,380000.0,3.1,216000.0,48,5.22,637.0,3,1,0.142,RENT,education,1
APP102358,49,461000.0,7.2,406000.0,60,8.89,752.0,1,0,0.176,OWN,home_improvement,0
APP102359,30,733000.0,4.5,339000.0,36,8.16,682.0,2,1,0.154,MORTGAGE,personal,1
APP102360,50,520000.0,3.4,124000.0,36,8.78,731.0,1,2,0.079,RENT,medical,0
APP102361,54,634000.0,4.6,554000.0,24,7.67,690.0,0,2,0.437,RENT,business,1
APP102362,64,708000.0,5.1,531000.0,48,7.95,865.0,0,0,0.188,MORTGAGE,debt_consolidation,0
APP102363,26,592000.0,1.7,116000.0,36,6.85,707.0,1,0,0.065,OWN,debt_consolidation,0
APP102364,55,459000.0,1.8,549000.0,24,9.87,680.0,0,0,0.598,OWN,debt_consolidation,0
APP102365,24,664000.0,7.9,720000.0,36,8.83,,0,1,0.361,RENT,debt_consolidation,0
APP102366,36,319000.0,3.7,82000.0,84,7.88,679.0,1,0,0.037,MORTGAGE,personal,0
APP102367,28,662000.0,5.8,781000.0,12,7.2,660.0,3,0,1.18,RENT,debt_consolidation,1
APP102368,28,253000.0,7.7,68000.0,36,5.0,782.0,1,1,0.09,MORTGAGE,business,0
APP102369,28,458000.0,4.6,412000.0,60,5.0,706.0,1,0,0.18,OWN,education,0
APP102370,22,713000.0,7.3,750000.0,84,6.69,723.0,0,1,0.15,MORTGAGE,education,0
APP102371,58,764000.0,5.1,667000.0,36,10.29,632.0,0,1,0.291,RENT,home_improvement,1
APP102372,23,515000.0,5.3,635000.0,24,5.95,722.0,1,0,0.617,OWN,medical,1
APP102373,38,450000.0,10.8,319000.0,36,6.04,613.0,0,0,0.236,MORTGAGE,debt_consolidation,0
APP102374,52,503000.0,4.3,231000.0,36,5.36,748.0,0,0,0.153,RENT,debt_consolidation,0
APP102375,65,936000.0,7.9,801000.0,36,5.0,652.0,3,1,0.285,MORTGAGE,debt_consolidation,0
APP102376,59,692000.0,1.4,447000.0,48,5.49,774.0,1,1,0.161,RENT,medical,0
APP102377,27,613000.0,5.6,226000.0,60,8.11,731.0,2,1,0.074,RENT,debt_consolidation,1
APP102378,65,802000.0,12.6,668000.0,48,6.42,754.0,4,0,0.208,MORTGAGE,business,0
APP102379,50,749000.0,20.1,331000.0,60,6.32,684.0,0,1,0.088,RENT,personal,0
APP102380,29,556000.0,1.4,463000.0,48,6.12,706.0,1,1,0.208,RENT,personal,0
APP102381,41,579000.0,3.7,584000.0,36,8.02,827.0,1,0,0.336,MORTGAGE,personal,0
APP102382,62,623000.0,2.2,800000.0,24,8.36,646.0,1,1,0.642,RENT,personal,1
APP102383,38,319000.0,4.4,442000.0,60,5.0,656.0,3,0,0.277,OWN,debt_consolidation,1
APP102384,29,673000.0,8.8,753000.0,48,5.83,713.0,0,1,0.28,RENT,personal,0
APP102385,60,808000.0,11.0,1168000.0,36,7.3,719.0,1,1,0.482,MORTGAGE,debt_consolidation,1
APP102386,63,673000.0,11.3,645000.0,24,8.47,734.0,2,1,0.479,MORTGAGE,education,0
APP102387,64,826000.0,1.3,975000.0,48,7.78,669.0,0,3,0.295,OWN,debt_consolidation,1
APP102388,64,731000.0,5.0,926000.0,12,9.31,706.0,1,1,1.267,OWN,medical,1
APP102389,60,686000.0,3.0,923000.0,60,5.0,688.0,0,0,0.269,MORTGAGE,personal,0
APP102390,41,679000.0,4.2,842000.0,24,8.41,829.0,1,0,0.62,MORTGAGE,personal,0
APP102391,29,565000.0,3.4,824000.0,48,12.01,793.0,2,0,0.365,RENT,personal,0
APP102392,48,599000.0,1.4,501000.0,36,7.6,741.0,1,0,0.279,RENT,personal,0
APP102393,30,535000.0,11.1,820000.0,36,7.69,785.0,3,0,0.511,MORTGAGE,home_improvement,1
APP102394,42,831000.0,2.6,607000.0,60,8.64,716.0,1,0,0.146,OWN,personal,0
APP102395,50,477000.0,3.1,120000.0,36,6.3,633.0,0,1,0.084,RENT,medical,0
APP102396,63,891000.0,12.6,369000.0,12,5.42,760.0,1,1,0.414,RENT,debt_consolidation,0
APP102397,34,456000.0,1.2,438000.0,12,7.63,637.0,2,0,0.961,MORTGAGE,business,1
APP102398,32,591000.0,6.7,101000.0,12,5.0,822.0,3,0,0.171,OWN,home_improvement,0
APP102399,54,875000.0,9.7,331000.0,36,8.37,680.0,0,0,0.126,MORTGAGE,personal,1
APP102400,21,473000.0,12.0,328000.0,12,8.74,796.0,0,1,0.693,RENT,debt_consolidation,0
APP102401,46,692000.0,6.3,730000.0,36,5.0,782.0,0,2,0.352,OWN,business,0
APP102402,54,711000.0,8.1,277000.0,48,7.86,647.0,2,0,0.097,RENT,personal,0
APP102403,45,540000.0,9.7,531000.0,60,7.02,626.0,1,1,0.197,RENT,debt_consolidation,1
APP102404,38,721000.0,4.5,801000.0,24,10.75,,1,0,0.555,MORTGAGE,home_improvement,0
APP102405,58,732000.0,2.3,920000.0,60,10.38,767.0,2,1,0.251,RENT,personal,0
APP102406,37,566000.0,13.3,627000.0,84,9.35,780.0,1,0,0.158,RENT,home_improvement,0
APP102407,52,818000.0,7.5,419000.0,48,10.16,665.0,0,1,0.128,RENT,debt_consolidation,0
APP102408,41,431000.0,5.0,688000.0,48,6.7,763.0,0,2,0.399,MORTGAGE,business,0
APP102409,22,396000.0,1.5,569000.0,36,8.07,804.0,2,1,0.479,RENT,debt_consolidation,0
APP102410,44,454000.0,0.4,314000.0,12,6.94,607.0,1,2,0.692,RENT,debt_consolidation,1
APP102411,23,580000.0,6.6,112000.0,84,5.31,740.0,2,0,0.028,OWN,debt_consolidation,0
APP102412,62,555000.0,0.4,509000.0,84,7.68,704.0,0,2,0.131,OWN,personal,0
APP102413,48,712000.0,5.0,1000000.0,36,7.32,682.0,1,1,0.468,MORTGAGE,medical,1
APP102414,37,595000.0,2.8,798000.0,24,7.05,643.0,1,1,0.671,RENT,education,1
APP102415,42,487000.0,3.4,707000.0,12,7.37,672.0,0,0,1.452,MORTGAGE,home_improvement,1
APP102416,48,948000.0,11.3,1475000.0,36,7.63,640.0,1,0,0.519,OWN,business,0
APP102417,32,364000.0,2.8,431000.0,60,9.45,749.0,0,1,0.237,RENT,medical,1
APP102418,33,299000.0,5.2,115000.0,12,6.21,669.0,1,1,0.385,MORTGAGE,debt_consolidation,0
APP102419,39,646000.0,2.8,131000.0,48,5.0,812.0,1,0,0.051,RENT,debt_consolidation,1
APP102420,32,193000.0,6.1,71000.0,60,8.99,738.0,0,1,0.074,MORTGAGE,personal,1
APP102421,55,870000.0,5.5,384000.0,36,9.38,702.0,0,1,0.147,RENT,medical,0
APP102422,25,475000.0,5.0,114000.0,48,8.29,786.0,0,1,0.06,RENT,personal,0
APP102423,58,500000.0,9.7,404000.0,36,5.0,721.0,2,0,0.269,OWN,business,0
APP102424,36,338000.0,1.2,435000.0,12,7.21,640.0,3,1,1.287,RENT,debt_consolidation,1
APP102425,46,292000.0,0.9,50000.0,36,8.13,739.0,3,0,0.057,OWN,business,0
APP102426,28,496000.0,1.7,652000.0,12,5.15,688.0,1,0,1.315,RENT,education,0
APP102427,38,345000.0,5.5,515000.0,48,5.82,697.0,2,1,0.373,RENT,debt_consolidation,1
APP102428,54,732000.0,6.9,271000.0,36,7.18,738.0,2,0,0.123,OWN,debt_consolidation,1
APP102429,33,403000.0,0.1,73000.0,60,10.1,717.0,1,0,0.036,OWN,debt_consolidation,0
APP102430,26,416000.0,6.8,352000.0,48,8.0,739.0,2,0,0.212,MORTGAGE,home_improvement,0
APP102431,44,636000.0,3.8,896000.0,60,6.24,742.0,1,0,0.282,OWN,personal,0
APP102432,28,674000.0,13.5,821000.0,48,7.06,759.0,0,0,0.305,OWN,business,0
APP102433,35,710000.0,6.5,142000.0,48,6.03,706.0,0,0,0.05,MORTGAGE,business,0
APP102434,41,551000.0,12.5,621000.0,36,6.59,663.0,3,0,0.376,RENT,debt_consolidation,0
APP102435,46,654000.0,11.0,874000.0,36,9.09,675.0,0,1,0.445,MORTGAGE,debt_consolidation,1
APP102436,49,494000.0,3.8,268000.0,48,5.0,692.0,0,0,0.136,RENT,personal,0
APP102437,51,687000.0,8.9,754000.0,48,10.39,776.0,0,0,0.274,MORTGAGE,home_improvement,0
APP102438,58,527000.0,3.8,457000.0,48,12.32,769.0,3,1,0.217,OWN,education,0
APP102439,23,500000.0,14.6,224000.0,12,7.86,714.0,1,1,0.448,MORTGAGE,education,1
APP102440,37,457000.0,4.0,666000.0,12,5.67,732.0,1,2,1.457,RENT,debt_consolidation,1
APP102441,21,505000.0,7.1,239000.0,12,10.06,585.0,0,4,0.473,MORTGAGE,personal,1
APP102442,21,573000.0,16.4,784000.0,12,8.11,746.0,0,0,1.368,MORTGAGE,personal,0
APP102443,30,595000.0,7.4,695000.0,60,6.34,727.0,0,0,0.234,RENT,medical,0
APP102444,47,558000.0,3.5,262000.0,36,5.36,761.0,0,0,0.157,OWN,medical,0
APP102445,61,547000.0,1.5,646000.0,36,6.61,599.0,4,2,0.394,RENT,debt_consolidation,1
APP102446,55,623000.0,1.2,117000.0,12,7.92,728.0,1,1,0.188,OWN,business,0
APP102447,50,494000.0,6.8,243000.0,60,9.47,,1,0,0.098,MORTGAGE,business,0
APP102448,56,727000.0,4.6,410000.0,12,8.13,731.0,1,0,0.564,OWN,home_improvement,1
APP102449,28,397000.0,1.8,571000.0,24,8.5,666.0,0,1,0.719,MORTGAGE,personal,1
APP102450,58,727000.0,8.2,1074000.0,60,6.77,646.0,0,0,0.295,MORTGAGE,business,0
APP102451,61,746000.0,8.1,405000.0,48,9.38,704.0,1,0,0.136,OWN,home_improvement,0
APP102452,25,695000.0,4.6,583000.0,12,7.05,745.0,3,0,0.839,RENT,debt_consolidation,1
APP102453,42,713000.0,12.8,1122000.0,12,11.54,604.0,2,1,1.574,OWN,personal,1
APP102454,58,620000.0,0.9,692000.0,36,6.06,636.0,0,0,0.372,MORTGAGE,personal,0
APP102455,42,441000.0,3.6,111000.0,48,8.37,685.0,3,0,0.063,MORTGAGE,personal,0
APP102456,58,806000.0,7.3,578000.0,24,12.32,652.0,1,1,0.359,RENT,debt_consolidation,0
APP102457,63,611000.0,2.0,465000.0,48,9.79,892.0,1,0,0.19,MORTGAGE,education,0
APP102458,42,379000.0,8.8,225000.0,36,9.14,742.0,1,0,0.198,MORTGAGE,debt_consolidation,1
APP102459,23,486000.0,10.6,439000.0,48,8.15,,0,1,0.226,RENT,home_improvement,0
APP102460,36,498000.0,0.3,606000.0,48,7.62,775.0,1,0,0.304,RENT,debt_consolidation,0
APP102461,30,464000.0,13.1,535000.0,60,7.12,715.0,0,1,0.231,RENT,debt_consolidation,0
APP102462,42,568000.0,7.0,375000.0,24,6.26,675.0,3,1,0.33,MORTGAGE,personal,1
APP102463,47,560000.0,3.2,682000.0,12,5.0,827.0,0,0,1.218,OWN,personal,1
APP102464,41,503000.0,1.3,465000.0,24,8.91,580.0,0,1,0.462,RENT,business,0
APP102465,29,724000.0,9.6,916000.0,24,5.0,687.0,0,0,0.633,RENT,personal,1
APP102466,34,278000.0,1.7,88000.0,36,8.93,679.0,2,2,0.106,OWN,business,0
APP102467,51,945000.0,7.0,696000.0,12,6.82,636.0,2,1,0.737,MORTGAGE,personal,1
APP102468,22,397000.0,1.7,287000.0,60,5.4,643.0,0,1,0.145,OWN,debt_consolidation,0
APP102469,30,576000.0,4.9,380000.0,60,10.59,767.0,1,0,0.132,MORTGAGE,medical,0
APP102470,61,747000.0,9.3,868000.0,48,5.0,693.0,1,0,0.29,MORTGAGE,business,1
APP102471,25,181000.0,3.3,173000.0,36,6.03,710.0,1,1,0.319,MORTGAGE,business,0
APP102472,39,483000.0,13.1,343000.0,48,6.24,696.0,1,1,0.178,RENT,debt_consolidation,0
APP102473,30,440000.0,7.4,408000.0,36,7.83,745.0,1,0,0.309,RENT,debt_consolidation,0
APP102474,25,573000.0,2.0,671000.0,48,6.15,683.0,4,0,0.293,MORTGAGE,home_improvement,0
APP102475,40,299000.0,1.4,338000.0,12,10.72,732.0,1,1,1.13,RENT,education,0
APP102476,44,416000.0,2.5,521000.0,60,5.0,769.0,1,0,0.25,OWN,education,0
APP102477,28,499000.0,4.7,691000.0,36,16.49,673.0,2,0,0.462,OWN,education,1
APP102478,24,632000.0,13.9,772000.0,24,5.17,659.0,0,0,0.611,MORTGAGE,education,1
APP102479,27,667000.0,15.7,274000.0,36,14.0,744.0,0,0,0.137,OWN,debt_consolidation,1
APP102480,50,441000.0,3.2,607000.0,24,9.9,695.0,0,0,0.688,RENT,medical,0
APP102481,59,402000.0,3.1,254000.0,84,7.26,678.0,1,0,0.09,MORTGAGE,home_improvement,0
APP102482,29,604000.0,8.3,674000.0,48,8.0,586.0,3,1,0.279,MORTGAGE,personal,1
APP102483,35,775000.0,8.3,1230000.0,60,6.67,696.0,2,0,0.317,RENT,debt_consolidation,0
APP102484,36,555000.0,11.7,320000.0,84,8.26,737.0,1,0,0.082,OWN,debt_consolidation,0
APP102485,37,443000.0,11.9,240000.0,48,5.88,683.0,0,1,0.135,RENT,business,1
APP102486,31,399000.0,2.3,165000.0,60,9.06,,0,0,0.083,RENT,debt_consolidation,0
APP102487,23,460000.0,1.1,725000.0,60,7.9,758.0,0,0,0.315,RENT,debt_consolidation,0
APP102488,44,569000.0,7.5,438000.0,24,5.32,804.0,1,0,0.385,MORTGAGE,personal,0
APP102489,37,753000.0,5.8,969000.0,24,8.44,789.0,3,0,0.643,OWN,debt_consolidation,1
APP102490,36,612000.0,0.6,135000.0,36,8.3,677.0,1,0,0.074,OWN,education,0
APP102491,32,483000.0,1.1,199000.0,48,5.92,672.0,1,0,0.103,RENT,personal,0
APP102492,62,416000.0,7.3,101000.0,60,6.56,603.0,0,2,0.049,RENT,debt_consolidation,1
APP102493,48,487000.0,4.4,649000.0,36,8.63,765.0,1,0,0.444,RENT,personal,0
APP102494,39,491000.0,7.4,150000.0,60,9.9,745.0,0,0,0.061,RENT,business,0
APP102495,30,340000.0,1.8,506000.0,48,7.19,774.0,0,1,0.372,MORTGAGE,debt_consolidation,0
APP102496,57,714000.0,7.8,794000.0,36,9.55,718.0,0,1,0.371,RENT,debt_consolidation,1
APP102497,60,717000.0,6.3,1053000.0,48,10.07,702.0,0,0,0.367,RENT,debt_consolidation,0
APP102498,22,229000.0,8.2,170000.0,60,10.37,734.0,0,0,0.148,RENT,debt_consolidation,0
APP102499,62,783000.0,3.4,714000.0,36,8.42,669.0,2,1,0.304,MORTGAGE,medical,0
APP102500,52,598000.0,2.8,114000.0,36,5.52,686.0,0,0,0.064,RENT,debt_consolidation,1
APP102501,25,469000.0,1.3,387000.0,48,9.46,644.0,3,2,0.206,RENT,personal,1
APP102502,54,731000.0,3.8,736000.0,36,7.08,679.0,0,0,0.336,OWN,personal,0
APP102503,25,409000.0,10.3,121000.0,24,8.61,789.0,0,1,0.148,OWN,personal,0
APP102504,23,724000.0,12.3,1139000.0,60,6.12,641.0,1,0,0.315,RENT,home_improvement,0
APP102505,26,405000.0,1.7,63000.0,24,6.18,781.0,1,0,0.078,MORTGAGE,personal,0
APP102506,41,779000.0,4.7,419000.0,24,5.96,702.0,0,0,0.269,OWN,personal,1
APP102507,48,572000.0,14.0,596000.0,60,5.0,570.0,2,0,0.208,RENT,medical,0
APP102508,39,883000.0,15.3,770000.0,48,6.21,652.0,0,0,0.218,RENT,education,0
APP102509,26,315000.0,3.7,157000.0,36,5.23,715.0,1,0,0.166,MORTGAGE,personal,1
APP102510,29,937000.0,10.9,1481000.0,36,8.75,,1,0,0.527,RENT,personal,1
APP102511,59,578000.0,9.7,245000.0,24,5.16,762.0,0,0,0.212,MORTGAGE,personal,0
APP102512,64,902000.0,9.1,879000.0,12,6.03,688.0,3,0,0.975,OWN,personal,1
APP102513,54,530000.0,0.9,169000.0,60,7.51,754.0,0,0,0.064,RENT,business,0
APP102514,25,543000.0,3.0,126000.0,12,11.49,690.0,1,1,0.232,RENT,education,1
APP102515,57,638000.0,4.3,547000.0,12,5.98,,0,0,0.857,RENT,debt_consolidation,1
APP102516,52,449000.0,4.2,591000.0,48,5.0,720.0,0,2,0.329,RENT,education,0
APP102517,44,151000.0,4.7,139000.0,60,5.0,757.0,0,0,0.184,OWN,education,0
APP102518,27,985000.0,16.4,567000.0,48,5.61,699.0,1,1,0.144,RENT,education,0
APP102519,65,697000.0,3.8,121000.0,24,6.05,778.0,0,1,0.087,MORTGAGE,personal,1
APP102520,40,126000.0,6.5,191000.0,24,12.57,720.0,1,0,0.758,RENT,personal,0
APP102521,22,504000.0,6.4,230000.0,84,9.63,684.0,1,0,0.065,OWN,debt_consolidation,0
APP102522,30,590000.0,4.7,580000.0,48,6.81,706.0,0,0,0.246,MORTGAGE,business,0
APP102523,39,398000.0,1.8,69000.0,60,11.58,681.0,4,1,0.035,MORTGAGE,debt_consolidation,0
APP102524,23,344000.0,5.2,100000.0,36,6.15,739.0,2,1,0.097,RENT,business,0
APP102525,35,464000.0,0.6,184000.0,60,6.6,740.0,2,0,0.079,MORTGAGE,education,0
APP102526,42,766000.0,7.0,240000.0,84,6.46,734.0,1,1,0.045,MORTGAGE,debt_consolidation,0
APP102527,63,648000.0,,596000.0,36,9.76,691.0,1,0,0.307,RENT,personal,0
APP102528,24,693000.0,6.6,503000.0,36,7.35,756.0,1,1,0.242,OWN,debt_consolidation,0
APP102529,46,730000.0,2.9,958000.0,12,10.82,689.0,1,1,1.312,RENT,medical,1
APP102530,62,612000.0,2.0,195000.0,48,8.45,666.0,0,1,0.08,RENT,home_improvement,0
APP102531,57,457000.0,8.4,354000.0,24,9.5,614.0,2,0,0.387,MORTGAGE,debt_consolidation,0
APP102532,62,630000.0,3.5,486000.0,24,5.0,742.0,2,0,0.386,OWN,education,0
APP102533,28,557000.0,5.0,270000.0,48,5.0,698.0,0,0,0.121,MORTGAGE,personal,0
APP102534,57,613000.0,1.0,177000.0,48,5.0,625.0,1,1,0.072,RENT,home_improvement,0
APP102535,65,890000.0,12.9,147000.0,36,6.56,666.0,1,0,0.055,OWN,home_improvement,0
APP102536,35,654000.0,5.4,116000.0,84,5.0,771.0,1,0,0.025,MORTGAGE,personal,0
APP102537,43,652000.0,5.4,475000.0,24,10.23,740.0,0,0,0.364,RENT,debt_consolidation,1
APP102538,44,558000.0,7.1,128000.0,36,7.06,753.0,1,0,0.076,MORTGAGE,business,1
APP102539,43,588000.0,0.2,425000.0,48,8.85,653.0,3,1,0.181,OWN,home_improvement,1
APP102540,34,955000.0,13.8,749000.0,48,6.42,722.0,0,1,0.196,OWN,medical,0
APP102541,64,455000.0,,362000.0,48,9.31,707.0,2,0,0.199,RENT,personal,1
APP102542,64,865000.0,13.2,370000.0,48,5.0,682.0,0,0,0.107,MORTGAGE,personal,0
APP102543,38,796000.0,3.6,695000.0,60,7.39,763.0,1,0,0.175,OWN,home_improvement,0
APP102544,57,451000.0,2.9,324000.0,60,8.6,652.0,3,0,0.144,RENT,debt_consolidation,0
APP102545,38,710000.0,6.8,1125000.0,84,8.79,704.0,0,0,0.226,RENT,home_improvement,0
APP102546,56,979000.0,18.6,211000.0,60,6.8,760.0,2,0,0.043,RENT,medical,0
APP102547,47,441000.0,10.9,101000.0,36,5.0,781.0,2,0,0.076,MORTGAGE,debt_consolidation,0
APP102548,42,696000.0,7.3,937000.0,48,9.72,665.0,4,0,0.337,MORTGAGE,medical,0
APP102549,26,446000.0,6.7,239000.0,36,6.64,747.0,0,1,0.179,OWN,business,0
APP102550,50,603000.0,5.2,251000.0,48,6.83,711.0,1,1,0.104,MORTGAGE,education,0
APP102551,35,565000.0,12.8,801000.0,12,12.38,715.0,2,0,1.418,OWN,home_improvement,1
APP102552,30,730000.0,8.6,673000.0,36,7.71,696.0,1,1,0.307,RENT,business,1
APP102553,29,422000.0,1.2,440000.0,60,6.36,680.0,1,1,0.209,RENT,debt_consolidation,0
APP102554,65,596000.0,2.1,96000.0,48,6.23,728.0,1,0,0.04,RENT,education,0
APP102555,25,423000.0,7.5,223000.0,12,8.92,780.0,2,0,0.527,RENT,medical,0
APP102556,56,555000.0,1.7,292000.0,36,5.69,721.0,2,0,0.175,MORTGAGE,personal,0
APP102557,59,507000.0,5.4,635000.0,36,8.63,660.0,0,2,0.417,RENT,home_improvement,0
APP102558,22,420000.0,9.1,298000.0,60,9.92,676.0,1,1,0.142,RENT,debt_consolidation,0
APP102559,47,631000.0,6.8,623000.0,24,7.31,713.0,0,1,0.494,MORTGAGE,debt_consolidation,0
APP102560,46,605000.0,1.5,908000.0,48,9.67,660.0,1,1,0.375,RENT,medical,1
APP102561,37,679000.0,2.2,1071000.0,48,7.35,590.0,1,1,0.394,RENT,business,1
APP102562,51,676000.0,7.0,226000.0,48,5.99,760.0,1,1,0.084,OWN,education,0
APP102563,39,620000.0,17.3,593000.0,24,5.0,711.0,1,1,0.478,RENT,debt_consolidation,1
APP102564,40,394000.0,4.6,459000.0,60,8.11,710.0,1,0,0.233,RENT,personal,1
APP102565,40,646000.0,9.3,829000.0,60,8.15,804.0,1,0,0.257,RENT,home_improvement,0
APP102566,57,656000.0,6.8,974000.0,36,9.66,696.0,1,0,0.495,MORTGAGE,business,1
APP102567,49,565000.0,2.8,681000.0,24,9.45,749.0,0,0,0.603,RENT,business,1
APP102568,38,630000.0,9.4,725000.0,48,12.05,730.0,1,0,0.288,RENT,business,1
APP102569,62,711000.0,0.9,162000.0,36,6.22,704.0,1,1,0.076,MORTGAGE,medical,0
APP102570,57,739000.0,8.9,695000.0,36,8.28,687.0,2,0,0.313,RENT,business,0
APP102571,62,683000.0,7.2,695000.0,36,5.99,748.0,4,0,0.339,OWN,home_improvement,0
APP102572,53,485000.0,3.1,563000.0,36,9.55,759.0,1,2,0.387,RENT,debt_consolidation,0
APP102573,38,409000.0,1.9,407000.0,60,5.46,635.0,1,1,0.199,MORTGAGE,medical,0
APP102574,55,747000.0,3.3,556000.0,84,9.51,731.0,1,1,0.106,OWN,medical,0
APP102575,35,429000.0,2.7,368000.0,48,5.88,732.0,0,0,0.214,OWN,personal,0
APP102576,33,294000.0,4.0,456000.0,12,9.19,,0,0,1.551,MORTGAGE,home_improvement,1
APP102577,41,713000.0,3.6,447000.0,36,10.15,688.0,1,2,0.209,RENT,debt_consolidation,0
APP102578,64,530000.0,3.1,682000.0,24,5.0,657.0,0,0,0.643,RENT,business,1
APP102579,46,542000.0,0.9,559000.0,48,5.0,651.0,3,0,0.258,RENT,personal,0
APP102580,38,571000.0,1.6,453000.0,48,8.02,654.0,0,2,0.198,MORTGAGE,medical,1
APP102581,41,621000.0,10.4,466000.0,84,7.78,762.0,2,1,0.107,RENT,medical,0
APP102582,34,121000.0,3.2,112000.0,36,6.86,692.0,2,0,0.309,RENT,personal,0
APP102583,50,657000.0,4.0,860000.0,24,6.45,754.0,0,0,0.654,MORTGAGE,business,1
APP102584,36,707000.0,3.5,231000.0,48,5.62,721.0,1,0,0.082,RENT,business,0
APP102585,45,794000.0,13.0,1168000.0,36,8.23,741.0,1,0,0.49,MORTGAGE,personal,1
APP102586,37,185000.0,2.6,235000.0,24,5.38,678.0,0,2,0.635,OWN,medical,1
APP102587,35,808000.0,2.4,530000.0,36,8.31,644.0,4,0,0.219,RENT,home_improvement,1
APP102588,64,523000.0,7.3,86000.0,24,6.24,670.0,0,2,0.082,RENT,debt_consolidation,0
APP102589,36,373000.0,5.7,113000.0,24,6.57,700.0,1,0,0.151,RENT,personal,0
APP102590,24,600000.0,7.4,216000.0,36,10.17,714.0,2,0,0.12,RENT,debt_consolidation,0
APP102591,38,631000.0,7.1,189000.0,60,9.6,679.0,2,0,0.06,OWN,personal,0
APP102592,44,641000.0,9.6,192000.0,60,5.31,830.0,1,0,0.06,MORTGAGE,medical,0
APP102593,25,331000.0,1.4,510000.0,24,5.58,602.0,3,0,0.77,RENT,debt_consolidation,1
APP102594,34,735000.0,6.8,812000.0,36,9.21,633.0,1,0,0.368,RENT,debt_consolidation,1
APP102595,28,441000.0,2.4,591000.0,60,5.0,739.0,1,0,0.268,RENT,home_improvement,1
APP102596,43,280000.0,0.6,271000.0,84,10.7,749.0,2,0,0.138,RENT,personal,0
APP102597,53,838000.0,7.1,878000.0,60,7.8,786.0,1,1,0.21,RENT,education,0
APP102598,64,748000.0,6.8,1068000.0,36,6.23,719.0,0,0,0.476,RENT,personal,0
APP102599,38,704000.0,4.9,373000.0,60,7.52,712.0,2,0,0.106,MORTGAGE,business,0
APP102600,59,806000.0,9.7,933000.0,48,10.49,740.0,3,0,0.289,RENT,education,0
APP102601,30,819000.0,2.5,1191000.0,24,5.0,793.0,1,0,0.727,RENT,debt_consolidation,0
APP102602,56,634000.0,7.9,956000.0,12,9.76,637.0,3,0,1.508,RENT,personal,1
APP102603,46,580000.0,4.3,460000.0,60,10.13,721.0,2,0,0.159,MORTGAGE,debt_consolidation,0
APP102604,55,743000.0,4.6,1034000.0,60,6.79,755.0,1,0,0.278,OWN,education,0
APP102605,54,537000.0,0.7,473000.0,36,7.34,685.0,2,0,0.294,RENT,debt_consolidation,1
APP102606,44,751000.0,9.7,393000.0,48,7.8,680.0,3,2,0.131,RENT,personal,1
APP102607,32,120000.0,6.6,62000.0,36,9.11,644.0,0,2,0.172,RENT,medical,0
APP102608,44,595000.0,7.7,479000.0,48,5.89,738.0,1,2,0.201,MORTGAGE,education,0
APP102609,58,609000.0,2.2,319000.0,36,7.47,609.0,2,0,0.175,MORTGAGE,home_improvement,0
APP102610,64,685000.0,6.0,133000.0,36,7.28,700.0,2,0,0.065,RENT,business,1
APP102611,62,542000.0,4.3,164000.0,36,8.99,760.0,0,0,0.101,MORTGAGE,debt_consolidation,0
APP102612,29,642000.0,6.8,887000.0,36,13.39,700.0,2,0,0.461,MORTGAGE,personal,1
APP102613,47,526000.0,5.8,752000.0,84,5.89,779.0,0,0,0.204,OWN,debt_consolidation,0
APP102614,25,606000.0,14.7,858000.0,60,7.67,735.0,2,0,0.283,OWN,personal,1
APP102615,51,692000.0,11.8,659000.0,24,5.83,733.0,3,0,0.476,MORTGAGE,business,0
APP102616,65,762000.0,3.9,1148000.0,24,6.42,741.0,2,0,0.753,OWN,personal,0
APP102617,23,687000.0,7.0,600000.0,36,5.13,722.0,1,0,0.291,OWN,medical,0
APP102618,50,624000.0,3.7,512000.0,12,5.0,590.0,2,1,0.821,OWN,home_improvement,1
APP102619,63,868000.0,9.5,727000.0,36,10.1,743.0,4,2,0.279,MORTGAGE,medical,1
APP102620,59,680000.0,4.5,353000.0,36,8.28,804.0,0,0,0.173,RENT,debt_consolidation,0
APP102621,38,442000.0,3.3,459000.0,24,7.7,693.0,5,1,0.519,MORTGAGE,home_improvement,0
APP102622,25,451000.0,,361000.0,84,5.58,712.0,0,0,0.114,MORTGAGE,business,0
APP102623,62,714000.0,11.2,1116000.0,60,7.34,730.0,1,1,0.313,RENT,debt_consolidation,0
APP102624,62,827000.0,10.0,330000.0,24,5.0,645.0,0,0,0.2,RENT,debt_consolidation,0
APP102625,47,589000.0,3.4,154000.0,48,7.44,641.0,0,0,0.065,MORTGAGE,debt_consolidation,1
APP102626,65,688000.0,13.9,453000.0,36,8.23,816.0,4,1,0.219,MORTGAGE,business,1
APP102627,21,370000.0,2.3,171000.0,48,6.31,601.0,3,1,0.116,OWN,debt_consolidation,1
APP102628,48,345000.0,3.0,548000.0,36,5.84,663.0,2,1,0.529,MORTGAGE,personal,0
APP102629,22,465000.0,9.2,446000.0,24,6.42,690.0,0,2,0.48,MORTGAGE,debt_consolidation,0
APP102630,63,635000.0,0.6,426000.0,36,9.29,713.0,3,0,0.224,RENT,business,1
APP102631,51,887000.0,5.0,960000.0,84,7.94,702.0,0,1,0.155,RENT,personal,0
APP102632,62,871000.0,3.9,703000.0,48,5.0,671.0,4,0,0.202,MORTGAGE,debt_consolidation,0
APP102633,46,544000.0,14.4,246000.0,48,9.09,734.0,1,0,0.113,RENT,debt_consolidation,0
APP102634,24,447000.0,1.9,323000.0,60,8.7,777.0,1,0,0.145,RENT,business,0
APP102635,22,440000.0,2.1,249000.0,60,7.91,750.0,1,0,0.113,MORTGAGE,medical,1
APP102636,36,620000.0,15.7,666000.0,60,11.12,780.0,1,0,0.215,RENT,debt_consolidation,0
APP102637,54,597000.0,4.0,796000.0,24,7.55,612.0,1,0,0.667,RENT,personal,1
APP102638,27,490000.0,10.9,260000.0,24,8.45,725.0,2,1,0.265,RENT,debt_consolidation,1
APP102639,59,927000.0,3.5,974000.0,60,8.53,725.0,1,0,0.21,RENT,home_improvement,0
APP102640,31,408000.0,,480000.0,84,9.43,673.0,2,0,0.168,OWN,business,1
APP102641,43,694000.0,11.2,476000.0,36,7.01,798.0,2,1,0.229,MORTGAGE,business,0
APP102642,30,270000.0,18.3,231000.0,84,6.08,658.0,2,0,0.122,RENT,personal,1
APP102643,41,761000.0,11.8,510000.0,48,9.64,742.0,0,0,0.168,MORTGAGE,personal,0
APP102644,41,713000.0,3.3,492000.0,12,9.53,736.0,0,2,0.69,RENT,business,1
APP102645,21,277000.0,4.9,221000.0,60,10.3,702.0,4,0,0.16,MORTGAGE,education,0
APP102646,46,476000.0,2.2,275000.0,60,8.41,607.0,1,0,0.116,MORTGAGE,personal,1
APP102647,56,685000.0,2.6,588000.0,36,5.0,804.0,0,0,0.286,RENT,business,0
APP102648,63,661000.0,2.5,820000.0,48,7.86,622.0,1,0,0.31,RENT,business,0
APP102649,35,572000.0,3.5,413000.0,36,7.57,643.0,2,0,0.241,RENT,education,0
APP102650,60,633000.0,5.5,963000.0,48,10.2,738.0,2,1,0.38,MORTGAGE,business,0
APP102651,60,949000.0,5.0,442000.0,36,9.83,668.0,1,0,0.155,RENT,personal,1
APP102652,65,639000.0,8.3,512000.0,36,8.85,687.0,4,0,0.267,OWN,debt_consolidation,1
APP102653,37,944000.0,5.7,965000.0,48,5.0,669.0,1,0,0.256,RENT,personal,0
APP102654,59,884000.0,7.8,829000.0,12,5.69,731.0,1,0,0.938,OWN,debt_consolidation,1
APP102655,46,755000.0,8.7,1150000.0,12,6.7,794.0,1,0,1.523,OWN,medical,1
APP102656,23,272000.0,3.3,169000.0,12,6.75,631.0,1,0,0.621,RENT,home_improvement,1
APP102657,33,637000.0,4.4,444000.0,48,7.87,,1,1,0.174,MORTGAGE,business,0
APP102658,51,1017000.0,30.9,1031000.0,36,10.76,650.0,1,1,0.338,RENT,business,0
APP102659,28,137000.0,3.1,139000.0,36,9.21,842.0,0,0,0.338,MORTGAGE,debt_consolidation,0
APP102660,40,377000.0,8.1,487000.0,36,5.48,686.0,0,0,0.431,OWN,personal,0
APP102661,55,652000.0,1.5,849000.0,12,5.68,745.0,1,0,1.302,MORTGAGE,debt_consolidation,1
APP102662,27,498000.0,8.8,83000.0,60,5.48,726.0,0,1,0.033,MORTGAGE,debt_consolidation,0
APP102663,43,463000.0,2.7,582000.0,48,7.24,705.0,0,1,0.314,MORTGAGE,debt_consolidation,0
APP102664,30,654000.0,5.2,779000.0,48,9.27,697.0,1,0,0.298,RENT,debt_consolidation,0
APP102665,45,403000.0,,403000.0,12,9.62,638.0,1,0,1.0,RENT,personal,1
APP102666,31,425000.0,4.8,259000.0,48,6.67,802.0,1,0,0.152,MORTGAGE,debt_consolidation,1
APP102667,64,596000.0,4.9,873000.0,36,7.43,669.0,1,0,0.488,RENT,business,0
APP102668,24,522000.0,4.3,637000.0,60,11.18,685.0,1,1,0.244,RENT,business,1
APP102669,64,459000.0,6.9,240000.0,12,5.0,687.0,0,1,0.523,MORTGAGE,education,0
APP102670,56,639000.0,10.6,379000.0,48,8.9,731.0,4,1,0.148,MORTGAGE,personal,1
APP102671,59,371000.0,2.1,438000.0,84,8.67,775.0,2,2,0.169,MORTGAGE,personal,0
APP102672,59,610000.0,4.4,903000.0,60,6.85,663.0,0,1,0.296,MORTGAGE,personal,0
APP102673,29,542000.0,0.8,467000.0,60,7.46,673.0,0,2,0.172,MORTGAGE,education,0
APP102674,62,800000.0,5.6,1140000.0,12,8.42,772.0,2,0,1.425,RENT,debt_consolidation,1
APP102675,47,447000.0,2.0,315000.0,36,6.85,751.0,2,1,0.235,OWN,home_improvement,0
APP102676,64,774000.0,5.0,560000.0,24,6.1,693.0,0,1,0.362,MORTGAGE,personal,0
APP102677,60,652000.0,5.8,746000.0,36,5.93,716.0,1,0,0.381,MORTGAGE,debt_consolidation,0
APP102678,47,748000.0,1.0,167000.0,48,11.6,,0,1,0.056,MORTGAGE,business,0
APP102679,37,531000.0,6.5,187000.0,48,6.53,594.0,1,1,0.088,MORTGAGE,education,0
APP102680,26,120000.0,10.3,145000.0,84,7.94,754.0,1,1,0.173,RENT,medical,0
APP102681,25,625000.0,7.6,313000.0,84,9.23,645.0,2,1,0.072,RENT,personal,0
APP102682,38,436000.0,2.2,176000.0,24,7.03,677.0,0,2,0.202,RENT,medical,0
APP102683,57,607000.0,4.7,169000.0,60,7.58,705.0,0,1,0.056,RENT,education,0
APP102684,43,621000.0,,296000.0,60,8.61,697.0,0,0,0.095,RENT,business,0
APP102685,42,341000.0,4.4,175000.0,48,5.63,737.0,1,0,0.128,OWN,home_improvement,1
APP102686,32,471000.0,1.5,304000.0,24,5.0,694.0,1,0,0.323,RENT,business,0
APP102687,46,636000.0,2.5,961000.0,24,5.89,735.0,2,1,0.756,RENT,business,0
APP102688,49,648000.0,4.1,703000.0,36,11.3,668.0,2,0,0.362,RENT,debt_consolidation,1
APP102689,65,620000.0,5.8,716000.0,12,6.23,646.0,0,1,1.155,OWN,home_improvement,1
APP102690,53,754000.0,3.1,258000.0,36,7.79,704.0,0,1,0.114,MORTGAGE,personal,0
APP102691,48,397000.0,0.7,170000.0,12,5.0,,1,0,0.428,RENT,debt_consolidation,1
APP102692,61,562000.0,3.3,817000.0,36,10.45,745.0,1,2,0.485,RENT,personal,0
APP102693,40,646000.0,14.7,691000.0,48,6.84,739.0,1,0,0.267,OWN,medical,0
APP102694,63,750000.0,6.5,993000.0,24,6.5,733.0,0,0,0.662,OWN,debt_consolidation,0
APP102695,37,491000.0,5.6,328000.0,60,7.21,637.0,0,1,0.134,RENT,business,0
APP102696,26,620000.0,2.5,612000.0,12,13.03,709.0,3,0,0.987,OWN,debt_consolidation,1
APP102697,39,569000.0,3.4,500000.0,36,8.47,627.0,1,1,0.293,RENT,business,0
APP102698,26,425000.0,0.6,190000.0,36,7.16,665.0,2,1,0.149,RENT,home_improvement,1
APP102699,26,473000.0,2.3,637000.0,48,5.0,665.0,1,0,0.337,MORTGAGE,education,0
APP102700,60,796000.0,6.3,505000.0,36,10.48,761.0,0,0,0.211,RENT,debt_consolidation,0
APP102701,56,691000.0,5.7,571000.0,48,5.97,716.0,1,0,0.207,MORTGAGE,medical,0
APP102702,30,193000.0,2.9,66000.0,36,5.62,771.0,2,0,0.114,OWN,business,0
APP102703,58,814000.0,4.4,876000.0,24,5.82,674.0,0,0,0.538,MORTGAGE,medical,0
APP102704,24,472000.0,5.0,612000.0,36,10.72,732.0,0,0,0.432,RENT,personal,0
APP102705,33,587000.0,3.0,437000.0,24,7.41,706.0,3,0,0.372,RENT,personal,1
APP102706,52,583000.0,6.8,914000.0,84,5.0,688.0,1,1,0.224,RENT,personal,0
APP102707,34,247000.0,5.6,129000.0,36,7.05,763.0,3,0,0.174,MORTGAGE,home_improvement,0
APP102708,53,268000.0,3.5,379000.0,24,5.67,677.0,2,1,0.707,RENT,personal,0
APP102709,60,488000.0,1.6,584000.0,60,8.29,665.0,0,0,0.239,OWN,home_improvement,0
APP102710,23,505000.0,3.3,755000.0,48,6.65,748.0,0,0,0.374,MORTGAGE,debt_consolidation,0
APP102711,22,614000.0,3.1,751000.0,36,5.0,806.0,2,0,0.408,RENT,personal,0
APP102712,63,707000.0,2.8,613000.0,84,7.32,678.0,1,0,0.124,RENT,personal,0
APP102713,44,368000.0,,276000.0,36,7.38,717.0,0,0,0.25,RENT,debt_consolidation,0
APP102714,43,537000.0,12.2,726000.0,24,5.0,709.0,2,1,0.676,RENT,debt_consolidation,1
APP102715,41,842000.0,11.8,1152000.0,60,5.0,795.0,0,0,0.274,RENT,debt_consolidation,0
APP102716,40,345000.0,4.3,346000.0,60,8.12,760.0,1,0,0.201,RENT,education,0
APP102717,52,946000.0,5.7,1105000.0,24,6.88,720.0,2,0,0.584,OWN,business,0
APP102718,47,894000.0,6.7,734000.0,12,7.03,701.0,1,0,0.821,RENT,education,1
APP102719,28,791000.0,4.4,369000.0,48,9.14,702.0,0,0,0.117,MORTGAGE,business,0
APP102720,49,673000.0,6.0,150000.0,48,5.0,712.0,2,1,0.056,RENT,medical,0
APP102721,51,594000.0,7.4,652000.0,24,7.63,686.0,1,0,0.549,OWN,debt_consolidation,1
APP102722,26,524000.0,,587000.0,84,8.96,626.0,0,1,0.16,RENT,debt_consolidation,0
APP102723,37,708000.0,8.3,789000.0,24,7.1,696.0,0,1,0.557,RENT,education,1
APP102724,56,522000.0,2.8,504000.0,60,5.0,660.0,1,1,0.193,RENT,debt_consolidation,0
APP102725,48,429000.0,4.7,277000.0,60,6.05,690.0,2,0,0.129,OWN,debt_consolidation,0
APP102726,27,660000.0,24.2,331000.0,24,6.51,779.0,2,0,0.251,MORTGAGE,debt_consolidation,0
APP102727,22,383000.0,9.7,94000.0,36,5.0,726.0,2,0,0.082,MORTGAGE,debt_consolidation,0
APP102728,47,784000.0,5.5,286000.0,12,8.32,682.0,4,0,0.365,RENT,personal,0
APP102729,41,429000.0,2.1,455000.0,48,7.51,603.0,0,2,0.265,RENT,business,0
APP102730,64,707000.0,4.9,893000.0,36,6.09,698.0,1,0,0.421,OWN,debt_consolidation,1
APP102731,44,773000.0,9.3,1133000.0,60,9.67,649.0,0,0,0.293,MORTGAGE,business,0
APP102732,62,910000.0,8.0,247000.0,36,6.35,684.0,1,0,0.09,RENT,personal,0
APP102733,30,471000.0,0.8,627000.0,36,10.76,640.0,1,1,0.444,MORTGAGE,home_improvement,0
APP102734,41,567000.0,1.1,576000.0,24,6.91,677.0,2,1,0.508,MORTGAGE,debt_consolidation,0
APP102735,27,273000.0,1.1,160000.0,12,5.4,697.0,0,1,0.586,MORTGAGE,business,0
APP102736,46,761000.0,6.8,915000.0,36,5.47,655.0,1,2,0.401,RENT,home_improvement,0
APP102737,29,627000.0,1.1,994000.0,60,7.7,659.0,0,0,0.317,RENT,education,0
APP102738,43,251000.0,2.0,176000.0,60,5.14,629.0,0,0,0.14,RENT,debt_consolidation,0
APP102739,36,781000.0,4.2,828000.0,36,7.82,793.0,1,0,0.353,RENT,personal,0
APP102740,29,443000.0,10.3,234000.0,84,6.62,610.0,0,3,0.075,RENT,education,1
APP102741,25,573000.0,7.0,256000.0,24,6.57,718.0,0,0,0.223,RENT,medical,1
APP102742,44,571000.0,3.8,209000.0,84,7.41,664.0,1,1,0.052,OWN,home_improvement,0
APP102743,63,721000.0,,142000.0,24,9.71,784.0,0,0,0.098,RENT,personal,0
APP102744,29,604000.0,17.6,725000.0,24,6.31,771.0,0,0,0.6,RENT,personal,1
APP102745,39,395000.0,5.0,143000.0,60,7.91,663.0,0,1,0.072,RENT,debt_consolidation,0
APP102746,31,533000.0,1.5,603000.0,36,8.48,724.0,3,0,0.377,OWN,personal,1
APP102747,57,574000.0,2.1,810000.0,60,5.0,613.0,1,1,0.282,MORTGAGE,home_improvement,0
APP102748,39,313000.0,2.1,431000.0,48,8.65,674.0,5,0,0.344,RENT,home_improvement,1
APP102749,64,509000.0,2.5,297000.0,24,9.29,551.0,1,0,0.292,MORTGAGE,debt_consolidation,1
APP102750,32,291000.0,3.6,96000.0,24,9.63,744.0,0,0,0.165,RENT,debt_consolidation,1
APP102751,24,386000.0,5.9,306000.0,36,5.06,690.0,2,0,0.264,MORTGAGE,personal,0
APP102752,47,620000.0,1.3,256000.0,36,5.21,664.0,2,1,0.138,RENT,personal,0
APP102753,50,461000.0,1.5,319000.0,36,7.38,780.0,1,0,0.231,RENT,personal,1
APP102754,65,874000.0,,852000.0,24,7.26,684.0,1,0,0.487,OWN,home_improvement,0
APP102755,60,629000.0,3.1,682000.0,24,7.54,594.0,1,3,0.542,OWN,home_improvement,1
APP102756,60,594000.0,2.3,277000.0,36,6.72,625.0,2,0,0.155,RENT,personal,1
APP102757,49,595000.0,4.0,285000.0,12,7.91,722.0,1,0,0.479,RENT,business,0
APP102758,37,820000.0,11.6,1153000.0,36,5.0,637.0,2,3,0.469,OWN,home_improvement,0
APP102759,40,381000.0,8.1,579000.0,12,8.95,758.0,2,0,1.52,RENT,education,1
APP102760,27,753000.0,7.7,814000.0,60,10.74,715.0,2,0,0.216,RENT,business,1
APP102761,40,806000.0,14.3,772000.0,48,6.28,758.0,1,0,0.239,RENT,personal,0
APP102762,37,542000.0,6.1,598000.0,24,7.95,743.0,2,0,0.552,RENT,business,0
APP102763,22,742000.0,15.2,250000.0,60,11.2,714.0,0,2,0.067,MORTGAGE,home_improvement,0
APP102764,30,574000.0,16.0,833000.0,36,7.57,717.0,0,1,0.484,OWN,home_improvement,0
APP102765,45,578000.0,1.3,262000.0,36,8.17,734.0,2,0,0.151,OWN,personal,0
APP102766,37,402000.0,0.9,451000.0,24,11.55,711.0,2,1,0.561,OWN,personal,1
APP102767,65,809000.0,2.0,382000.0,36,11.98,761.0,2,0,0.157,RENT,debt_consolidation,0
APP102768,42,526000.0,10.8,617000.0,60,5.17,858.0,1,0,0.235,RENT,education,0
APP102769,64,674000.0,4.0,837000.0,24,6.59,645.0,0,1,0.621,RENT,personal,1
APP102770,50,695000.0,3.6,851000.0,48,9.47,719.0,1,1,0.306,OWN,personal,0
APP102771,22,644000.0,8.7,497000.0,24,8.59,701.0,4,0,0.386,OWN,home_improvement,0
APP102772,30,343000.0,3.0,353000.0,36,9.05,700.0,1,1,0.343,OWN,debt_consolidation,0
APP102773,52,741000.0,5.5,754000.0,36,5.0,736.0,1,1,0.339,OWN,debt_consolidation,1
APP102774,45,460000.0,7.3,549000.0,24,5.0,729.0,2,0,0.597,RENT,business,1
APP102775,34,157000.0,2.1,137000.0,12,11.43,666.0,0,0,0.873,RENT,business,1
APP102776,44,422000.0,1.7,374000.0,36,9.2,,1,1,0.295,MORTGAGE,personal,1
APP102777,61,800000.0,4.9,914000.0,36,8.28,752.0,1,0,0.381,MORTGAGE,medical,1
APP102778,38,541000.0,5.4,215000.0,60,5.0,632.0,0,2,0.079,OWN,personal,0
APP102779,23,406000.0,8.2,445000.0,48,6.59,640.0,4,0,0.274,RENT,personal,0
APP102780,34,485000.0,1.9,177000.0,60,8.75,670.0,1,1,0.073,MORTGAGE,education,0
APP102781,63,663000.0,2.6,796000.0,60,5.0,572.0,2,2,0.24,OWN,debt_consolidation,1
APP102782,55,864000.0,15.9,617000.0,12,5.95,673.0,1,1,0.714,OWN,medical,0
APP102783,58,471000.0,9.6,644000.0,60,8.33,837.0,1,0,0.273,OWN,personal,0
APP102784,62,658000.0,4.3,183000.0,84,8.8,662.0,1,1,0.04,OWN,business,1
APP102785,26,552000.0,10.6,451000.0,36,6.35,762.0,0,0,0.272,OWN,home_improvement,0
APP102786,33,266000.0,1.9,104000.0,48,9.66,651.0,3,0,0.098,RENT,personal,0
APP102787,23,228000.0,3.9,321000.0,36,9.59,762.0,0,0,0.469,OWN,business,0
APP102788,21,386000.0,5.4,128000.0,12,5.0,716.0,0,0,0.332,OWN,home_improvement,1
APP102789,58,642000.0,3.6,548000.0,24,11.1,771.0,0,0,0.427,RENT,personal,0
APP102790,63,674000.0,3.7,204000.0,12,10.07,710.0,0,0,0.303,RENT,business,0
APP102791,28,429000.0,7.9,561000.0,36,7.95,692.0,2,0,0.436,OWN,personal,1
APP102792,53,594000.0,9.6,332000.0,48,7.2,722.0,1,0,0.14,RENT,education,1
APP102793,45,500000.0,3.3,506000.0,12,9.24,709.0,2,0,1.012,RENT,medical,0
APP102794,24,456000.0,1.4,181000.0,24,8.67,679.0,0,2,0.198,MORTGAGE,business,1
APP102795,62,822000.0,1.1,542000.0,12,6.9,657.0,3,0,0.659,OWN,home_improvement,1
APP102796,60,283000.0,0.5,89000.0,84,11.03,654.0,2,0,0.045,OWN,debt_consolidation,0
APP102797,46,790000.0,14.2,749000.0,60,5.0,671.0,0,0,0.19,OWN,home_improvement,0
APP102798,52,640000.0,7.9,99000.0,12,6.04,694.0,1,0,0.155,OWN,personal,0
APP102799,38,637000.0,6.7,1013000.0,60,8.49,612.0,0,1,0.318,RENT,education,0
APP102800,56,799000.0,2.9,602000.0,60,7.39,618.0,1,1,0.151,RENT,debt_consolidation,0
APP102801,41,418000.0,2.9,444000.0,60,9.04,684.0,0,1,0.212,MORTGAGE,home_improvement,0
APP102802,65,900000.0,9.9,509000.0,60,5.0,772.0,0,0,0.113,MORTGAGE,debt_consolidation,0
APP102803,23,211000.0,0.9,109000.0,36,6.94,666.0,1,1,0.172,RENT,education,0
APP102804,28,478000.0,3.4,658000.0,24,10.03,809.0,3,0,0.688,MORTGAGE,debt_consolidation,1
APP102805,64,728000.0,10.9,910000.0,60,5.0,685.0,5,1,0.25,RENT,business,1
APP102806,33,496000.0,3.4,537000.0,60,6.97,738.0,0,0,0.217,MORTGAGE,business,0
APP102807,34,397000.0,7.6,493000.0,24,6.33,636.0,1,1,0.621,RENT,debt_consolidation,1
APP102808,56,706000.0,4.5,285000.0,48,8.3,724.0,1,1,0.101,RENT,medical,0
APP102809,29,664000.0,0.2,999000.0,36,8.36,724.0,0,1,0.502,RENT,business,0
APP102810,44,420000.0,4.3,340000.0,36,7.71,583.0,1,3,0.27,OWN,home_improvement,0
APP102811,33,536000.0,5.0,756000.0,48,6.86,704.0,0,1,0.353,OWN,home_improvement,1
APP102812,29,602000.0,4.1,733000.0,12,7.64,785.0,3,0,1.218,OWN,personal,1
APP102813,64,609000.0,1.6,344000.0,36,7.14,710.0,0,1,0.188,MORTGAGE,personal,0
APP102814,29,677000.0,4.1,660000.0,24,7.43,775.0,0,0,0.487,RENT,personal,0
APP102815,25,343000.0,0.6,532000.0,12,10.71,647.0,0,2,1.551,OWN,medical,1
APP102816,51,579000.0,3.4,118000.0,36,5.0,621.0,1,0,0.068,RENT,business,0
APP102817,60,558000.0,8.1,429000.0,36,8.25,763.0,0,0,0.256,OWN,education,0
APP102818,26,589000.0,13.7,618000.0,36,5.43,665.0,2,2,0.35,RENT,business,1
APP102819,52,709000.0,12.2,456000.0,24,11.8,731.0,3,0,0.322,MORTGAGE,personal,0
APP102820,45,638000.0,1.9,390000.0,36,7.7,689.0,1,1,0.204,MORTGAGE,medical,1
APP102821,58,516000.0,,638000.0,24,5.0,679.0,0,0,0.618,MORTGAGE,business,0
APP102822,26,369000.0,5.4,546000.0,12,6.99,725.0,1,0,1.48,MORTGAGE,home_improvement,1
APP102823,64,761000.0,4.8,707000.0,60,5.0,677.0,2,0,0.186,MORTGAGE,business,0
APP102824,48,834000.0,7.2,1272000.0,48,6.11,669.0,1,0,0.381,RENT,education,0
APP102825,58,725000.0,2.7,215000.0,36,8.85,713.0,3,1,0.099,RENT,debt_consolidation,0
APP102826,37,808000.0,4.9,388000.0,48,10.49,665.0,2,0,0.12,RENT,debt_consolidation,1
APP102827,63,768000.0,4.7,213000.0,36,9.88,694.0,3,0,0.092,MORTGAGE,debt_consolidation,0
APP102828,49,664000.0,3.5,519000.0,24,7.27,678.0,0,0,0.391,OWN,personal,0
APP102829,26,519000.0,0.9,549000.0,36,8.75,745.0,0,2,0.353,RENT,personal,1
APP102830,62,941000.0,8.0,415000.0,60,9.28,,0,0,0.088,OWN,home_improvement,0
APP102831,56,836000.0,5.4,669000.0,48,12.45,639.0,1,1,0.2,OWN,business,0
APP102832,34,392000.0,8.4,448000.0,60,6.17,737.0,0,0,0.229,MORTGAGE,education,0
APP102833,45,759000.0,9.9,818000.0,60,10.82,713.0,0,1,0.216,OWN,personal,0
APP102834,38,571000.0,4.4,607000.0,24,5.1,735.0,0,0,0.532,MORTGAGE,personal,0
APP102835,45,587000.0,8.0,604000.0,60,10.1,693.0,1,0,0.206,MORTGAGE,home_improvement,0
APP102836,64,535000.0,13.9,846000.0,48,6.13,674.0,1,1,0.395,MORTGAGE,medical,0
APP102837,61,589000.0,17.0,698000.0,36,6.0,835.0,0,0,0.395,RENT,business,0
APP102838,30,446000.0,5.9,654000.0,36,6.87,674.0,1,0,0.489,RENT,education,1
APP102839,64,490000.0,6.3,750000.0,36,5.79,647.0,0,1,0.51,MORTGAGE,personal,1
APP102840,40,509000.0,5.9,711000.0,12,8.44,622.0,1,0,1.397,MORTGAGE,home_improvement,1
APP102841,52,754000.0,7.1,217000.0,12,10.2,647.0,5,1,0.288,RENT,personal,0
APP102842,55,608000.0,9.6,558000.0,36,5.0,640.0,0,1,0.306,RENT,debt_consolidation,1
APP102843,42,584000.0,5.8,411000.0,24,7.12,815.0,1,1,0.352,MORTGAGE,education,0
APP102844,41,531000.0,16.3,154000.0,12,5.11,669.0,1,0,0.29,RENT,debt_consolidation,1
APP102845,41,718000.0,14.8,695000.0,12,9.49,707.0,0,0,0.968,OWN,business,0
APP102846,59,740000.0,5.0,339000.0,84,10.62,804.0,2,1,0.065,MORTGAGE,debt_consolidation,0
APP102847,38,325000.0,5.0,323000.0,24,7.12,761.0,0,1,0.497,MORTGAGE,debt_consolidation,1
APP102848,33,375000.0,3.3,501000.0,84,5.95,608.0,2,0,0.191,RENT,debt_consolidation,0
APP102849,37,370000.0,7.3,267000.0,36,5.0,726.0,1,0,0.241,MORTGAGE,education,0
APP102850,29,545000.0,3.7,832000.0,24,11.79,731.0,1,0,0.763,RENT,personal,1
APP102851,38,540000.0,,681000.0,24,10.4,635.0,1,1,0.631,MORTGAGE,home_improvement,1
APP102852,26,485000.0,7.2,638000.0,24,5.0,759.0,1,0,0.658,RENT,education,0
APP102853,25,402000.0,1.8,126000.0,36,8.94,617.0,0,1,0.104,RENT,education,1
APP102854,53,733000.0,9.7,1111000.0,24,5.05,636.0,1,0,0.758,RENT,personal,0
APP102855,24,534000.0,7.4,107000.0,60,6.38,760.0,3,0,0.04,OWN,home_improvement,0
APP102856,46,623000.0,14.3,856000.0,36,5.0,752.0,0,1,0.458,OWN,debt_consolidation,0
APP102857,56,563000.0,6.0,109000.0,36,5.0,805.0,0,1,0.065,MORTGAGE,personal,0
APP102858,53,659000.0,8.3,254000.0,36,7.4,647.0,3,2,0.128,RENT,debt_consolidation,1
APP102859,41,577000.0,9.1,350000.0,48,11.67,823.0,0,0,0.152,MORTGAGE,home_improvement,0
APP102860,29,871000.0,11.5,1062000.0,84,5.46,675.0,1,1,0.174,RENT,personal,0
APP102861,62,630000.0,5.5,916000.0,36,9.46,785.0,1,0,0.485,RENT,home_improvement,0
APP102862,58,680000.0,3.2,759000.0,36,9.81,811.0,2,0,0.372,RENT,business,1
APP102863,48,681000.0,6.1,821000.0,84,9.09,644.0,1,1,0.172,RENT,debt_consolidation,0
APP102864,24,720000.0,,411000.0,84,11.89,631.0,1,0,0.082,MORTGAGE,home_improvement,0
APP102865,22,388000.0,10.6,607000.0,60,9.6,753.0,0,0,0.313,RENT,medical,0
APP102866,35,672000.0,0.9,498000.0,60,11.47,723.0,1,0,0.148,RENT,personal,1
APP102867,28,716000.0,26.7,1055000.0,36,5.0,718.0,2,1,0.491,RENT,home_improvement,1
APP102868,59,1016000.0,3.1,1300000.0,36,9.14,724.0,3,1,0.427,MORTGAGE,debt_consolidation,1
APP102869,30,585000.0,8.4,399000.0,36,10.82,590.0,0,3,0.227,OWN,home_improvement,1
APP102870,33,412000.0,12.4,267000.0,48,5.8,729.0,1,0,0.162,RENT,home_improvement,0
APP102871,64,661000.0,4.7,750000.0,60,5.0,686.0,0,0,0.227,RENT,debt_consolidation,1
APP102872,57,923000.0,10.9,1397000.0,36,5.0,766.0,1,2,0.505,OWN,home_improvement,0
APP102873,30,453000.0,0.9,510000.0,36,5.91,755.0,1,0,0.375,MORTGAGE,debt_consolidation,1
APP102874,38,602000.0,11.1,839000.0,60,8.73,703.0,0,0,0.279,OWN,medical,1
APP102875,44,744000.0,10.2,1154000.0,24,6.25,742.0,0,0,0.776,RENT,home_improvement,0
APP102876,50,579000.0,6.7,364000.0,48,7.51,714.0,1,0,0.157,RENT,business,0
APP102877,63,713000.0,9.7,664000.0,60,6.17,666.0,0,0,0.186,RENT,personal,0
APP102878,60,648000.0,15.0,670000.0,12,7.22,800.0,1,1,1.034,OWN,personal,1
APP102879,64,1046000.0,12.7,486000.0,24,7.35,712.0,1,0,0.232,RENT,education,0
APP102880,22,257000.0,4.9,336000.0,12,6.11,890.0,1,0,1.307,RENT,personal,0
APP102881,31,535000.0,6.1,283000.0,12,9.31,725.0,1,0,0.529,RENT,personal,0
APP102882,46,648000.0,4.2,761000.0,36,10.54,797.0,0,0,0.391,RENT,personal,1
APP102883,23,432000.0,3.8,393000.0,48,5.0,711.0,2,0,0.227,RENT,education,0
APP102884,36,386000.0,9.0,526000.0,36,7.98,737.0,2,0,0.454,MORTGAGE,personal,0
APP102885,27,313000.0,4.2,279000.0,48,5.0,696.0,1,0,0.223,OWN,debt_consolidation,0
APP102886,62,808000.0,9.0,809000.0,24,5.0,565.0,2,2,0.501,MORTGAGE,medical,1
APP102887,23,327000.0,4.7,135000.0,60,9.78,,0,0,0.083,RENT,debt_consolidation,0
APP102888,27,164000.0,5.2,217000.0,36,11.92,651.0,2,1,0.441,RENT,medical,1
APP102889,29,511000.0,2.4,375000.0,48,6.78,759.0,2,1,0.183,RENT,medical,1
APP102890,27,387000.0,8.8,383000.0,24,11.53,844.0,1,0,0.495,RENT,home_improvement,0
APP102891,46,630000.0,0.8,867000.0,60,6.07,676.0,1,0,0.275,OWN,debt_consolidation,1
APP102892,37,579000.0,11.4,489000.0,36,6.98,641.0,3,1,0.282,RENT,education,1
APP102893,62,832000.0,20.6,456000.0,84,11.17,729.0,0,0,0.078,MORTGAGE,education,0
APP102894,32,513000.0,5.3,274000.0,36,5.49,616.0,1,0,0.178,OWN,home_improvement,0
APP102895,45,412000.0,5.2,400000.0,60,9.52,648.0,5,2,0.194,RENT,personal,1
APP102896,50,441000.0,1.2,252000.0,36,6.73,757.0,1,1,0.19,MORTGAGE,debt_consolidation,0
APP102897,49,545000.0,3.3,349000.0,24,5.91,656.0,2,0,0.32,OWN,home_improvement,0
APP102898,56,532000.0,9.8,261000.0,48,6.38,756.0,1,0,0.123,RENT,education,0
APP102899,30,667000.0,10.8,532000.0,24,5.0,711.0,2,0,0.399,MORTGAGE,personal,1
APP102900,43,533000.0,5.9,440000.0,60,10.27,711.0,1,0,0.165,OWN,home_improvement,0
APP102901,57,487000.0,9.4,444000.0,36,8.0,710.0,0,1,0.304,OWN,medical,0
APP102902,59,550000.0,2.5,555000.0,48,7.17,669.0,2,2,0.252,RENT,business,1
APP102903,48,636000.0,6.9,638000.0,36,5.98,672.0,3,0,0.334,OWN,personal,0
APP102904,50,645000.0,13.5,440000.0,36,8.19,702.0,2,1,0.227,RENT,personal,1
APP102905,59,759000.0,7.9,1105000.0,48,9.44,675.0,0,1,0.364,MORTGAGE,personal,0
APP102906,49,809000.0,14.9,722000.0,48,6.9,720.0,1,1,0.223,OWN,education,0
APP102907,63,1171000.0,15.2,1589000.0,48,9.62,691.0,1,0,0.339,MORTGAGE,personal,0
APP102908,26,666000.0,7.3,638000.0,48,8.11,748.0,1,1,0.239,OWN,education,0
APP102909,36,221000.0,0.0,152000.0,48,7.29,692.0,1,0,0.172,MORTGAGE,debt_consolidation,0
APP102910,26,479000.0,10.6,585000.0,60,9.51,645.0,3,0,0.244,OWN,personal,1
APP102911,25,379000.0,1.6,154000.0,36,6.38,702.0,1,0,0.135,OWN,business,0
APP102912,42,591000.0,0.2,920000.0,24,5.0,680.0,4,0,0.778,OWN,education,1
APP102913,31,304000.0,0.7,298000.0,48,7.38,685.0,1,0,0.245,MORTGAGE,education,0
APP102914,39,538000.0,11.1,162000.0,36,7.58,653.0,0,0,0.1,RENT,medical,0
APP102915,40,391000.0,,298000.0,60,7.01,709.0,2,0,0.152,RENT,debt_consolidation,0
APP102916,48,520000.0,6.0,615000.0,84,10.12,714.0,3,0,0.169,OWN,home_improvement,0
APP102917,63,637000.0,7.8,158000.0,60,8.6,759.0,0,0,0.05,RENT,business,0
APP102918,59,565000.0,0.7,299000.0,36,7.25,777.0,0,0,0.176,MORTGAGE,debt_consolidation,0
APP102919,38,350000.0,4.2,522000.0,48,7.49,700.0,0,2,0.373,MORTGAGE,education,0
APP102920,35,642000.0,2.9,428000.0,36,7.68,688.0,0,2,0.222,RENT,home_improvement,0
APP102921,55,718000.0,5.6,273000.0,12,8.66,735.0,3,0,0.38,MORTGAGE,personal,0
APP102922,26,258000.0,5.8,76000.0,60,7.62,682.0,2,0,0.059,OWN,personal,0
APP102923,45,615000.0,7.6,644000.0,60,7.16,787.0,0,0,0.209,OWN,business,0
APP102924,40,356000.0,8.4,342000.0,12,5.0,696.0,1,1,0.961,RENT,home_improvement,0
APP102925,29,635000.0,0.8,692000.0,60,5.94,665.0,2,1,0.218,OWN,home_improvement,1
APP102926,48,832000.0,4.3,1281000.0,60,8.11,632.0,0,1,0.308,RENT,education,0
APP102927,35,513000.0,5.1,122000.0,36,7.91,745.0,1,0,0.079,RENT,debt_consolidation,0
APP102928,29,315000.0,1.6,138000.0,12,5.0,733.0,1,0,0.438,MORTGAGE,education,0
APP102929,50,467000.0,1.4,228000.0,60,6.26,764.0,0,0,0.098,MORTGAGE,education,1
APP102930,28,364000.0,1.2,280000.0,12,5.45,628.0,2,0,0.769,RENT,personal,1
APP102931,51,652000.0,9.3,212000.0,24,10.5,778.0,0,0,0.163,OWN,debt_consolidation,0
APP102932,28,636000.0,1.0,473000.0,36,8.05,703.0,1,0,0.248,RENT,personal,0
APP102933,40,647000.0,1.1,863000.0,60,8.45,645.0,0,1,0.267,RENT,home_improvement,1
APP102934,57,804000.0,5.5,311000.0,60,7.35,651.0,3,1,0.077,RENT,personal,0
APP102935,31,544000.0,6.9,805000.0,48,6.12,653.0,4,0,0.37,RENT,education,1
APP102936,55,467000.0,5.0,687000.0,60,6.52,692.0,0,2,0.294,MORTGAGE,personal,1
APP102937,53,475000.0,1.9,425000.0,48,8.58,682.0,2,0,0.224,OWN,education,1
APP102938,61,642000.0,1.4,897000.0,48,6.93,709.0,1,0,0.349,OWN,education,0
APP102939,28,303000.0,5.4,358000.0,24,8.61,659.0,2,1,0.591,OWN,debt_consolidation,1
APP102940,53,668000.0,4.5,446000.0,36,7.81,722.0,0,0,0.223,RENT,debt_consolidation,0
APP102941,63,792000.0,3.6,764000.0,36,8.15,637.0,0,1,0.322,RENT,personal,1
APP102942,55,770000.0,9.0,246000.0,12,8.26,562.0,1,2,0.319,MORTGAGE,personal,0
APP102943,29,551000.0,4.3,479000.0,36,6.34,810.0,1,2,0.29,OWN,debt_consolidation,0
APP102944,57,328000.0,1.3,444000.0,24,6.82,725.0,0,0,0.677,RENT,home_improvement,1
APP102945,25,644000.0,3.7,643000.0,12,9.5,890.0,0,0,0.998,RENT,business,1
APP102946,47,387000.0,7.5,272000.0,36,11.52,731.0,0,0,0.234,RENT,education,0
APP102947,43,534000.0,4.1,594000.0,24,9.52,717.0,1,0,0.556,MORTGAGE,personal,1
APP102948,44,696000.0,7.4,1090000.0,24,5.0,683.0,4,0,0.783,OWN,debt_consolidation,0
APP102949,44,670000.0,8.5,166000.0,60,5.83,722.0,2,1,0.05,RENT,personal,0
APP102950,22,242000.0,4.3,152000.0,60,7.75,716.0,2,0,0.126,MORTGAGE,personal,0
APP102951,43,402000.0,4.9,151000.0,48,5.08,638.0,2,0,0.094,RENT,education,0
APP102952,63,718000.0,3.9,1104000.0,24,5.0,669.0,0,0,0.769,MORTGAGE,home_improvement,0
APP102953,40,657000.0,7.5,619000.0,48,6.58,640.0,0,1,0.236,OWN,business,0
APP102954,33,328000.0,3.8,111000.0,48,8.26,,2,0,0.085,MORTGAGE,home_improvement,0
APP102955,65,783000.0,7.0,812000.0,24,8.86,705.0,1,1,0.519,MORTGAGE,business,1
APP102956,25,244000.0,5.9,214000.0,24,6.69,710.0,3,0,0.439,RENT,home_improvement,1
APP102957,42,604000.0,0.7,143000.0,36,6.52,644.0,1,1,0.079,RENT,debt_consolidation,1
APP102958,44,469000.0,7.3,658000.0,36,5.64,,0,0,0.468,MORTGAGE,business,0
APP102959,42,580000.0,5.5,683000.0,24,8.62,756.0,1,1,0.589,MORTGAGE,personal,0
APP102960,62,750000.0,11.8,118000.0,24,8.47,736.0,2,0,0.079,RENT,medical,0
APP102961,39,677000.0,1.6,1044000.0,36,9.5,745.0,1,0,0.514,OWN,personal,0
APP102962,64,742000.0,6.0,283000.0,36,7.79,784.0,0,0,0.127,RENT,debt_consolidation,0
APP102963,24,344000.0,3.3,52000.0,36,5.0,585.0,0,1,0.05,MORTGAGE,medical,0
APP102964,54,638000.0,0.8,491000.0,84,6.73,724.0,0,0,0.11,MORTGAGE,debt_consolidation,1
APP102965,47,859000.0,0.5,304000.0,12,9.39,773.0,1,0,0.354,OWN,debt_consolidation,0
APP102966,31,708000.0,13.4,692000.0,60,5.0,650.0,0,1,0.195,MORTGAGE,education,0
APP102967,31,499000.0,6.0,300000.0,36,7.31,632.0,1,1,0.2,RENT,personal,0
APP102968,53,493000.0,4.2,206000.0,48,8.13,,0,1,0.104,RENT,home_improvement,0
APP102969,49,465000.0,1.1,734000.0,48,11.91,591.0,2,1,0.395,RENT,business,1
APP102970,48,795000.0,12.9,503000.0,48,6.18,748.0,0,1,0.158,RENT,home_improvement,0
APP102971,23,286000.0,2.6,215000.0,48,7.23,688.0,2,1,0.188,RENT,education,0
APP102972,47,607000.0,6.2,350000.0,48,11.21,662.0,0,0,0.144,RENT,personal,0
APP102973,65,919000.0,5.3,1253000.0,48,6.21,582.0,2,1,0.341,OWN,home_improvement,0
APP102974,21,604000.0,17.1,263000.0,24,9.86,640.0,1,2,0.218,RENT,debt_consolidation,1
APP102975,42,398000.0,4.8,133000.0,36,8.36,769.0,2,0,0.111,OWN,debt_consolidation,0
APP102976,43,873000.0,3.2,1247000.0,60,7.01,651.0,1,0,0.286,RENT,home_improvement,1
APP102977,61,952000.0,6.0,396000.0,36,8.49,615.0,2,0,0.139,RENT,education,1
APP102978,33,601000.0,6.5,838000.0,24,7.18,685.0,1,1,0.697,OWN,personal,1
APP102979,42,996000.0,25.2,984000.0,84,12.47,664.0,4,0,0.141,OWN,education,0
APP102980,53,586000.0,4.8,788000.0,84,5.0,791.0,3,0,0.192,MORTGAGE,business,0
APP102981,23,516000.0,1.6,130000.0,36,6.88,717.0,1,0,0.084,RENT,home_improvement,1
APP102982,57,572000.0,3.6,885000.0,36,6.94,683.0,2,0,0.516,MORTGAGE,medical,1
APP102983,57,461000.0,6.0,270000.0,36,7.21,669.0,1,1,0.195,MORTGAGE,medical,0
APP102984,53,1040000.0,6.9,244000.0,36,9.88,677.0,2,0,0.078,OWN,business,0
APP102985,50,351000.0,1.0,442000.0,84,6.52,653.0,4,0,0.18,RENT,personal,0
APP102986,54,658000.0,3.3,269000.0,24,8.58,826.0,0,1,0.204,RENT,debt_consolidation,0
APP102987,56,826000.0,16.4,544000.0,36,8.01,800.0,0,0,0.22,RENT,personal,0
APP102988,61,720000.0,2.2,729000.0,60,9.34,678.0,0,1,0.202,RENT,debt_consolidation,0
APP102989,40,587000.0,9.2,146000.0,36,7.2,670.0,2,2,0.083,RENT,personal,1
APP102990,41,529000.0,3.7,234000.0,84,8.21,662.0,2,0,0.063,MORTGAGE,business,1
APP102991,49,625000.0,5.0,537000.0,36,7.23,761.0,2,0,0.286,RENT,debt_consolidation,1
APP102992,29,509000.0,1.1,388000.0,12,5.33,530.0,0,0,0.762,RENT,personal,1
APP102993,59,653000.0,4.1,626000.0,84,11.02,652.0,1,1,0.137,MORTGAGE,business,1
APP102994,55,642000.0,6.0,775000.0,24,5.82,656.0,1,0,0.604,RENT,personal,0
APP102995,49,403000.0,4.8,267000.0,48,6.45,761.0,1,0,0.166,RENT,personal,0
APP102996,34,808000.0,4.3,595000.0,12,5.61,700.0,2,0,0.736,RENT,personal,1
APP102997,36,636000.0,7.5,347000.0,48,8.38,574.0,6,0,0.136,MORTGAGE,education,1
APP102998,40,538000.0,1.4,346000.0,24,6.45,697.0,1,0,0.322,RENT,personal,0
APP102999,50,531000.0,6.2,119000.0,60,10.83,702.0,2,0,0.045,OWN,debt_consolidation,0
APP103000,56,441000.0,0.5,437000.0,84,8.67,753.0,1,1,0.142,MORTGAGE,debt_consolidation,0
APP103001,51,817000.0,11.0,327000.0,12,6.89,736.0,1,0,0.4,RENT,personal,0
APP103002,62,651000.0,4.4,774000.0,36,5.5,696.0,2,0,0.396,RENT,home_improvement,1
APP103003,64,833000.0,8.8,176000.0,48,7.26,710.0,2,0,0.053,MORTGAGE,home_improvement,0
APP103004,52,360000.0,0.1,85000.0,84,8.64,582.0,0,0,0.034,RENT,education,0
APP103005,37,799000.0,7.9,450000.0,36,7.4,613.0,1,2,0.188,OWN,personal,1
APP103006,47,697000.0,2.5,548000.0,84,7.19,595.0,1,0,0.112,MORTGAGE,home_improvement,1
APP103007,40,538000.0,5.0,622000.0,60,5.25,800.0,0,1,0.231,MORTGAGE,education,0
APP103008,49,710000.0,8.0,819000.0,48,12.43,688.0,1,0,0.288,RENT,personal,0
APP103009,57,760000.0,4.7,1187000.0,36,7.06,716.0,4,0,0.521,MORTGAGE,education,0
APP103010,37,359000.0,7.3,237000.0,36,5.0,647.0,2,0,0.22,RENT,home_improvement,0
APP103011,43,805000.0,3.8,190000.0,48,5.13,675.0,2,0,0.059,MORTGAGE,education,0
APP103012,23,600000.0,11.6,839000.0,48,6.74,685.0,3,0,0.35,MORTGAGE,education,0
APP103013,54,521000.0,4.4,630000.0,36,11.78,689.0,3,1,0.403,OWN,personal,0
APP103014,43,396000.0,4.4,99000.0,36,7.13,679.0,0,1,0.083,OWN,personal,0
APP103015,41,698000.0,4.5,189000.0,60,6.68,652.0,3,0,0.054,OWN,home_improvement,0
APP103016,44,604000.0,4.9,508000.0,36,9.36,547.0,0,2,0.28,RENT,home_improvement,1
APP103017,30,520000.0,1.5,336000.0,36,9.52,758.0,2,2,0.215,RENT,debt_consolidation,1
APP103018,47,561000.0,2.1,569000.0,36,8.95,682.0,0,0,0.338,RENT,medical,1
APP103019,54,540000.0,9.7,253000.0,24,7.94,695.0,1,0,0.234,RENT,medical,0
APP103020,36,648000.0,8.8,999000.0,12,5.07,674.0,2,0,1.542,OWN,medical,0
APP103021,26,477000.0,8.4,426000.0,36,5.85,800.0,0,0,0.298,RENT,education,0
APP103022,38,556000.0,6.8,689000.0,48,5.0,656.0,3,0,0.31,RENT,debt_consolidation,0
APP103023,29,819000.0,3.2,272000.0,60,7.01,649.0,1,1,0.066,OWN,personal,0
APP103024,37,637000.0,,665000.0,12,6.57,658.0,1,2,1.044,OWN,home_improvement,1
APP103025,49,741000.0,4.8,1041000.0,36,6.34,746.0,1,1,0.468,OWN,medical,0
APP103026,26,942000.0,10.7,173000.0,60,8.11,718.0,1,0,0.037,OWN,debt_consolidation,1
APP103027,54,700000.0,5.7,653000.0,24,6.05,665.0,3,1,0.466,OWN,personal,0
APP103028,31,478000.0,2.0,243000.0,84,6.75,649.0,3,1,0.073,OWN,home_improvement,0
APP103029,61,529000.0,1.2,446000.0,48,6.43,674.0,1,0,0.211,OWN,medical,0
APP103030,53,607000.0,8.9,809000.0,84,7.43,808.0,2,0,0.19,MORTGAGE,personal,0
APP103031,33,298000.0,13.1,343000.0,48,8.3,623.0,1,2,0.288,RENT,medical,0
APP103032,46,655000.0,0.9,815000.0,84,5.0,693.0,1,1,0.178,MORTGAGE,medical,0
APP103033,25,320000.0,9.2,146000.0,48,8.5,666.0,0,1,0.114,MORTGAGE,home_improvement,1
APP103034,25,616000.0,6.7,836000.0,24,8.08,743.0,1,0,0.679,MORTGAGE,home_improvement,1
APP103035,64,658000.0,2.5,685000.0,60,8.42,708.0,0,0,0.208,MORTGAGE,home_improvement,0
APP103036,57,681000.0,,171000.0,24,7.79,703.0,0,1,0.126,OWN,home_improvement,0
APP103037,27,426000.0,1.7,597000.0,36,8.3,677.0,1,1,0.467,OWN,business,1
APP103038,33,705000.0,4.1,163000.0,36,6.59,645.0,1,0,0.077,RENT,home_improvement,0
APP103039,29,665000.0,5.0,127000.0,60,8.48,695.0,2,0,0.038,MORTGAGE,business,0
APP103040,38,613000.0,11.6,833000.0,48,10.02,620.0,1,0,0.34,RENT,business,1
APP103041,34,367000.0,4.0,62000.0,60,6.41,717.0,1,0,0.034,OWN,debt_consolidation,0
APP103042,35,631000.0,2.7,176000.0,24,6.49,675.0,1,0,0.139,OWN,personal,0
APP103043,44,443000.0,6.3,77000.0,84,8.89,697.0,1,0,0.025,RENT,debt_consolidation,0
APP103044,29,281000.0,7.5,401000.0,60,6.28,640.0,3,2,0.285,RENT,debt_consolidation,0
APP103045,60,716000.0,2.6,154000.0,36,5.92,,0,1,0.072,RENT,home_improvement,0
APP103046,53,774000.0,1.9,534000.0,24,8.43,583.0,0,0,0.345,MORTGAGE,debt_consolidation,1
APP103047,55,544000.0,2.1,253000.0,36,6.55,579.0,3,3,0.155,MORTGAGE,personal,0
APP103048,28,618000.0,11.6,399000.0,24,10.19,698.0,2,1,0.323,RENT,business,1
APP103049,52,586000.0,7.2,335000.0,48,6.47,780.0,3,0,0.143,MORTGAGE,education,0
APP103050,58,751000.0,3.7,1079000.0,24,5.7,838.0,2,0,0.718,RENT,business,1
APP103051,28,706000.0,10.3,893000.0,36,7.49,809.0,3,0,0.422,RENT,education,0
APP103052,54,566000.0,2.6,811000.0,48,8.46,671.0,0,0,0.358,MORTGAGE,home_improvement,0
APP103053,37,373000.0,,445000.0,36,8.2,709.0,1,1,0.398,MORTGAGE,business,1
APP103054,56,388000.0,1.7,244000.0,60,8.69,726.0,2,1,0.126,RENT,personal,1
APP103055,42,761000.0,10.0,319000.0,24,6.28,755.0,1,0,0.21,RENT,home_improvement,0
APP103056,57,450000.0,2.4,413000.0,36,10.0,599.0,3,3,0.306,RENT,education,0
APP103057,27,498000.0,2.5,332000.0,60,5.0,729.0,0,0,0.133,RENT,home_improvement,0
APP103058,38,673000.0,6.5,729000.0,36,5.78,744.0,0,0,0.361,RENT,home_improvement,0
APP103059,33,378000.0,0.4,78000.0,36,7.58,640.0,1,1,0.069,MORTGAGE,debt_consolidation,0
APP103060,32,433000.0,1.3,513000.0,60,5.97,700.0,3,0,0.237,RENT,home_improvement,0
APP103061,34,702000.0,8.2,410000.0,36,6.82,659.0,0,0,0.195,RENT,personal,1
APP103062,38,382000.0,,313000.0,60,5.34,809.0,1,1,0.164,RENT,personal,0
APP103063,26,519000.0,20.8,814000.0,84,7.04,724.0,1,0,0.224,MORTGAGE,debt_consolidation,0
APP103064,52,593000.0,5.5,274000.0,24,8.52,671.0,3,2,0.231,MORTGAGE,personal,0
APP103065,45,721000.0,0.8,231000.0,60,6.32,663.0,1,2,0.064,RENT,business,0
APP103066,58,1003000.0,13.6,456000.0,48,5.57,730.0,2,0,0.114,RENT,home_improvement,0
APP103067,52,613000.0,5.5,404000.0,84,6.49,741.0,2,0,0.094,MORTGAGE,personal,1
APP103068,27,356000.0,4.2,330000.0,48,9.93,738.0,2,1,0.232,RENT,personal,1
APP103069,24,620000.0,5.5,974000.0,60,9.91,685.0,2,1,0.314,OWN,business,0
APP103070,40,249000.0,0.8,351000.0,36,6.45,761.0,0,0,0.47,OWN,business,0
APP103071,42,596000.0,4.7,707000.0,48,8.62,723.0,0,1,0.297,MORTGAGE,personal,1
APP103072,31,456000.0,2.2,545000.0,60,7.46,640.0,1,0,0.239,OWN,home_improvement,1
APP103073,56,834000.0,4.5,468000.0,84,10.32,689.0,1,1,0.08,RENT,personal,0
APP103074,47,781000.0,3.3,1168000.0,24,7.92,701.0,1,0,0.748,RENT,home_improvement,1
APP103075,54,496000.0,5.3,462000.0,12,7.06,695.0,1,2,0.931,RENT,personal,1
APP103076,25,470000.0,3.7,181000.0,84,11.02,753.0,1,0,0.055,OWN,business,0
APP103077,57,544000.0,3.1,831000.0,48,5.47,729.0,0,0,0.382,OWN,business,0
APP103078,30,410000.0,2.0,363000.0,12,8.2,732.0,1,0,0.885,RENT,personal,1
APP103079,41,599000.0,0.9,225000.0,36,10.51,727.0,0,0,0.125,OWN,education,0
APP103080,40,448000.0,0.7,545000.0,60,8.97,677.0,1,0,0.243,MORTGAGE,business,0
APP103081,57,638000.0,1.4,312000.0,84,5.82,751.0,1,1,0.07,RENT,debt_consolidation,0
APP103082,33,684000.0,7.7,289000.0,36,5.7,737.0,0,1,0.141,RENT,business,0
APP103083,31,686000.0,1.9,369000.0,60,5.0,817.0,1,0,0.108,RENT,education,0
APP103084,36,542000.0,2.7,536000.0,36,10.76,686.0,3,0,0.33,RENT,education,1
APP103085,37,522000.0,2.7,300000.0,36,5.01,691.0,0,0,0.192,RENT,business,0
APP103086,29,298000.0,3.3,62000.0,48,9.07,608.0,0,0,0.052,RENT,business,1
APP103087,28,737000.0,6.8,525000.0,24,5.0,821.0,1,1,0.356,RENT,debt_consolidation,0
APP103088,31,555000.0,3.7,272000.0,36,13.13,700.0,3,1,0.163,RENT,business,0
APP103089,42,628000.0,8.8,560000.0,24,5.0,770.0,1,0,0.446,RENT,education,0
APP103090,36,496000.0,1.4,405000.0,24,7.59,807.0,1,0,0.408,MORTGAGE,debt_consolidation,1
APP103091,38,629000.0,8.1,166000.0,36,10.17,715.0,0,1,0.088,OWN,debt_consolidation,0
APP103092,53,834000.0,12.5,422000.0,84,5.95,687.0,2,0,0.072,MORTGAGE,personal,0
APP103093,31,627000.0,4.7,350000.0,36,8.74,694.0,0,3,0.186,OWN,home_improvement,0
APP103094,61,878000.0,1.7,749000.0,48,6.88,664.0,2,1,0.213,RENT,personal,0
APP103095,54,693000.0,6.9,930000.0,36,8.35,587.0,2,1,0.447,MORTGAGE,debt_consolidation,1
APP103096,28,739000.0,4.8,345000.0,60,9.88,785.0,3,0,0.093,MORTGAGE,debt_consolidation,1
APP103097,35,691000.0,6.0,262000.0,48,6.56,671.0,0,0,0.095,RENT,personal,0
APP103098,29,523000.0,9.0,79000.0,84,10.79,679.0,2,0,0.022,RENT,personal,0
APP103099,33,240000.0,3.5,247000.0,36,8.28,760.0,1,0,0.343,MORTGAGE,personal,0
APP103100,37,521000.0,3.0,324000.0,36,11.79,588.0,3,0,0.207,MORTGAGE,debt_consolidation,1
APP103101,26,922000.0,23.5,1034000.0,24,5.67,697.0,2,2,0.561,RENT,business,1
APP103102,21,344000.0,7.0,396000.0,24,6.09,747.0,0,0,0.576,OWN,medical,0
APP103103,40,624000.0,10.1,134000.0,48,6.99,742.0,0,2,0.054,MORTGAGE,home_improvement,0
APP103104,52,690000.0,8.6,522000.0,60,5.0,769.0,0,0,0.151,RENT,business,0
APP103105,34,718000.0,10.2,1115000.0,24,9.54,779.0,0,0,0.776,RENT,home_improvement,1
APP103106,59,620000.0,6.2,340000.0,48,7.33,745.0,4,0,0.137,OWN,debt_consolidation,0
APP103107,37,453000.0,9.3,416000.0,48,5.0,762.0,0,2,0.23,RENT,personal,1
APP103108,61,734000.0,2.7,682000.0,36,5.69,,0,0,0.31,RENT,business,0
APP103109,31,334000.0,0.8,176000.0,60,5.59,629.0,1,1,0.105,OWN,medical,1
APP103110,45,270000.0,2.1,346000.0,48,9.53,671.0,0,0,0.32,MORTGAGE,home_improvement,0
APP103111,55,906000.0,4.2,141000.0,84,8.51,762.0,0,0,0.022,RENT,medical,0
APP103112,23,573000.0,3.8,274000.0,60,7.21,637.0,2,2,0.096,RENT,education,0
APP103113,62,962000.0,4.8,971000.0,60,6.7,695.0,0,0,0.202,RENT,debt_consolidation,0
APP103114,37,634000.0,2.6,938000.0,36,6.97,783.0,0,0,0.493,RENT,debt_consolidation,0
APP103115,43,616000.0,0.5,101000.0,60,11.42,714.0,1,1,0.033,RENT,debt_consolidation,0
APP103116,49,640000.0,,654000.0,84,6.99,812.0,0,0,0.146,RENT,personal,0
APP103117,49,530000.0,1.2,82000.0,24,9.39,737.0,0,0,0.077,MORTGAGE,medical,0
APP103118,22,514000.0,4.6,541000.0,36,6.78,750.0,1,0,0.351,OWN,debt_consolidation,0
APP103119,60,604000.0,6.4,451000.0,60,11.2,683.0,3,0,0.149,RENT,home_improvement,0
APP103120,49,423000.0,3.3,330000.0,36,5.0,591.0,2,0,0.26,MORTGAGE,medical,0
APP103121,65,609000.0,1.6,946000.0,36,9.28,693.0,0,0,0.518,RENT,medical,0
APP103122,42,756000.0,5.0,861000.0,48,5.83,662.0,3,0,0.285,OWN,home_improvement,1
APP103123,48,646000.0,24.4,281000.0,60,12.37,657.0,1,1,0.087,OWN,home_improvement,0
APP103124,40,392000.0,7.0,626000.0,24,9.03,,1,1,0.798,MORTGAGE,home_improvement,1
APP103125,61,792000.0,7.3,414000.0,36,5.0,748.0,1,1,0.174,MORTGAGE,personal,1
APP103126,58,573000.0,3.1,656000.0,36,5.45,663.0,1,1,0.382,RENT,medical,1
APP103127,61,716000.0,2.3,814000.0,24,9.01,737.0,1,0,0.568,OWN,business,1
APP103128,43,779000.0,10.2,1077000.0,12,8.95,680.0,0,1,1.383,OWN,home_improvement,1
APP103129,56,659000.0,0.3,480000.0,48,8.78,703.0,1,0,0.182,RENT,personal,0
APP103130,37,407000.0,2.5,472000.0,60,7.84,674.0,2,0,0.232,OWN,home_improvement,1
APP103131,41,861000.0,14.4,911000.0,84,6.8,756.0,1,0,0.151,RENT,personal,0
APP103132,55,744000.0,4.4,582000.0,84,9.89,733.0,0,1,0.112,RENT,education,0
APP103133,24,410000.0,1.0,606000.0,84,5.6,816.0,0,0,0.211,RENT,personal,0
APP103134,52,637000.0,6.5,328000.0,12,7.62,701.0,0,0,0.515,RENT,personal,0
APP103135,21,473000.0,3.4,225000.0,36,6.14,632.0,3,2,0.159,RENT,personal,1
APP103136,47,494000.0,0.7,526000.0,12,5.96,774.0,1,0,1.065,OWN,business,0
APP103137,42,326000.0,5.7,139000.0,48,6.49,713.0,0,0,0.107,MORTGAGE,business,0
APP103138,42,675000.0,,914000.0,84,5.88,,1,2,0.193,MORTGAGE,debt_consolidation,1
APP103139,43,669000.0,4.8,430000.0,12,8.71,656.0,2,1,0.643,RENT,personal,1
APP103140,43,246000.0,6.9,187000.0,36,5.0,755.0,0,0,0.253,RENT,personal,0
APP103141,39,579000.0,1.5,660000.0,36,8.45,747.0,1,0,0.38,RENT,medical,1
APP103142,41,833000.0,6.1,1194000.0,24,6.1,767.0,1,1,0.717,MORTGAGE,home_improvement,0
APP103143,46,420000.0,5.3,483000.0,60,7.57,689.0,0,0,0.23,MORTGAGE,personal,0
APP103144,55,689000.0,10.0,197000.0,36,7.13,730.0,1,1,0.095,MORTGAGE,personal,0
APP103145,45,523000.0,2.5,335000.0,36,6.4,671.0,2,1,0.214,MORTGAGE,home_improvement,0
APP103146,49,929000.0,11.3,1150000.0,84,10.17,643.0,1,0,0.177,MORTGAGE,personal,0
APP103147,58,868000.0,8.5,1273000.0,24,6.68,694.0,1,0,0.733,RENT,education,0
APP103148,65,560000.0,4.3,599000.0,36,9.05,678.0,1,0,0.357,OWN,education,0
APP103149,25,509000.0,4.8,516000.0,60,9.08,698.0,3,1,0.203,MORTGAGE,personal,0
APP103150,53,917000.0,0.3,642000.0,36,6.9,654.0,2,0,0.233,MORTGAGE,debt_consolidation,0
APP103151,31,399000.0,4.7,336000.0,48,5.0,678.0,0,2,0.211,RENT,business,1
APP103152,29,520000.0,8.1,404000.0,36,5.56,,1,0,0.259,OWN,personal,0
APP103153,56,707000.0,3.7,163000.0,36,10.31,763.0,0,0,0.077,RENT,education,0
APP103154,24,422000.0,10.0,77000.0,24,8.58,,1,0,0.091,RENT,home_improvement,0
APP103155,59,948000.0,6.6,991000.0,60,7.81,652.0,0,0,0.209,RENT,home_improvement,0
APP103156,55,718000.0,17.4,638000.0,24,6.25,806.0,0,0,0.444,MORTGAGE,medical,0
APP103157,65,463000.0,2.6,234000.0,84,11.31,676.0,2,0,0.072,OWN,business,0
APP103158,51,567000.0,7.5,819000.0,12,5.59,795.0,0,0,1.444,MORTGAGE,education,1
APP103159,60,724000.0,1.3,325000.0,60,7.81,694.0,0,1,0.09,RENT,personal,1
APP103160,26,334000.0,4.0,389000.0,84,8.6,714.0,2,0,0.166,RENT,personal,0
APP103161,61,744000.0,6.9,962000.0,12,5.0,749.0,2,0,1.293,RENT,business,0
APP103162,28,597000.0,7.9,817000.0,48,5.83,716.0,3,1,0.342,RENT,education,1
APP103163,35,321000.0,3.5,439000.0,60,6.49,714.0,1,0,0.274,OWN,personal,0
APP103164,26,451000.0,10.8,587000.0,48,9.4,718.0,0,0,0.325,MORTGAGE,debt_consolidation,1
APP103165,39,685000.0,12.4,557000.0,60,6.54,733.0,1,0,0.163,RENT,home_improvement,0
APP103166,54,711000.0,2.6,750000.0,24,5.0,626.0,0,0,0.527,MORTGAGE,debt_consolidation,1
APP103167,33,416000.0,4.1,580000.0,84,5.0,773.0,1,0,0.199,MORTGAGE,education,0
APP103168,57,660000.0,3.8,501000.0,36,5.81,606.0,2,2,0.253,RENT,home_improvement,1
APP103169,48,531000.0,3.0,596000.0,36,5.0,680.0,2,0,0.374,MORTGAGE,business,0
APP103170,49,796000.0,11.9,304000.0,36,9.19,722.0,0,0,0.127,MORTGAGE,education,0
APP103171,63,848000.0,11.8,822000.0,36,9.28,746.0,2,0,0.323,MORTGAGE,education,0
APP103172,40,481000.0,3.9,171000.0,36,7.52,721.0,0,0,0.119,RENT,business,0
APP103173,36,628000.0,7.5,695000.0,24,6.92,754.0,2,0,0.553,OWN,personal,0
APP103174,65,697000.0,9.9,485000.0,60,9.13,759.0,1,0,0.139,MORTGAGE,personal,0
APP103175,46,663000.0,5.7,318000.0,36,9.04,678.0,1,0,0.16,MORTGAGE,home_improvement,0
APP103176,48,653000.0,3.7,440000.0,36,5.33,655.0,0,1,0.225,MORTGAGE,home_improvement,1
APP103177,34,840000.0,2.5,980000.0,60,5.63,710.0,0,0,0.233,MORTGAGE,personal,1
APP103178,30,476000.0,8.0,698000.0,60,9.05,757.0,2,0,0.293,MORTGAGE,medical,0
APP103179,28,414000.0,1.4,69000.0,60,8.1,752.0,0,0,0.033,RENT,home_improvement,0
APP103180,31,383000.0,3.7,151000.0,12,8.84,734.0,0,1,0.394,MORTGAGE,medical,1
APP103181,29,307000.0,3.2,360000.0,60,5.53,,0,1,0.235,MORTGAGE,personal,0
APP103182,54,521000.0,1.3,508000.0,24,5.85,704.0,2,2,0.488,MORTGAGE,business,1
APP103183,23,541000.0,4.4,332000.0,36,8.52,711.0,1,1,0.205,OWN,debt_consolidation,0
APP103184,49,704000.0,4.1,771000.0,60,6.0,640.0,0,2,0.219,MORTGAGE,debt_consolidation,0
APP103185,63,696000.0,2.0,980000.0,12,5.0,692.0,2,0,1.408,MORTGAGE,debt_consolidation,1
APP103186,55,675000.0,11.6,354000.0,24,6.03,724.0,4,1,0.262,MORTGAGE,debt_consolidation,0
APP103187,39,507000.0,8.1,433000.0,36,7.05,763.0,0,2,0.285,MORTGAGE,debt_consolidation,0
APP103188,23,309000.0,4.9,56000.0,36,11.24,,0,0,0.06,RENT,personal,1
APP103189,58,622000.0,9.0,946000.0,36,5.66,707.0,2,1,0.507,RENT,debt_consolidation,1
APP103190,21,308000.0,,404000.0,60,7.36,625.0,0,1,0.262,MORTGAGE,home_improvement,0
APP103191,51,902000.0,11.9,796000.0,60,11.99,703.0,0,0,0.176,MORTGAGE,home_improvement,0
APP103192,51,863000.0,2.6,1371000.0,84,5.09,742.0,1,0,0.227,OWN,debt_consolidation,0
APP103193,29,242000.0,9.0,114000.0,24,8.95,735.0,1,0,0.236,RENT,personal,1
APP103194,54,667000.0,4.1,820000.0,48,5.94,674.0,1,0,0.307,RENT,business,1
APP103195,28,526000.0,5.6,666000.0,60,8.38,596.0,3,3,0.253,OWN,home_improvement,1
APP103196,31,500000.0,2.7,677000.0,24,12.64,741.0,4,0,0.677,OWN,education,1
APP103197,57,559000.0,4.7,639000.0,36,9.24,707.0,3,0,0.381,MORTGAGE,personal,1
APP103198,65,903000.0,9.1,385000.0,12,7.83,702.0,4,0,0.426,RENT,personal,0
APP103199,32,672000.0,14.0,190000.0,24,5.41,804.0,0,0,0.141,RENT,business,0
APP103200,62,829000.0,4.3,341000.0,24,7.11,743.0,0,1,0.206,RENT,business,0
APP103201,62,537000.0,2.1,749000.0,48,6.26,703.0,0,0,0.349,OWN,education,0
APP103202,55,559000.0,15.5,410000.0,48,5.0,739.0,2,1,0.183,RENT,debt_consolidation,1
APP103203,27,507000.0,2.5,478000.0,12,5.0,702.0,1,0,0.943,OWN,home_improvement,1
APP103204,34,320000.0,0.9,60000.0,48,5.67,671.0,0,2,0.047,RENT,business,0
APP103205,51,749000.0,2.9,646000.0,12,7.43,603.0,0,1,0.862,MORTGAGE,home_improvement,1
APP103206,65,442000.0,10.1,329000.0,24,9.96,663.0,2,1,0.372,OWN,education,0
APP103207,57,551000.0,2.4,510000.0,60,5.88,724.0,1,0,0.185,MORTGAGE,medical,0
APP103208,39,411000.0,1.6,285000.0,36,7.92,625.0,1,1,0.231,OWN,debt_consolidation,1
APP103209,31,449000.0,5.2,116000.0,60,5.0,675.0,1,1,0.052,RENT,debt_consolidation,1
APP103210,64,842000.0,14.1,180000.0,36,5.74,651.0,1,0,0.071,RENT,home_improvement,0
APP103211,33,588000.0,6.7,898000.0,24,5.0,763.0,1,0,0.764,RENT,medical,0
APP103212,36,578000.0,1.3,593000.0,60,12.42,753.0,2,1,0.205,MORTGAGE,home_improvement,0
APP103213,64,978000.0,19.2,1059000.0,24,7.94,703.0,0,0,0.541,MORTGAGE,home_improvement,0
APP103214,46,573000.0,6.1,847000.0,36,7.87,515.0,2,4,0.493,MORTGAGE,education,1
APP103215,32,871000.0,9.4,826000.0,48,8.68,760.0,1,0,0.237,MORTGAGE,education,0
APP103216,21,597000.0,1.1,622000.0,48,13.07,736.0,0,0,0.26,RENT,debt_consolidation,0
APP103217,40,647000.0,17.0,588000.0,60,6.54,779.0,0,0,0.182,MORTGAGE,debt_consolidation,0
APP103218,65,660000.0,3.4,267000.0,84,5.34,756.0,1,0,0.058,RENT,personal,1
APP103219,40,452000.0,1.0,272000.0,24,11.9,712.0,2,0,0.301,RENT,debt_consolidation,0
APP103220,52,685000.0,5.7,981000.0,24,5.0,751.0,0,2,0.716,OWN,medical,0
APP103221,32,409000.0,9.4,325000.0,48,10.36,755.0,1,2,0.199,RENT,medical,0
APP103222,55,552000.0,7.5,246000.0,24,7.34,831.0,1,0,0.223,RENT,education,0
APP103223,55,344000.0,7.4,465000.0,36,8.45,811.0,1,1,0.451,RENT,education,0
APP103224,48,562000.0,7.0,155000.0,36,5.0,649.0,2,1,0.092,RENT,home_improvement,0
APP103225,55,803000.0,5.3,865000.0,60,13.21,761.0,0,1,0.215,OWN,business,0
APP103226,47,522000.0,1.1,608000.0,60,6.66,715.0,2,0,0.233,MORTGAGE,education,0
APP103227,38,512000.0,4.0,302000.0,24,5.96,567.0,0,2,0.295,RENT,home_improvement,1
APP103228,54,659000.0,3.6,258000.0,12,8.71,747.0,1,0,0.392,RENT,medical,1
APP103229,58,592000.0,12.0,474000.0,84,6.08,668.0,1,1,0.114,MORTGAGE,medical,0
APP103230,58,723000.0,10.1,900000.0,24,8.43,731.0,1,0,0.622,MORTGAGE,debt_consolidation,0
APP103231,30,602000.0,3.2,864000.0,24,5.0,655.0,1,0,0.718,RENT,business,1
APP103232,51,703000.0,8.4,937000.0,24,7.82,809.0,0,0,0.666,MORTGAGE,home_improvement,1
APP103233,21,577000.0,4.5,178000.0,36,6.17,680.0,0,0,0.103,OWN,business,1
APP103234,46,726000.0,0.9,343000.0,24,5.78,663.0,2,0,0.236,RENT,home_improvement,0
APP103235,46,629000.0,0.3,657000.0,36,5.43,783.0,0,0,0.348,OWN,business,0
APP103236,37,457000.0,7.7,539000.0,12,9.45,733.0,2,0,1.179,RENT,education,1
APP103237,65,610000.0,1.8,99000.0,60,6.73,767.0,3,1,0.032,RENT,debt_consolidation,0
APP103238,60,921000.0,1.8,329000.0,24,7.1,698.0,2,2,0.179,OWN,personal,0
APP103239,22,460000.0,2.6,132000.0,60,8.44,777.0,1,0,0.057,RENT,home_improvement,0
APP103240,30,551000.0,7.8,355000.0,48,10.01,669.0,1,0,0.161,RENT,business,0
APP103241,30,423000.0,10.2,481000.0,36,5.47,732.0,0,1,0.379,MORTGAGE,medical,0
APP103242,61,723000.0,10.1,1097000.0,84,7.99,785.0,0,2,0.217,RENT,personal,0
APP103243,44,630000.0,0.7,176000.0,36,5.5,597.0,1,2,0.093,RENT,home_improvement,0
APP103244,53,600000.0,2.5,530000.0,24,7.04,708.0,2,0,0.442,OWN,personal,1
APP103245,57,539000.0,2.1,372000.0,36,9.84,626.0,1,3,0.23,RENT,debt_consolidation,1
APP103246,55,630000.0,7.8,458000.0,24,5.0,696.0,3,1,0.363,OWN,home_improvement,0
APP103247,25,609000.0,2.5,151000.0,24,5.47,758.0,1,0,0.124,MORTGAGE,home_improvement,0
APP103248,27,563000.0,4.2,320000.0,60,6.99,727.0,1,0,0.114,OWN,personal,0
APP103249,38,658000.0,8.3,340000.0,60,8.34,848.0,0,0,0.103,RENT,debt_consolidation,0
APP103250,36,591000.0,4.9,704000.0,36,10.18,582.0,2,0,0.397,MORTGAGE,personal,0
APP103251,54,470000.0,6.1,508000.0,36,5.0,584.0,0,0,0.36,MORTGAGE,education,0
APP103252,28,508000.0,4.1,545000.0,36,10.61,714.0,0,0,0.358,MORTGAGE,medical,0
APP103253,37,746000.0,9.5,674000.0,12,8.65,800.0,1,0,0.903,MORTGAGE,debt_consolidation,1
APP103254,31,519000.0,10.2,335000.0,24,6.97,723.0,1,0,0.323,MORTGAGE,home_improvement,0
APP103255,29,655000.0,7.0,330000.0,36,5.0,,1,2,0.168,MORTGAGE,education,1
APP103256,28,622000.0,10.2,103000.0,36,6.24,627.0,1,0,0.055,RENT,home_improvement,0
APP103257,29,829000.0,23.4,302000.0,24,9.76,704.0,2,1,0.182,MORTGAGE,personal,0
APP103258,46,632000.0,8.2,296000.0,48,7.56,689.0,2,0,0.117,RENT,medical,0
APP103259,39,672000.0,4.6,1051000.0,36,7.1,692.0,0,1,0.521,MORTGAGE,personal,0
APP103260,40,345000.0,6.2,537000.0,36,5.36,697.0,0,1,0.519,MORTGAGE,personal,0
APP103261,42,638000.0,10.9,806000.0,60,9.12,752.0,0,1,0.253,MORTGAGE,debt_consolidation,0
APP103262,54,722000.0,3.4,747000.0,60,7.17,694.0,1,0,0.207,RENT,home_improvement,1
APP103263,59,687000.0,3.2,769000.0,48,6.98,671.0,1,0,0.28,RENT,personal,0
APP103264,44,752000.0,6.1,768000.0,24,7.29,724.0,1,0,0.511,RENT,education,0
APP103265,49,576000.0,4.6,627000.0,48,6.08,710.0,2,0,0.272,RENT,debt_consolidation,0
APP103266,54,517000.0,2.1,242000.0,48,5.71,620.0,1,1,0.117,MORTGAGE,personal,0
APP103267,52,382000.0,5.5,598000.0,48,5.0,715.0,1,1,0.391,OWN,debt_consolidation,0
APP103268,27,521000.0,12.5,650000.0,48,6.14,675.0,0,0,0.312,MORTGAGE,personal,0
APP103269,65,799000.0,6.8,391000.0,24,5.0,760.0,1,0,0.245,OWN,personal,0
APP103270,28,553000.0,1.7,495000.0,36,8.57,638.0,0,2,0.298,RENT,business,1
APP103271,39,365000.0,7.6,472000.0,60,6.03,645.0,0,1,0.259,RENT,medical,0
APP103272,50,772000.0,3.8,1136000.0,24,6.64,834.0,2,1,0.736,RENT,home_improvement,0
APP103273,39,559000.0,18.4,395000.0,48,7.42,736.0,3,0,0.177,RENT,debt_consolidation,1
APP103274,31,504000.0,7.2,429000.0,60,5.74,765.0,0,1,0.17,OWN,personal,0
APP103275,62,571000.0,2.9,342000.0,12,5.0,722.0,0,0,0.599,RENT,education,1
APP103276,24,554000.0,8.1,386000.0,84,7.99,799.0,1,0,0.1,RENT,debt_consolidation,0
APP103277,32,526000.0,5.8,253000.0,60,11.66,745.0,3,0,0.096,MORTGAGE,business,0
APP103278,65,882000.0,11.7,171000.0,48,9.5,691.0,1,1,0.048,RENT,education,0
APP103279,53,883000.0,3.2,665000.0,48,10.32,771.0,1,0,0.188,OWN,business,1
APP103280,24,540000.0,7.2,449000.0,60,5.0,745.0,3,1,0.166,OWN,personal,0
APP103281,54,501000.0,1.1,642000.0,24,7.08,671.0,0,1,0.641,RENT,debt_consolidation,1
APP103282,64,767000.0,5.3,696000.0,48,7.06,730.0,0,0,0.227,OWN,home_improvement,0
APP103283,25,712000.0,1.7,444000.0,36,10.64,829.0,1,0,0.208,RENT,education,1
APP103284,39,650000.0,5.6,534000.0,60,9.52,705.0,1,1,0.164,RENT,education,1
APP103285,42,723000.0,6.6,943000.0,36,7.14,757.0,1,1,0.435,MORTGAGE,home_improvement,0
APP103286,26,251000.0,7.0,213000.0,60,5.0,715.0,1,2,0.17,MORTGAGE,business,1
APP103287,30,526000.0,3.2,502000.0,24,5.0,740.0,2,1,0.477,RENT,business,0
APP103288,28,443000.0,5.4,178000.0,24,8.89,786.0,0,0,0.201,RENT,personal,0
APP103289,29,450000.0,10.7,72000.0,60,6.79,591.0,0,0,0.032,MORTGAGE,business,0
APP103290,39,662000.0,15.1,992000.0,36,7.26,684.0,1,1,0.499,MORTGAGE,debt_consolidation,1
APP103291,41,578000.0,5.5,311000.0,36,8.85,677.0,1,1,0.179,RENT,education,0
APP103292,31,473000.0,10.9,309000.0,48,9.99,749.0,1,0,0.163,OWN,home_improvement,0
APP103293,34,510000.0,2.3,161000.0,24,5.79,649.0,3,0,0.158,RENT,personal,0
APP103294,29,441000.0,3.6,394000.0,36,8.8,721.0,0,0,0.298,RENT,home_improvement,1
APP103295,56,763000.0,6.0,930000.0,36,11.05,654.0,1,0,0.406,OWN,home_improvement,0
APP103296,30,519000.0,4.6,594000.0,60,10.64,609.0,1,0,0.229,RENT,personal,1
APP103297,61,723000.0,4.2,1005000.0,24,6.33,849.0,3,0,0.695,RENT,debt_consolidation,1
APP103298,45,788000.0,10.1,446000.0,36,8.15,643.0,2,2,0.189,MORTGAGE,debt_consolidation,0
APP103299,57,699000.0,2.0,424000.0,84,9.15,748.0,2,1,0.087,RENT,home_improvement,1
APP103300,49,568000.0,2.1,880000.0,60,7.54,728.0,2,1,0.31,RENT,home_improvement,0
APP103301,32,146000.0,1.4,119000.0,48,6.95,663.0,1,1,0.204,MORTGAGE,medical,0
APP103302,48,688000.0,6.1,936000.0,36,5.0,798.0,2,0,0.453,OWN,personal,0
APP103303,33,357000.0,3.8,370000.0,60,5.6,679.0,0,0,0.207,RENT,business,0
APP103304,26,507000.0,9.5,209000.0,84,5.97,726.0,1,0,0.059,RENT,debt_consolidation,0
APP103305,32,567000.0,5.8,872000.0,60,5.0,765.0,0,0,0.308,RENT,business,0
APP103306,33,685000.0,3.1,425000.0,48,7.74,682.0,2,1,0.155,MORTGAGE,debt_consolidation,0
APP103307,27,721000.0,2.7,779000.0,48,9.41,699.0,2,0,0.27,MORTGAGE,debt_consolidation,1
APP103308,22,297000.0,4.4,154000.0,60,6.58,621.0,0,0,0.104,OWN,personal,0
APP103309,63,451000.0,1.7,444000.0,60,5.0,757.0,1,0,0.197,RENT,home_improvement,0
APP103310,44,686000.0,10.3,641000.0,48,7.24,791.0,0,0,0.234,MORTGAGE,home_improvement,1
APP103311,39,565000.0,3.7,299000.0,24,8.1,701.0,0,0,0.265,MORTGAGE,debt_consolidation,0
APP103312,62,456000.0,1.2,722000.0,48,7.95,765.0,1,0,0.396,OWN,education,0
APP103313,31,574000.0,11.7,203000.0,36,5.91,711.0,2,1,0.118,RENT,personal,1
APP103314,39,626000.0,4.4,496000.0,24,5.0,698.0,4,2,0.396,OWN,personal,1
APP103315,59,511000.0,7.6,100000.0,24,9.45,750.0,0,1,0.098,RENT,business,0
APP103316,49,432000.0,3.1,492000.0,24,8.27,701.0,1,0,0.569,MORTGAGE,debt_consolidation,1
APP103317,38,525000.0,12.0,431000.0,36,6.0,813.0,2,1,0.274,MORTGAGE,business,0
APP103318,32,439000.0,2.4,422000.0,24,5.0,648.0,0,1,0.481,RENT,debt_consolidation,0
APP103319,22,532000.0,3.8,619000.0,48,7.99,552.0,1,0,0.291,RENT,debt_consolidation,1
APP103320,24,355000.0,0.8,447000.0,84,5.53,540.0,1,1,0.18,MORTGAGE,debt_consolidation,0
APP103321,28,568000.0,11.8,881000.0,12,8.34,703.0,1,2,1.551,MORTGAGE,personal,1
APP103322,56,957000.0,2.8,1342000.0,24,7.85,545.0,0,2,0.701,OWN,personal,1
APP103323,49,476000.0,,295000.0,24,12.07,661.0,1,1,0.31,RENT,debt_consolidation,0
APP103324,40,475000.0,6.9,572000.0,60,7.33,759.0,4,0,0.241,MORTGAGE,education,0
APP103325,56,814000.0,10.5,212000.0,24,11.9,585.0,2,0,0.13,RENT,personal,0
APP103326,28,637000.0,5.9,221000.0,24,7.68,673.0,2,1,0.173,MORTGAGE,education,1
APP103327,30,547000.0,4.6,447000.0,24,6.03,670.0,3,1,0.409,RENT,personal,1
APP103328,38,867000.0,9.8,708000.0,24,5.18,627.0,0,1,0.408,OWN,debt_consolidation,0
APP103329,62,751000.0,6.8,663000.0,48,5.57,,3,1,0.221,MORTGAGE,debt_consolidation,0
APP103330,48,291000.0,4.1,244000.0,48,8.44,690.0,0,1,0.21,OWN,home_improvement,0
APP103331,59,765000.0,12.2,826000.0,36,7.78,778.0,0,0,0.36,MORTGAGE,personal,0
APP103332,32,443000.0,7.2,679000.0,36,5.0,732.0,0,0,0.511,MORTGAGE,home_improvement,1
APP103333,59,831000.0,1.6,333000.0,48,9.74,659.0,1,1,0.1,OWN,personal,1
APP103334,24,703000.0,13.7,470000.0,84,10.75,702.0,1,2,0.096,MORTGAGE,education,1
APP103335,31,235000.0,3.1,61000.0,48,5.0,722.0,2,2,0.065,MORTGAGE,personal,0
APP103336,44,843000.0,10.5,371000.0,60,9.73,817.0,0,0,0.088,MORTGAGE,debt_consolidation,1
APP103337,23,543000.0,1.2,859000.0,84,11.2,718.0,1,1,0.226,MORTGAGE,education,0
APP103338,59,673000.0,9.8,140000.0,36,5.0,749.0,4,0,0.069,RENT,debt_consolidation,0
APP103339,60,619000.0,1.7,285000.0,12,6.47,687.0,0,0,0.46,RENT,personal,0
APP103340,45,798000.0,5.8,613000.0,48,5.63,661.0,0,2,0.192,RENT,medical,0
APP103341,34,243000.0,7.1,140000.0,24,9.64,,2,1,0.288,MORTGAGE,debt_consolidation,1
APP103342,25,517000.0,4.2,486000.0,36,6.59,668.0,2,2,0.313,MORTGAGE,personal,1
APP103343,48,763000.0,5.1,1210000.0,48,6.5,736.0,0,1,0.396,MORTGAGE,business,0
APP103344,45,531000.0,2.0,622000.0,36,8.43,794.0,1,0,0.39,MORTGAGE,personal,0
APP103345,55,786000.0,9.1,580000.0,36,10.93,723.0,1,0,0.246,RENT,personal,1
APP103346,48,625000.0,6.0,713000.0,36,7.36,651.0,0,0,0.38,RENT,debt_consolidation,1
APP103347,26,317000.0,2.4,448000.0,24,6.46,676.0,0,0,0.707,OWN,personal,1
APP103348,26,359000.0,6.2,173000.0,12,6.87,707.0,1,1,0.482,OWN,business,1
APP103349,56,768000.0,6.3,914000.0,36,8.95,675.0,1,1,0.397,RENT,business,0
APP103350,28,386000.0,5.3,402000.0,12,5.0,663.0,0,0,1.041,RENT,personal,1
APP103351,63,403000.0,0.3,489000.0,84,7.46,700.0,2,0,0.173,RENT,debt_consolidation,0
APP103352,25,463000.0,3.7,126000.0,36,5.44,632.0,3,1,0.091,RENT,personal,1
APP103353,53,599000.0,9.0,726000.0,60,5.0,770.0,0,0,0.242,MORTGAGE,education,0
APP103354,64,543000.0,7.4,702000.0,84,5.0,818.0,0,0,0.185,RENT,personal,0
APP103355,40,587000.0,7.2,673000.0,36,6.37,790.0,1,0,0.382,OWN,personal,0
APP103356,23,575000.0,6.0,251000.0,36,9.87,635.0,2,1,0.146,OWN,medical,0
APP103357,60,729000.0,9.7,280000.0,60,5.0,659.0,2,1,0.077,RENT,debt_consolidation,0
APP103358,29,301000.0,3.1,367000.0,12,8.69,633.0,1,0,1.219,RENT,debt_consolidation,0
APP103359,44,616000.0,2.5,671000.0,36,6.07,778.0,1,0,0.363,RENT,personal,0
APP103360,65,987000.0,16.0,1556000.0,24,5.16,742.0,2,0,0.788,RENT,debt_consolidation,0
APP103361,54,940000.0,2.8,761000.0,48,8.26,768.0,2,1,0.202,OWN,home_improvement,0
APP103362,23,622000.0,1.5,300000.0,60,10.38,756.0,0,0,0.096,RENT,medical,1
APP103363,57,490000.0,4.1,620000.0,48,10.8,649.0,3,1,0.316,MORTGAGE,business,1
APP103364,28,612000.0,5.4,756000.0,36,8.12,605.0,0,1,0.412,RENT,medical,1
APP103365,54,729000.0,9.7,662000.0,36,7.35,710.0,2,1,0.303,RENT,personal,1
APP103366,48,410000.0,3.7,505000.0,36,8.36,788.0,3,1,0.411,OWN,debt_consolidation,0
APP103367,33,535000.0,3.7,321000.0,48,12.95,774.0,0,0,0.15,MORTGAGE,personal,1
APP103368,40,838000.0,5.0,388000.0,60,6.86,723.0,0,0,0.093,OWN,medical,0
APP103369,26,624000.0,3.2,208000.0,24,10.0,727.0,2,1,0.167,RENT,debt_consolidation,0
APP103370,65,502000.0,1.2,287000.0,24,6.2,745.0,2,0,0.286,MORTGAGE,medical,0
APP103371,31,457000.0,1.6,502000.0,24,5.67,747.0,2,1,0.549,MORTGAGE,personal,0
APP103372,34,667000.0,11.6,350000.0,48,11.39,678.0,2,0,0.131,RENT,medical,1
APP103373,43,348000.0,8.3,498000.0,60,7.51,743.0,2,0,0.286,OWN,debt_consolidation,0
APP103374,51,360000.0,4.9,184000.0,36,7.99,648.0,0,0,0.17,MORTGAGE,business,0
APP103375,43,620000.0,7.4,708000.0,36,8.7,623.0,1,0,0.381,OWN,personal,1
APP103376,43,635000.0,8.5,581000.0,84,5.54,767.0,1,0,0.131,RENT,home_improvement,0
APP103377,47,291000.0,2.9,133000.0,24,6.54,776.0,2,0,0.229,RENT,personal,1
APP103378,59,686000.0,2.0,656000.0,60,6.09,724.0,0,0,0.191,MORTGAGE,personal,0
APP103379,38,771000.0,10.8,1183000.0,84,8.23,719.0,2,0,0.219,OWN,business,0
APP103380,58,571000.0,0.5,867000.0,60,8.31,731.0,1,0,0.304,RENT,personal,1
APP103381,56,684000.0,7.4,392000.0,36,6.18,770.0,0,1,0.191,RENT,personal,0
APP103382,64,788000.0,5.7,731000.0,48,11.96,763.0,2,0,0.232,RENT,business,0
APP103383,62,808000.0,10.0,298000.0,36,7.44,749.0,1,0,0.123,OWN,debt_consolidation,1
APP103384,56,427000.0,7.6,354000.0,24,7.73,680.0,1,3,0.415,MORTGAGE,personal,1
APP103385,32,394000.0,7.3,243000.0,24,10.46,744.0,4,0,0.308,RENT,debt_consolidation,1
APP103386,55,547000.0,2.2,819000.0,12,5.58,656.0,1,0,1.497,RENT,business,1
APP103387,54,549000.0,8.7,586000.0,84,6.35,730.0,1,1,0.152,RENT,debt_consolidation,1
APP103388,34,756000.0,6.8,316000.0,48,8.13,607.0,0,2,0.104,RENT,business,1
APP103389,51,681000.0,2.5,1082000.0,36,5.0,784.0,0,0,0.53,RENT,education,0
APP103390,32,345000.0,5.8,399000.0,36,6.98,722.0,0,2,0.386,RENT,personal,0
APP103391,44,503000.0,1.8,174000.0,48,12.01,727.0,0,0,0.086,RENT,business,0
APP103392,56,808000.0,4.4,1058000.0,24,11.52,682.0,1,1,0.655,OWN,debt_consolidation,1
APP103393,29,572000.0,20.4,548000.0,36,9.47,788.0,4,0,0.319,OWN,education,0
APP103394,36,619000.0,2.1,452000.0,36,10.1,730.0,1,0,0.243,MORTGAGE,medical,0
APP103395,56,808000.0,1.2,351000.0,60,8.59,691.0,2,1,0.087,RENT,medical,0
APP103396,41,698000.0,1.6,386000.0,24,6.55,724.0,2,0,0.277,OWN,personal,0
APP103397,64,713000.0,4.3,280000.0,60,11.12,742.0,1,0,0.079,MORTGAGE,personal,0
APP103398,21,660000.0,8.0,868000.0,48,5.41,791.0,1,0,0.329,MORTGAGE,debt_consolidation,0
APP103399,53,551000.0,5.1,301000.0,36,9.63,642.0,0,0,0.182,RENT,home_improvement,0
APP103400,57,982000.0,1.4,816000.0,24,6.38,698.0,2,0,0.415,OWN,debt_consolidation,1
APP103401,62,754000.0,8.0,1171000.0,36,6.51,616.0,1,0,0.518,RENT,debt_consolidation,1
APP103402,28,598000.0,0.7,952000.0,36,8.69,725.0,2,0,0.531,RENT,debt_consolidation,1
APP103403,65,605000.0,1.6,785000.0,24,11.97,679.0,1,0,0.649,MORTGAGE,personal,0
APP103404,38,590000.0,3.1,772000.0,60,10.64,697.0,1,1,0.262,MORTGAGE,business,1
APP103405,36,674000.0,10.5,1024000.0,36,8.25,662.0,1,1,0.506,RENT,medical,0
APP103406,36,390000.0,5.3,509000.0,12,7.64,658.0,0,1,1.305,MORTGAGE,business,1
APP103407,49,466000.0,5.5,375000.0,36,9.22,651.0,0,2,0.268,OWN,debt_consolidation,0
APP103408,50,536000.0,1.4,127000.0,24,10.5,718.0,1,0,0.118,RENT,debt_consolidation,0
APP103409,42,707000.0,3.3,320000.0,60,5.0,699.0,1,2,0.091,RENT,personal,1
APP103410,24,233000.0,9.5,185000.0,24,7.22,698.0,0,0,0.397,MORTGAGE,home_improvement,0
APP103411,65,664000.0,6.5,355000.0,36,5.18,676.0,1,2,0.178,MORTGAGE,home_improvement,0
APP103412,30,725000.0,8.2,455000.0,48,7.02,750.0,1,0,0.157,RENT,home_improvement,0
APP103413,25,274000.0,4.9,65000.0,24,5.0,638.0,1,2,0.119,OWN,personal,0
APP103414,47,834000.0,9.5,793000.0,36,5.0,760.0,0,0,0.317,RENT,personal,0
APP103415,39,332000.0,1.4,219000.0,48,5.0,633.0,2,0,0.165,RENT,education,1
APP103416,48,451000.0,4.2,237000.0,60,6.28,623.0,0,2,0.105,RENT,medical,1
APP103417,60,674000.0,7.2,698000.0,48,8.79,793.0,0,0,0.259,MORTGAGE,debt_consolidation,1
APP103418,25,693000.0,1.0,382000.0,12,5.71,590.0,1,0,0.551,OWN,debt_consolidation,1
APP103419,33,354000.0,0.2,298000.0,36,5.6,674.0,0,1,0.281,MORTGAGE,debt_consolidation,1
APP103420,44,447000.0,16.1,227000.0,36,8.37,728.0,0,1,0.169,RENT,personal,0
APP103421,56,441000.0,5.4,501000.0,36,8.13,716.0,0,1,0.379,MORTGAGE,medical,0
APP103422,48,689000.0,0.9,957000.0,84,11.24,681.0,0,2,0.198,RENT,debt_consolidation,1
APP103423,38,338000.0,5.3,91000.0,12,9.56,718.0,0,0,0.269,MORTGAGE,medical,0
APP103424,48,735000.0,1.6,984000.0,36,5.24,702.0,0,0,0.446,RENT,personal,1
APP103425,65,677000.0,2.2,938000.0,36,6.02,641.0,1,1,0.462,RENT,medical,1
APP103426,42,627000.0,10.8,971000.0,12,9.14,781.0,2,1,1.549,MORTGAGE,home_improvement,1
APP103427,60,692000.0,3.1,934000.0,36,5.55,768.0,0,0,0.45,MORTGAGE,home_improvement,0
APP103428,56,503000.0,3.1,478000.0,24,6.79,733.0,1,0,0.475,OWN,home_improvement,0
APP103429,34,493000.0,1.5,124000.0,60,5.0,710.0,1,0,0.05,MORTGAGE,personal,1
APP103430,32,307000.0,3.7,79000.0,24,5.0,677.0,2,0,0.129,RENT,business,0
APP103431,55,850000.0,5.6,370000.0,36,10.27,663.0,1,2,0.145,MORTGAGE,personal,0
APP103432,30,313000.0,3.1,250000.0,48,7.87,673.0,0,0,0.2,RENT,personal,1
APP103433,36,759000.0,18.9,1165000.0,36,6.12,833.0,0,0,0.512,MORTGAGE,debt_consolidation,0
APP103434,31,304000.0,1.9,123000.0,36,6.43,638.0,1,1,0.135,RENT,personal,0
APP103435,48,481000.0,1.9,448000.0,36,11.27,619.0,4,0,0.31,MORTGAGE,home_improvement,1
APP103436,34,441000.0,3.6,704000.0,60,6.06,845.0,2,1,0.319,OWN,home_improvement,0
APP103437,50,1206000.0,17.4,205000.0,36,8.54,729.0,2,0,0.057,RENT,personal,0
APP103438,63,725000.0,8.3,158000.0,36,9.42,671.0,2,0,0.073,RENT,personal,1
APP103439,58,512000.0,3.1,277000.0,48,10.68,,1,0,0.135,OWN,education,0
APP103440,63,599000.0,3.1,285000.0,36,5.63,607.0,2,1,0.159,RENT,business,0
APP103441,22,179000.0,1.9,156000.0,48,5.0,677.0,1,0,0.218,MORTGAGE,education,0
APP103442,41,514000.0,3.5,390000.0,12,5.07,753.0,2,0,0.759,MORTGAGE,education,0
APP103443,30,757000.0,4.1,754000.0,36,9.11,809.0,1,1,0.332,RENT,personal,0
APP103444,62,768000.0,8.0,279000.0,60,11.88,783.0,1,0,0.073,OWN,business,0
APP103445,53,785000.0,6.8,898000.0,48,9.18,765.0,1,0,0.286,MORTGAGE,medical,1
APP103446,35,364000.0,3.4,168000.0,36,6.05,739.0,1,2,0.154,OWN,debt_consolidation,1
APP103447,46,654000.0,13.2,527000.0,60,10.11,731.0,0,0,0.161,MORTGAGE,personal,0
APP103448,48,601000.0,2.7,119000.0,36,6.47,580.0,1,2,0.066,RENT,business,0
APP103449,43,414000.0,1.2,541000.0,36,5.67,684.0,0,0,0.436,MORTGAGE,business,0
APP103450,42,632000.0,5.8,669000.0,24,6.77,798.0,1,0,0.529,RENT,business,1
APP103451,23,603000.0,10.2,273000.0,24,6.22,666.0,1,0,0.226,RENT,personal,0
APP103452,41,634000.0,4.7,648000.0,12,5.96,713.0,1,0,1.022,OWN,personal,1
APP103453,36,461000.0,1.5,361000.0,48,10.19,689.0,1,1,0.196,MORTGAGE,personal,0
APP103454,57,822000.0,5.5,1108000.0,36,6.37,754.0,0,0,0.449,OWN,personal,0
APP103455,59,637000.0,6.0,1004000.0,60,5.0,756.0,1,0,0.315,MORTGAGE,medical,0
APP103456,54,600000.0,6.5,198000.0,24,8.79,742.0,3,0,0.165,MORTGAGE,home_improvement,0
APP103457,22,665000.0,,572000.0,24,5.4,830.0,4,1,0.43,MORTGAGE,education,0
APP103458,58,566000.0,11.2,297000.0,48,5.47,776.0,1,0,0.131,MORTGAGE,education,0
APP103459,38,244000.0,1.8,302000.0,12,9.04,766.0,1,1,1.238,RENT,medical,1
APP103460,39,355000.0,0.1,71000.0,36,5.9,715.0,1,0,0.067,MORTGAGE,business,0
APP103461,63,694000.0,0.7,652000.0,24,6.5,804.0,0,1,0.47,MORTGAGE,home_improvement,0
APP103462,60,819000.0,1.4,1141000.0,24,7.59,634.0,2,1,0.697,MORTGAGE,education,1
APP103463,23,397000.0,9.0,284000.0,36,6.87,720.0,2,2,0.238,OWN,personal,0
APP103464,37,789000.0,3.7,1077000.0,36,6.56,694.0,0,1,0.455,RENT,business,1
APP103465,54,746000.0,14.0,271000.0,24,5.0,785.0,2,0,0.182,MORTGAGE,business,0
APP103466,45,523000.0,1.7,775000.0,24,7.12,754.0,0,0,0.741,RENT,personal,0
APP103467,32,480000.0,13.8,623000.0,36,11.05,792.0,3,0,0.433,RENT,personal,0
APP103468,44,833000.0,2.2,597000.0,24,8.89,735.0,2,0,0.358,RENT,debt_consolidation,0
APP103469,59,631000.0,4.1,214000.0,84,6.67,708.0,2,0,0.048,RENT,debt_consolidation,0
APP103470,31,247000.0,0.9,223000.0,48,8.53,713.0,1,2,0.226,RENT,home_improvement,0
APP103471,54,1093000.0,12.5,1226000.0,24,8.88,673.0,3,0,0.561,OWN,home_improvement,0
APP103472,54,688000.0,4.6,232000.0,36,5.65,595.0,1,1,0.112,RENT,debt_consolidation,0
APP103473,60,964000.0,19.5,1449000.0,24,10.27,639.0,0,0,0.752,MORTGAGE,personal,1
APP103474,34,832000.0,10.5,1045000.0,24,7.86,786.0,3,1,0.628,RENT,personal,0
APP103475,30,571000.0,4.1,874000.0,60,6.81,715.0,0,1,0.306,RENT,business,0
APP103476,45,697000.0,2.6,407000.0,24,11.0,734.0,2,0,0.292,RENT,debt_consolidation,1
APP103477,44,634000.0,9.3,494000.0,60,5.0,655.0,1,2,0.156,RENT,business,0
APP103478,39,654000.0,5.0,326000.0,60,5.0,748.0,0,0,0.1,RENT,debt_consolidation,0
APP103479,56,610000.0,2.4,334000.0,48,8.91,686.0,0,0,0.137,MORTGAGE,debt_consolidation,1
APP103480,56,647000.0,5.3,233000.0,36,8.98,730.0,0,0,0.12,MORTGAGE,debt_consolidation,0
APP103481,32,467000.0,0.6,155000.0,24,11.12,605.0,2,0,0.166,RENT,business,0
APP103482,56,606000.0,6.6,680000.0,60,5.0,621.0,1,0,0.224,RENT,home_improvement,0
APP103483,31,602000.0,7.5,227000.0,60,9.39,627.0,1,1,0.075,OWN,home_improvement,0
APP103484,39,578000.0,1.6,199000.0,36,5.0,649.0,0,1,0.115,OWN,medical,0
APP103485,22,642000.0,11.4,594000.0,12,8.42,791.0,0,1,0.925,MORTGAGE,personal,1
APP103486,36,678000.0,9.7,794000.0,24,7.36,823.0,0,2,0.586,MORTGAGE,personal,0
APP103487,64,1007000.0,6.1,1287000.0,12,9.37,768.0,0,1,1.278,RENT,personal,1
APP103488,40,673000.0,2.1,667000.0,24,6.98,513.0,1,1,0.496,MORTGAGE,business,0
APP103489,52,626000.0,7.9,277000.0,36,9.72,833.0,0,0,0.147,OWN,education,0
APP103490,25,511000.0,3.6,501000.0,60,5.68,697.0,1,0,0.196,MORTGAGE,personal,0
APP103491,49,824000.0,5.7,871000.0,48,7.32,637.0,1,0,0.264,OWN,home_improvement,0
APP103492,37,430000.0,8.4,225000.0,48,7.92,815.0,3,0,0.131,OWN,business,0
APP103493,54,891000.0,1.2,320000.0,48,11.19,672.0,0,1,0.09,OWN,medical,1
APP103494,62,515000.0,0.8,768000.0,48,9.33,651.0,2,0,0.373,RENT,debt_consolidation,0
APP103495,44,689000.0,3.3,199000.0,36,7.95,688.0,1,0,0.096,OWN,medical,0
APP103496,25,609000.0,17.3,336000.0,60,8.91,737.0,0,0,0.11,RENT,business,0
APP103497,42,734000.0,20.0,356000.0,36,9.89,776.0,2,0,0.162,RENT,debt_consolidation,1
APP103498,26,289000.0,6.5,417000.0,60,8.32,745.0,0,0,0.289,RENT,debt_consolidation,1
APP103499,41,751000.0,9.9,659000.0,24,5.24,677.0,0,1,0.439,RENT,business,1
APP103500,23,252000.0,4.8,387000.0,48,8.88,623.0,0,0,0.384,MORTGAGE,business,1
APP103501,49,391000.0,,528000.0,36,7.44,632.0,0,2,0.45,OWN,personal,0
APP103502,34,677000.0,4.1,843000.0,36,6.72,686.0,0,2,0.415,RENT,personal,1
APP103503,30,828000.0,,336000.0,36,5.77,702.0,0,0,0.135,OWN,debt_consolidation,0
APP103504,21,445000.0,14.1,289000.0,12,8.77,711.0,5,0,0.649,OWN,education,1
APP103505,60,823000.0,5.2,1102000.0,48,8.63,694.0,1,1,0.335,RENT,debt_consolidation,0
APP103506,58,781000.0,5.3,1231000.0,36,5.4,794.0,0,0,0.525,RENT,business,0
APP103507,57,630000.0,4.3,896000.0,36,5.07,726.0,2,0,0.474,RENT,personal,0
APP103508,23,760000.0,14.3,1159000.0,60,11.66,779.0,2,0,0.305,OWN,personal,0
APP103509,36,551000.0,9.1,595000.0,36,9.39,698.0,0,1,0.36,RENT,medical,1
APP103510,64,736000.0,2.0,626000.0,60,7.69,805.0,1,0,0.17,MORTGAGE,debt_consolidation,0
APP103511,47,547000.0,16.9,490000.0,24,8.83,701.0,0,1,0.448,RENT,home_improvement,0
APP103512,26,228000.0,0.3,186000.0,36,6.47,656.0,2,0,0.272,RENT,medical,1
APP103513,27,748000.0,13.4,280000.0,24,7.12,793.0,0,1,0.187,RENT,personal,0
APP103514,32,647000.0,10.2,384000.0,60,7.55,669.0,1,1,0.119,RENT,medical,0
APP103515,64,675000.0,5.2,190000.0,60,9.62,644.0,3,0,0.056,RENT,personal,0
APP103516,28,765000.0,5.1,213000.0,60,5.0,595.0,2,2,0.056,MORTGAGE,medical,0
APP103517,61,955000.0,4.5,575000.0,36,5.26,693.0,1,0,0.201,OWN,personal,0
APP103518,51,647000.0,2.1,722000.0,24,5.0,664.0,2,1,0.558,RENT,personal,0
APP103519,62,596000.0,16.0,620000.0,36,9.38,710.0,1,2,0.347,MORTGAGE,debt_consolidation,0
APP103520,58,641000.0,5.0,616000.0,36,7.28,763.0,1,0,0.32,OWN,home_improvement,0
APP103521,35,360000.0,2.1,445000.0,12,5.48,717.0,1,0,1.236,MORTGAGE,debt_consolidation,1
APP103522,58,796000.0,15.4,607000.0,48,7.01,794.0,1,0,0.191,RENT,personal,0
APP103523,28,362000.0,7.0,286000.0,60,6.11,751.0,0,1,0.158,RENT,business,0
APP103524,34,362000.0,7.3,326000.0,36,5.0,675.0,1,0,0.3,OWN,medical,0
APP103525,30,304000.0,17.8,75000.0,48,10.27,684.0,2,0,0.062,OWN,education,0
APP103526,26,528000.0,8.1,525000.0,36,7.17,703.0,1,0,0.331,MORTGAGE,business,0
APP103527,25,120000.0,2.9,149000.0,12,10.32,599.0,1,0,1.242,OWN,debt_consolidation,1
APP103528,29,473000.0,8.1,252000.0,36,5.0,714.0,3,0,0.178,MORTGAGE,education,0
APP103529,26,538000.0,2.3,748000.0,36,8.61,694.0,2,0,0.463,MORTGAGE,education,0
APP103530,38,410000.0,3.4,220000.0,48,5.0,780.0,1,1,0.134,RENT,personal,0
APP103531,24,307000.0,6.3,275000.0,36,12.88,775.0,2,0,0.299,OWN,personal,0
APP103532,23,495000.0,9.8,702000.0,24,5.0,649.0,2,2,0.709,MORTGAGE,medical,1
APP103533,65,553000.0,3.1,675000.0,12,11.45,780.0,0,0,1.221,RENT,business,1
APP103534,24,475000.0,4.4,468000.0,48,7.46,702.0,2,0,0.246,RENT,debt_consolidation,0
APP103535,24,292000.0,4.4,307000.0,36,7.1,746.0,1,0,0.35,MORTGAGE,education,0
APP103536,22,500000.0,11.1,154000.0,48,8.8,618.0,2,0,0.077,OWN,home_improvement,1
APP103537,26,415000.0,5.1,483000.0,24,5.44,654.0,2,1,0.582,RENT,personal,1
APP103538,44,714000.0,16.8,741000.0,48,9.23,763.0,0,0,0.259,OWN,personal,0
APP103539,58,884000.0,3.4,241000.0,36,9.39,685.0,3,0,0.091,RENT,debt_consolidation,1
APP103540,54,642000.0,3.2,212000.0,12,7.53,798.0,0,0,0.33,OWN,personal,0
APP103541,47,766000.0,13.2,1193000.0,36,8.05,757.0,1,0,0.519,OWN,home_improvement,0
APP103542,24,391000.0,7.6,160000.0,48,11.75,714.0,3,1,0.102,MORTGAGE,debt_consolidation,0
APP103543,55,768000.0,12.9,1113000.0,60,8.93,749.0,1,0,0.29,RENT,debt_consolidation,1
APP103544,22,360000.0,1.6,198000.0,84,5.78,641.0,3,2,0.079,RENT,personal,1
APP103545,49,608000.0,5.0,440000.0,36,9.15,763.0,2,0,0.241,MORTGAGE,debt_consolidation,0
APP103546,39,657000.0,6.3,628000.0,48,6.32,822.0,1,0,0.239,OWN,personal,0
APP103547,60,607000.0,6.0,642000.0,36,5.89,599.0,2,0,0.353,OWN,personal,0
APP103548,34,447000.0,4.4,390000.0,36,8.63,655.0,2,0,0.291,RENT,business,0
APP103549,49,542000.0,5.9,355000.0,24,5.28,707.0,0,1,0.327,RENT,personal,0
APP103550,40,487000.0,6.1,425000.0,48,7.6,797.0,1,0,0.218,OWN,home_improvement,0
APP103551,44,577000.0,3.1,673000.0,84,8.98,,2,0,0.167,MORTGAGE,home_improvement,0
APP103552,63,702000.0,10.7,509000.0,24,11.7,669.0,0,1,0.363,RENT,debt_consolidation,0
APP103553,53,979000.0,15.5,921000.0,36,8.9,721.0,1,0,0.314,OWN,personal,0
APP103554,39,989000.0,8.6,692000.0,12,5.0,770.0,1,0,0.7,RENT,personal,0
APP103555,41,494000.0,6.9,310000.0,36,5.0,608.0,1,3,0.209,MORTGAGE,business,1
APP103556,52,664000.0,4.8,387000.0,36,11.3,727.0,2,0,0.194,MORTGAGE,home_improvement,0
APP103557,36,697000.0,6.3,331000.0,36,6.1,695.0,0,0,0.158,RENT,home_improvement,1
APP103558,28,460000.0,6.8,576000.0,36,5.0,751.0,1,0,0.417,RENT,personal,0
APP103559,42,378000.0,2.1,596000.0,60,5.29,750.0,1,0,0.315,OWN,home_improvement,0
APP103560,24,780000.0,10.4,150000.0,24,9.25,593.0,0,0,0.096,OWN,business,1
APP103561,28,564000.0,3.6,245000.0,48,7.75,752.0,2,2,0.109,RENT,personal,0
APP103562,39,696000.0,13.7,1078000.0,60,8.92,834.0,2,0,0.31,RENT,personal,0
APP103563,56,872000.0,5.7,563000.0,48,7.43,555.0,1,2,0.161,RENT,debt_consolidation,0
APP103564,56,828000.0,10.5,591000.0,36,5.07,700.0,0,1,0.238,MORTGAGE,home_improvement,0
APP103565,32,537000.0,8.5,597000.0,60,5.0,619.0,0,1,0.222,RENT,personal,0
APP103566,39,357000.0,1.6,236000.0,36,5.66,560.0,2,1,0.22,OWN,personal,1
APP103567,27,492000.0,12.8,425000.0,12,7.77,763.0,3,0,0.864,OWN,home_improvement,1
APP103568,54,787000.0,2.7,1146000.0,24,5.0,816.0,1,0,0.728,RENT,education,1
APP103569,32,585000.0,3.4,567000.0,60,9.66,708.0,2,0,0.194,MORTGAGE,personal,0
APP103570,56,602000.0,3.7,672000.0,24,5.3,813.0,0,0,0.558,RENT,business,0
APP103571,58,875000.0,1.0,407000.0,36,5.0,658.0,0,1,0.155,MORTGAGE,business,1
APP103572,52,609000.0,5.9,322000.0,48,7.5,652.0,0,0,0.132,OWN,personal,0
APP103573,35,740000.0,11.0,1068000.0,36,9.17,721.0,0,0,0.481,OWN,debt_consolidation,0
APP103574,63,822000.0,13.4,1217000.0,48,10.78,667.0,1,1,0.37,OWN,home_improvement,1
APP103575,51,899000.0,4.4,1187000.0,36,5.0,752.0,0,0,0.44,RENT,personal,1
APP103576,50,724000.0,5.1,237000.0,48,10.63,781.0,1,0,0.082,OWN,debt_consolidation,1
APP103577,59,718000.0,8.9,960000.0,12,7.91,665.0,1,0,1.337,RENT,education,1
APP103578,60,637000.0,4.5,113000.0,24,6.13,600.0,3,1,0.089,MORTGAGE,personal,0
APP103579,24,531000.0,11.6,539000.0,24,9.0,718.0,2,2,0.508,MORTGAGE,personal,1
APP103580,60,560000.0,4.9,632000.0,36,10.48,674.0,1,1,0.376,RENT,home_improvement,0
APP103581,55,404000.0,2.4,310000.0,24,5.0,740.0,0,1,0.384,MORTGAGE,business,1
APP103582,30,550000.0,6.1,465000.0,36,6.55,678.0,1,0,0.282,OWN,medical,0
APP103583,34,390000.0,1.3,478000.0,24,6.3,677.0,1,0,0.613,RENT,medical,1
APP103584,54,566000.0,6.0,819000.0,36,8.88,760.0,0,1,0.482,RENT,business,0
APP103585,30,499000.0,6.9,212000.0,12,10.71,695.0,0,3,0.425,OWN,personal,1
APP103586,41,536000.0,2.7,188000.0,36,7.66,774.0,0,1,0.117,RENT,medical,1
APP103587,52,644000.0,6.7,685000.0,60,6.86,713.0,1,0,0.213,OWN,debt_consolidation,0
APP103588,50,860000.0,4.1,417000.0,36,8.48,763.0,4,0,0.162,RENT,debt_consolidation,0
APP103589,61,747000.0,2.6,322000.0,48,6.98,704.0,2,1,0.108,MORTGAGE,business,0
APP103590,26,735000.0,1.1,327000.0,36,5.0,707.0,1,1,0.148,MORTGAGE,debt_consolidation,0
APP103591,34,405000.0,1.4,176000.0,24,8.64,602.0,2,2,0.217,OWN,debt_consolidation,0
APP103592,65,933000.0,14.6,785000.0,36,9.67,759.0,3,0,0.28,OWN,home_improvement,0
APP103593,46,516000.0,4.0,799000.0,36,9.86,714.0,0,0,0.516,RENT,personal,0
APP103594,32,439000.0,6.8,593000.0,48,5.0,818.0,2,0,0.338,MORTGAGE,personal,0
APP103595,34,829000.0,4.4,777000.0,24,8.84,692.0,1,1,0.469,MORTGAGE,home_improvement,1
APP103596,36,530000.0,14.9,142000.0,84,10.87,703.0,1,1,0.038,OWN,business,1
APP103597,45,216000.0,2.6,243000.0,48,13.07,749.0,2,1,0.281,RENT,business,0
APP103598,33,407000.0,,327000.0,36,8.55,679.0,0,2,0.268,OWN,business,0
APP103599,48,278000.0,3.4,355000.0,84,9.66,560.0,4,3,0.182,OWN,personal,1
APP103600,41,478000.0,10.4,414000.0,24,5.32,648.0,1,0,0.433,MORTGAGE,personal,0
APP103601,48,490000.0,6.7,548000.0,60,5.03,684.0,0,0,0.224,MORTGAGE,personal,0
APP103602,27,481000.0,5.3,212000.0,24,9.67,621.0,1,0,0.22,MORTGAGE,business,1
APP103603,49,256000.0,1.6,348000.0,36,5.0,709.0,1,0,0.453,RENT,business,0
APP103604,62,1034000.0,19.4,1324000.0,12,7.84,751.0,3,1,1.28,RENT,personal,1
APP103605,27,185000.0,4.5,128000.0,60,10.65,698.0,0,0,0.138,MORTGAGE,education,0
APP103606,35,467000.0,2.2,723000.0,36,9.07,864.0,0,0,0.516,RENT,personal,0
APP103607,52,527000.0,1.1,202000.0,48,9.05,635.0,1,0,0.096,OWN,education,0
APP103608,48,679000.0,1.4,122000.0,60,7.39,678.0,2,2,0.036,MORTGAGE,medical,0
APP103609,51,671000.0,5.2,843000.0,12,6.6,745.0,1,0,1.256,RENT,medical,1
APP103610,46,830000.0,10.5,847000.0,84,12.24,700.0,2,0,0.146,RENT,debt_consolidation,1
APP103611,51,579000.0,6.4,180000.0,36,10.21,687.0,1,1,0.104,MORTGAGE,personal,0
APP103612,48,483000.0,1.2,184000.0,60,9.36,778.0,4,0,0.076,MORTGAGE,personal,0
APP103613,24,518000.0,5.2,176000.0,36,7.56,771.0,2,0,0.113,RENT,medical,0
APP103614,54,882000.0,12.8,346000.0,60,6.21,760.0,1,1,0.078,MORTGAGE,home_improvement,0
APP103615,41,667000.0,3.9,546000.0,60,9.88,639.0,1,1,0.164,OWN,debt_consolidation,0
APP103616,23,513000.0,6.4,115000.0,36,6.82,732.0,0,1,0.075,RENT,medical,0
APP103617,39,567000.0,4.0,512000.0,48,7.67,764.0,1,0,0.226,RENT,debt_consolidation,1
APP103618,40,575000.0,7.5,591000.0,84,8.85,737.0,2,1,0.147,MORTGAGE,business,0
APP103619,24,487000.0,2.6,587000.0,48,7.96,630.0,2,0,0.301,OWN,debt_consolidation,0
APP103620,65,946000.0,0.1,1440000.0,84,10.91,674.0,1,2,0.217,RENT,education,1
APP103621,31,420000.0,1.7,113000.0,48,5.0,742.0,0,0,0.067,OWN,education,0
APP103622,35,447000.0,3.5,90000.0,36,7.65,752.0,1,1,0.067,RENT,home_improvement,0
APP103623,40,481000.0,4.8,169000.0,60,12.2,706.0,1,0,0.07,RENT,business,1
APP103624,58,700000.0,3.6,447000.0,48,9.47,646.0,2,0,0.16,OWN,business,1
APP103625,54,298000.0,3.5,272000.0,12,7.07,,1,1,0.913,OWN,home_improvement,1
APP103626,55,687000.0,10.6,107000.0,24,9.26,761.0,0,0,0.078,OWN,home_improvement,1
APP103627,31,592000.0,2.0,683000.0,24,7.39,770.0,2,0,0.577,OWN,personal,0
APP103628,59,587000.0,5.2,903000.0,48,10.73,701.0,1,0,0.385,RENT,personal,1
APP103629,58,642000.0,1.3,329000.0,60,9.31,730.0,1,0,0.102,RENT,personal,0
APP103630,41,916000.0,8.6,149000.0,60,5.59,579.0,2,1,0.033,OWN,home_improvement,1
APP103631,45,645000.0,6.3,801000.0,12,8.02,569.0,2,1,1.242,MORTGAGE,business,1
APP103632,22,275000.0,19.1,348000.0,12,8.42,766.0,2,0,1.265,OWN,education,1
APP103633,55,391000.0,1.9,83000.0,36,8.53,740.0,1,0,0.071,OWN,personal,0
APP103634,64,780000.0,15.3,815000.0,48,8.2,790.0,0,0,0.261,RENT,personal,0
APP103635,42,408000.0,2.2,205000.0,60,8.74,563.0,2,1,0.1,RENT,business,1
APP103636,45,581000.0,3.8,620000.0,60,8.42,762.0,2,1,0.213,OWN,personal,0
APP103637,43,482000.0,1.5,580000.0,24,5.91,692.0,0,0,0.602,RENT,business,1
APP103638,24,797000.0,19.0,377000.0,60,6.5,707.0,2,0,0.095,RENT,medical,0
APP103639,48,458000.0,7.0,242000.0,48,6.94,762.0,1,0,0.132,MORTGAGE,home_improvement,0
APP103640,53,621000.0,7.0,644000.0,60,7.71,693.0,2,1,0.207,OWN,debt_consolidation,0
APP103641,62,683000.0,2.4,679000.0,60,6.95,790.0,0,1,0.199,RENT,debt_consolidation,0
APP103642,62,678000.0,0.4,973000.0,36,9.93,751.0,1,0,0.478,MORTGAGE,debt_consolidation,0
APP103643,43,574000.0,3.7,511000.0,60,5.39,757.0,3,1,0.178,OWN,medical,0
APP103644,64,311000.0,3.2,407000.0,36,5.0,703.0,0,0,0.436,MORTGAGE,home_improvement,0
APP103645,44,535000.0,0.7,648000.0,60,11.83,789.0,0,0,0.242,OWN,business,1
APP103646,49,568000.0,3.9,633000.0,60,5.7,569.0,1,1,0.223,OWN,business,0
APP103647,48,730000.0,5.2,312000.0,60,9.92,717.0,1,0,0.085,MORTGAGE,business,0
APP103648,65,836000.0,7.3,460000.0,24,8.84,633.0,0,1,0.275,OWN,home_improvement,1
APP103649,54,615000.0,0.4,598000.0,60,5.78,719.0,1,0,0.194,OWN,debt_consolidation,1
APP103650,26,472000.0,1.6,116000.0,24,7.21,,1,2,0.123,OWN,personal,0
APP103651,24,627000.0,2.5,135000.0,60,6.88,760.0,2,0,0.043,MORTGAGE,personal,1
APP103652,39,787000.0,10.9,175000.0,60,8.28,738.0,2,0,0.044,MORTGAGE,personal,0
APP103653,44,685000.0,10.8,1018000.0,12,5.81,701.0,0,0,1.486,MORTGAGE,home_improvement,1
APP103654,51,958000.0,6.7,1101000.0,48,7.11,681.0,3,0,0.287,MORTGAGE,business,0
APP103655,42,455000.0,3.9,620000.0,48,7.42,665.0,2,2,0.341,MORTGAGE,business,0
APP103656,44,473000.0,11.4,732000.0,60,9.92,679.0,0,1,0.31,RENT,home_improvement,0
APP103657,62,694000.0,6.1,809000.0,24,6.6,789.0,1,0,0.583,OWN,personal,1
APP103658,36,542000.0,11.0,486000.0,60,5.35,,0,1,0.179,OWN,home_improvement,0
APP103659,43,221000.0,6.9,187000.0,84,6.3,790.0,0,0,0.121,RENT,personal,0
APP103660,46,439000.0,0.9,541000.0,48,8.31,676.0,1,0,0.308,RENT,business,1
APP103661,42,557000.0,0.3,785000.0,36,5.0,746.0,1,0,0.47,RENT,personal,0
APP103662,64,667000.0,3.5,902000.0,48,10.13,679.0,1,1,0.338,RENT,personal,0
APP103663,64,629000.0,9.3,544000.0,12,7.54,803.0,0,0,0.865,MORTGAGE,business,1
APP103664,44,558000.0,3.1,710000.0,48,8.45,795.0,1,1,0.318,RENT,debt_consolidation,1
APP103665,41,669000.0,12.9,563000.0,12,7.98,729.0,0,1,0.842,MORTGAGE,education,1
APP103666,47,744000.0,8.7,526000.0,36,6.03,833.0,1,0,0.236,MORTGAGE,business,1
APP103667,29,474000.0,12.2,276000.0,24,5.12,671.0,1,2,0.291,OWN,debt_consolidation,1
APP103668,40,664000.0,3.6,152000.0,48,5.96,701.0,1,1,0.057,MORTGAGE,education,0
APP103669,30,292000.0,2.1,129000.0,48,5.0,700.0,2,0,0.11,RENT,debt_consolidation,0
APP103670,27,358000.0,1.8,433000.0,48,8.27,659.0,1,0,0.302,RENT,home_improvement,0
APP103671,25,744000.0,7.4,297000.0,12,7.14,797.0,2,0,0.399,RENT,personal,0
APP103672,47,390000.0,1.0,568000.0,36,5.0,722.0,1,0,0.485,RENT,medical,1
APP103673,21,289000.0,1.0,76000.0,36,6.14,662.0,1,1,0.088,MORTGAGE,debt_consolidation,1
APP103674,50,398000.0,3.0,89000.0,48,8.93,669.0,2,0,0.056,OWN,medical,0
APP103675,40,437000.0,5.9,370000.0,24,10.34,790.0,2,1,0.423,MORTGAGE,home_improvement,0
APP103676,37,523000.0,2.5,247000.0,48,5.0,717.0,0,0,0.118,RENT,personal,0
APP103677,55,816000.0,10.8,244000.0,36,12.26,696.0,1,1,0.1,MORTGAGE,personal,0
APP103678,45,665000.0,12.3,157000.0,60,5.39,783.0,2,0,0.047,OWN,home_improvement,0
APP103679,54,528000.0,0.2,483000.0,36,5.0,741.0,1,2,0.305,RENT,medical,0
APP103680,52,460000.0,7.0,242000.0,24,11.37,650.0,0,2,0.263,OWN,home_improvement,0
APP103681,22,310000.0,3.1,296000.0,24,5.21,724.0,1,1,0.477,MORTGAGE,debt_consolidation,1
APP103682,30,313000.0,9.6,114000.0,24,10.85,745.0,0,1,0.182,RENT,debt_consolidation,0
APP103683,46,723000.0,7.2,134000.0,24,6.04,716.0,1,0,0.093,RENT,medical,0
APP103684,64,823000.0,5.7,156000.0,60,6.86,710.0,0,0,0.038,RENT,business,0
APP103685,27,460000.0,4.5,144000.0,48,5.0,696.0,0,0,0.078,OWN,education,0
APP103686,25,479000.0,1.1,625000.0,12,10.31,770.0,1,0,1.305,RENT,business,1
APP103687,63,1011000.0,21.0,809000.0,60,10.01,730.0,2,1,0.16,OWN,debt_consolidation,0
APP103688,64,668000.0,1.6,704000.0,12,6.05,710.0,2,0,1.054,RENT,personal,1
APP103689,28,813000.0,15.5,1153000.0,60,7.34,675.0,1,1,0.284,RENT,personal,1
APP103690,39,429000.0,8.2,197000.0,24,8.96,785.0,1,0,0.23,MORTGAGE,medical,0
APP103691,49,531000.0,3.3,751000.0,36,6.46,744.0,0,0,0.471,RENT,business,0
APP103692,29,389000.0,2.9,479000.0,48,10.5,650.0,0,1,0.308,RENT,personal,1
APP103693,35,569000.0,1.0,687000.0,24,7.27,685.0,2,0,0.604,RENT,education,0
APP103694,38,325000.0,5.2,459000.0,24,6.36,726.0,2,1,0.706,RENT,personal,1
APP103695,49,773000.0,1.0,257000.0,60,5.0,588.0,1,1,0.066,RENT,debt_consolidation,1
APP103696,34,673000.0,11.2,628000.0,48,5.0,712.0,0,1,0.233,OWN,business,0
APP103697,39,821000.0,6.2,699000.0,60,8.79,704.0,2,2,0.17,RENT,business,0
APP103698,34,507000.0,4.9,564000.0,48,8.02,734.0,1,0,0.278,RENT,personal,0
APP103699,55,562000.0,5.4,278000.0,12,9.29,762.0,1,0,0.495,OWN,personal,0
APP103700,27,586000.0,6.3,196000.0,48,6.26,572.0,2,1,0.084,RENT,education,1
APP103701,31,636000.0,3.8,993000.0,60,5.0,619.0,1,1,0.312,RENT,personal,1
APP103702,32,385000.0,4.2,318000.0,12,6.41,778.0,0,0,0.826,MORTGAGE,personal,0
APP103703,61,516000.0,16.6,251000.0,24,11.98,739.0,4,0,0.243,OWN,education,0
APP103704,63,480000.0,10.5,162000.0,48,5.38,717.0,1,0,0.084,RENT,debt_consolidation,0
APP103705,43,643000.0,8.0,650000.0,60,7.42,733.0,2,0,0.202,RENT,debt_consolidation,1
APP103706,28,689000.0,3.3,251000.0,36,5.0,760.0,0,0,0.121,RENT,business,0
APP103707,55,392000.0,0.6,163000.0,48,6.36,668.0,3,0,0.104,MORTGAGE,medical,0
APP103708,43,555000.0,7.3,849000.0,24,6.59,688.0,1,0,0.765,MORTGAGE,education,1
APP103709,59,617000.0,5.4,119000.0,36,8.23,648.0,1,0,0.064,RENT,debt_consolidation,0
APP103710,37,809000.0,4.1,341000.0,48,6.8,743.0,1,2,0.105,OWN,personal,0
APP103711,65,1035000.0,4.7,1163000.0,24,5.0,687.0,2,1,0.562,RENT,education,0
APP103712,57,676000.0,1.7,314000.0,36,6.04,751.0,0,2,0.155,MORTGAGE,business,0
APP103713,31,597000.0,2.2,247000.0,48,7.05,651.0,0,0,0.103,MORTGAGE,home_improvement,0
APP103714,53,825000.0,10.5,789000.0,36,5.31,693.0,3,1,0.319,RENT,personal,0
APP103715,33,261000.0,0.4,303000.0,60,5.63,628.0,3,0,0.232,RENT,personal,0
APP103716,36,684000.0,9.4,530000.0,84,9.71,772.0,4,1,0.111,MORTGAGE,personal,0
APP103717,32,449000.0,13.3,576000.0,48,6.13,747.0,1,5,0.321,OWN,personal,0
APP103718,51,617000.0,7.2,822000.0,60,8.47,,0,0,0.266,OWN,home_improvement,0
APP103719,32,697000.0,7.0,734000.0,60,7.11,663.0,1,0,0.211,RENT,business,0
APP103720,49,583000.0,2.2,576000.0,48,5.0,634.0,3,0,0.247,RENT,home_improvement,1
APP103721,47,727000.0,2.5,970000.0,60,6.77,702.0,2,0,0.267,RENT,personal,0
APP103722,54,811000.0,3.5,139000.0,12,8.14,698.0,1,1,0.171,RENT,debt_consolidation,1
APP103723,65,392000.0,1.3,349000.0,60,11.32,640.0,3,3,0.178,RENT,debt_consolidation,1
APP103724,21,120000.0,2.3,50000.0,24,5.8,705.0,2,1,0.208,RENT,medical,0
APP103725,65,879000.0,5.4,414000.0,12,7.31,732.0,0,0,0.471,MORTGAGE,personal,1
APP103726,25,620000.0,3.3,946000.0,48,9.5,677.0,1,1,0.381,RENT,personal,0
APP103727,44,621000.0,5.7,96000.0,24,10.27,621.0,1,2,0.077,OWN,business,1
APP103728,36,650000.0,10.4,387000.0,12,6.07,760.0,2,0,0.595,MORTGAGE,home_improvement,1
APP103729,49,746000.0,5.7,279000.0,48,7.16,545.0,0,2,0.093,MORTGAGE,personal,1
APP103730,53,783000.0,7.0,765000.0,12,9.95,721.0,2,0,0.977,OWN,debt_consolidation,1
APP103731,59,569000.0,0.9,782000.0,60,8.63,716.0,2,0,0.275,RENT,personal,0
APP103732,39,751000.0,10.3,538000.0,84,9.77,663.0,1,2,0.102,OWN,debt_consolidation,1
APP103733,62,581000.0,0.9,792000.0,48,10.08,758.0,1,0,0.341,OWN,business,0
APP103734,35,534000.0,3.1,421000.0,36,8.72,752.0,0,1,0.263,MORTGAGE,business,1
APP103735,30,480000.0,1.7,705000.0,36,7.82,717.0,2,0,0.49,MORTGAGE,personal,1
APP103736,38,356000.0,0.6,491000.0,12,6.02,792.0,0,2,1.379,MORTGAGE,business,1
APP103737,44,469000.0,5.5,192000.0,48,6.96,665.0,0,1,0.102,RENT,medical,0
APP103738,51,981000.0,7.5,1406000.0,24,7.11,701.0,1,0,0.717,MORTGAGE,business,0
APP103739,58,627000.0,13.6,269000.0,36,10.14,660.0,4,1,0.143,OWN,debt_consolidation,0
APP103740,31,565000.0,6.1,487000.0,24,7.89,766.0,0,1,0.431,MORTGAGE,personal,0
APP103741,34,569000.0,2.3,247000.0,84,7.91,736.0,1,0,0.062,MORTGAGE,home_improvement,0
APP103742,63,659000.0,3.3,468000.0,24,5.31,575.0,2,1,0.355,MORTGAGE,business,0
APP103743,40,599000.0,0.7,946000.0,36,10.15,694.0,1,0,0.526,RENT,debt_consolidation,0
APP103744,31,529000.0,3.6,666000.0,24,5.81,685.0,1,0,0.629,RENT,education,1
APP103745,65,567000.0,4.8,541000.0,36,6.87,805.0,2,0,0.318,RENT,debt_consolidation,0
APP103746,41,663000.0,7.2,999000.0,60,10.38,690.0,0,0,0.301,OWN,personal,0
APP103747,65,663000.0,8.7,445000.0,24,9.45,727.0,1,0,0.336,MORTGAGE,home_improvement,0
APP103748,62,968000.0,7.1,388000.0,24,5.63,,0,0,0.2,RENT,home_improvement,0
APP103749,61,706000.0,2.1,954000.0,12,5.13,733.0,0,0,1.351,MORTGAGE,medical,1
APP103750,47,445000.0,1.5,75000.0,48,7.05,809.0,2,0,0.042,OWN,medical,0
APP103751,56,737000.0,8.3,970000.0,48,6.23,664.0,3,0,0.329,MORTGAGE,debt_consolidation,0
APP103752,64,502000.0,0.6,91000.0,60,5.0,772.0,0,0,0.036,MORTGAGE,home_improvement,0
APP103753,33,704000.0,18.1,396000.0,60,5.84,644.0,5,2,0.112,OWN,home_improvement,0
APP103754,22,378000.0,2.5,252000.0,24,5.0,659.0,1,2,0.333,RENT,home_improvement,1
APP103755,35,472000.0,11.3,289000.0,60,9.49,749.0,0,1,0.122,RENT,education,1
APP103756,49,453000.0,2.9,228000.0,60,9.35,620.0,1,1,0.101,OWN,personal,1
APP103757,45,976000.0,7.6,299000.0,48,10.6,648.0,5,0,0.077,MORTGAGE,personal,0
APP103758,24,427000.0,1.6,66000.0,36,8.28,664.0,1,0,0.052,RENT,business,0
APP103759,46,522000.0,5.1,665000.0,48,6.51,805.0,2,0,0.318,RENT,medical,1
APP103760,28,337000.0,0.8,274000.0,48,9.75,780.0,0,0,0.203,MORTGAGE,education,0
APP103761,43,654000.0,6.3,252000.0,36,5.96,778.0,1,0,0.128,MORTGAGE,personal,0
APP103762,46,449000.0,1.6,121000.0,12,5.0,761.0,2,0,0.269,MORTGAGE,personal,0
APP103763,49,401000.0,1.8,222000.0,48,7.18,759.0,1,0,0.138,MORTGAGE,education,0
APP103764,39,520000.0,3.4,345000.0,36,8.4,629.0,1,0,0.221,OWN,business,0
APP103765,39,526000.0,4.0,431000.0,24,5.71,658.0,1,1,0.41,MORTGAGE,business,1
APP103766,51,580000.0,7.2,172000.0,60,5.2,713.0,1,0,0.059,MORTGAGE,home_improvement,0
APP103767,54,521000.0,6.7,818000.0,24,6.58,741.0,0,0,0.785,RENT,home_improvement,0
APP103768,57,599000.0,5.5,323000.0,36,8.41,675.0,0,0,0.18,OWN,home_improvement,0
APP103769,36,508000.0,9.4,401000.0,36,7.18,654.0,1,0,0.263,OWN,personal,0
APP103770,40,478000.0,6.6,563000.0,48,13.3,592.0,3,2,0.294,MORTGAGE,business,1
APP103771,35,584000.0,6.9,350000.0,12,7.2,655.0,1,1,0.599,RENT,debt_consolidation,1
APP103772,44,870000.0,1.8,235000.0,48,9.15,703.0,0,0,0.068,MORTGAGE,debt_consolidation,1
APP103773,26,725000.0,9.9,505000.0,36,5.0,745.0,2,0,0.232,RENT,personal,0
APP103774,40,890000.0,9.1,847000.0,24,8.79,730.0,0,0,0.476,RENT,medical,0
APP103775,29,407000.0,5.7,558000.0,24,6.48,780.0,2,0,0.686,MORTGAGE,personal,1
APP103776,44,872000.0,8.9,596000.0,36,7.48,772.0,0,0,0.228,RENT,personal,0
APP103777,59,696000.0,4.8,1002000.0,36,11.21,703.0,1,0,0.48,MORTGAGE,home_improvement,0
APP103778,65,956000.0,14.0,900000.0,24,6.68,727.0,2,1,0.471,MORTGAGE,education,1
APP103779,41,628000.0,5.3,748000.0,36,5.0,669.0,0,2,0.397,RENT,debt_consolidation,1
APP103780,23,392000.0,4.6,76000.0,36,5.0,697.0,0,0,0.065,RENT,home_improvement,0
APP103781,31,623000.0,6.6,903000.0,84,7.88,691.0,5,0,0.207,MORTGAGE,education,1
APP103782,25,666000.0,16.1,306000.0,48,7.76,757.0,2,0,0.115,OWN,personal,1
APP103783,55,351000.0,3.0,219000.0,12,7.67,726.0,3,1,0.624,RENT,personal,1
APP103784,65,697000.0,6.3,634000.0,36,5.0,845.0,1,0,0.303,RENT,education,0
APP103785,45,689000.0,3.2,1062000.0,12,11.96,768.0,0,1,1.541,RENT,medical,1
APP103786,28,515000.0,4.6,335000.0,36,10.72,665.0,1,0,0.217,RENT,personal,1
APP103787,21,474000.0,2.3,223000.0,36,7.79,619.0,2,0,0.157,RENT,medical,1
APP103788,64,603000.0,6.8,930000.0,60,5.0,805.0,0,0,0.308,MORTGAGE,debt_consolidation,0
APP103789,35,558000.0,5.0,738000.0,36,10.99,714.0,1,0,0.441,MORTGAGE,personal,0
APP103790,26,496000.0,8.7,552000.0,60,10.0,699.0,0,0,0.223,MORTGAGE,personal,0
APP103791,28,513000.0,10.5,382000.0,48,7.73,831.0,0,0,0.186,RENT,debt_consolidation,0
APP103792,32,479000.0,11.6,364000.0,36,10.14,733.0,0,0,0.253,MORTGAGE,education,1
APP103793,50,727000.0,3.3,1111000.0,24,6.41,693.0,0,1,0.764,OWN,education,0
APP103794,61,747000.0,6.6,187000.0,24,5.39,661.0,1,1,0.125,OWN,personal,0
APP103795,33,630000.0,12.1,786000.0,60,7.85,,3,0,0.25,RENT,business,1
APP103796,51,891000.0,2.3,910000.0,60,5.0,628.0,2,1,0.204,RENT,home_improvement,1
APP103797,23,524000.0,5.4,814000.0,36,5.06,687.0,1,0,0.518,RENT,personal,1
APP103798,21,585000.0,2.4,561000.0,36,8.7,589.0,2,1,0.32,RENT,education,1
APP103799,23,620000.0,15.9,345000.0,36,8.03,719.0,1,1,0.185,OWN,debt_consolidation,0
APP103800,62,713000.0,12.0,913000.0,36,5.0,741.0,2,0,0.427,RENT,business,1
APP103801,47,463000.0,7.5,731000.0,60,6.6,748.0,1,1,0.316,OWN,debt_consolidation,0
APP103802,57,717000.0,7.4,1051000.0,24,5.0,693.0,0,0,0.733,MORTGAGE,education,1
APP103803,21,120000.0,2.6,69000.0,36,6.43,585.0,1,1,0.192,OWN,education,0
APP103804,22,579000.0,13.0,378000.0,48,6.18,700.0,0,1,0.163,OWN,personal,0
APP103805,59,698000.0,3.9,869000.0,36,9.68,631.0,0,1,0.415,MORTGAGE,personal,0
APP103806,25,402000.0,2.9,409000.0,12,7.16,715.0,1,0,1.017,OWN,medical,1
APP103807,27,529000.0,10.9,88000.0,36,6.96,707.0,3,2,0.055,OWN,personal,0
APP103808,44,370000.0,3.6,132000.0,48,6.64,661.0,1,1,0.089,RENT,education,0
APP103809,48,782000.0,3.0,214000.0,84,5.0,713.0,1,0,0.039,OWN,business,0
APP103810,31,495000.0,9.1,203000.0,60,7.28,569.0,0,2,0.082,OWN,home_improvement,1
APP103811,41,371000.0,1.7,220000.0,36,8.56,618.0,0,3,0.198,MORTGAGE,debt_consolidation,1
APP103812,51,728000.0,7.5,1130000.0,60,8.01,823.0,0,0,0.31,MORTGAGE,personal,0
APP103813,40,571000.0,5.4,646000.0,36,9.02,705.0,0,2,0.377,MORTGAGE,education,0
APP103814,38,527000.0,8.6,121000.0,36,9.13,667.0,3,0,0.077,OWN,education,0
APP103815,24,408000.0,7.0,421000.0,24,12.34,635.0,1,1,0.516,RENT,personal,1
APP103816,41,769000.0,22.8,602000.0,36,5.02,755.0,1,0,0.261,OWN,personal,0
APP103817,57,863000.0,5.8,1073000.0,36,8.02,751.0,1,0,0.414,MORTGAGE,personal,0
APP103818,49,658000.0,3.6,942000.0,84,8.26,648.0,1,1,0.205,RENT,education,0
APP103819,61,671000.0,5.0,164000.0,48,6.8,682.0,1,1,0.061,RENT,business,0
APP103820,26,617000.0,6.9,969000.0,84,6.11,610.0,2,0,0.224,RENT,personal,0
APP103821,21,564000.0,15.3,132000.0,24,8.6,758.0,1,1,0.117,MORTGAGE,business,1
APP103822,45,675000.0,7.9,818000.0,12,8.39,680.0,1,0,1.212,RENT,debt_consolidation,0
APP103823,29,477000.0,2.5,696000.0,84,5.18,714.0,2,1,0.208,MORTGAGE,home_improvement,0
APP103824,47,1100000.0,40.0,1364000.0,36,5.0,819.0,0,0,0.413,MORTGAGE,business,0
APP103825,61,672000.0,10.2,248000.0,36,6.42,766.0,0,0,0.123,OWN,business,0
APP103826,36,324000.0,2.4,146000.0,12,6.02,665.0,2,1,0.451,RENT,medical,0
APP103827,45,678000.0,1.8,142000.0,60,8.83,796.0,2,0,0.042,OWN,personal,0
APP103828,51,800000.0,1.5,272000.0,12,5.47,687.0,0,0,0.34,RENT,business,1
APP103829,27,306000.0,4.8,73000.0,60,7.11,794.0,3,0,0.048,OWN,medical,0
APP103830,61,702000.0,4.9,160000.0,24,5.0,717.0,3,0,0.114,RENT,home_improvement,0
APP103831,30,396000.0,2.8,382000.0,24,5.0,704.0,0,1,0.482,OWN,education,0
APP103832,57,740000.0,1.3,193000.0,60,5.81,701.0,1,0,0.052,RENT,personal,0
APP103833,50,610000.0,1.9,467000.0,36,6.95,730.0,0,0,0.255,RENT,home_improvement,0
APP103834,27,1007000.0,8.0,1187000.0,24,5.7,700.0,1,1,0.589,OWN,business,1
APP103835,53,570000.0,3.9,98000.0,48,7.81,787.0,1,1,0.043,MORTGAGE,home_improvement,0
APP103836,29,680000.0,2.1,732000.0,24,5.0,629.0,0,1,0.538,MORTGAGE,debt_consolidation,0
APP103837,47,842000.0,5.4,1051000.0,36,7.03,,3,1,0.416,OWN,business,0
APP103838,64,788000.0,6.2,731000.0,12,7.05,615.0,1,2,0.928,RENT,medical,1
APP103839,63,715000.0,6.8,600000.0,36,5.0,693.0,1,0,0.28,RENT,debt_consolidation,0
APP103840,60,688000.0,5.3,832000.0,24,8.0,695.0,1,1,0.605,MORTGAGE,debt_consolidation,0
APP103841,43,566000.0,4.7,520000.0,60,5.0,803.0,1,0,0.184,OWN,home_improvement,0
APP103842,46,834000.0,11.5,741000.0,48,5.99,761.0,1,0,0.222,OWN,business,0
APP103843,34,346000.0,1.9,454000.0,36,9.23,671.0,0,0,0.437,RENT,personal,0
APP103844,62,648000.0,4.2,884000.0,36,5.0,656.0,0,2,0.455,MORTGAGE,personal,1
APP103845,42,468000.0,0.7,320000.0,36,8.98,748.0,1,1,0.228,RENT,home_improvement,0
APP103846,55,365000.0,3.7,275000.0,48,5.0,658.0,1,1,0.188,OWN,personal,1
APP103847,37,669000.0,5.7,877000.0,36,6.2,656.0,3,2,0.437,RENT,business,1
APP103848,54,841000.0,9.0,791000.0,48,10.59,751.0,1,0,0.235,RENT,business,0
APP103849,31,349000.0,0.7,400000.0,24,6.12,700.0,1,0,0.573,RENT,home_improvement,1
APP103850,54,796000.0,5.6,206000.0,36,11.05,663.0,2,0,0.086,RENT,business,0
APP103851,23,353000.0,16.9,102000.0,12,6.83,712.0,0,2,0.289,RENT,home_improvement,1
APP103852,25,489000.0,7.1,450000.0,84,7.31,824.0,1,1,0.131,RENT,education,0
APP103853,36,466000.0,1.6,623000.0,36,9.35,670.0,0,1,0.446,RENT,personal,1
APP103854,42,560000.0,3.7,341000.0,48,8.7,652.0,2,1,0.152,RENT,debt_consolidation,1
APP103855,53,668000.0,7.3,1031000.0,36,7.84,747.0,0,1,0.514,RENT,personal,0
APP103856,37,495000.0,2.9,620000.0,12,6.48,857.0,0,0,1.253,RENT,business,1
APP103857,21,391000.0,6.1,502000.0,12,5.0,667.0,2,0,1.284,RENT,personal,1
APP103858,35,513000.0,5.8,697000.0,24,5.0,658.0,1,0,0.679,OWN,business,1
APP103859,40,751000.0,4.7,390000.0,48,10.39,745.0,0,1,0.13,OWN,education,1
APP103860,45,450000.0,1.4,283000.0,48,11.24,759.0,1,0,0.157,RENT,business,1
APP103861,49,915000.0,2.7,294000.0,24,7.79,635.0,1,1,0.161,OWN,medical,0
APP103862,32,563000.0,18.0,395000.0,36,5.0,740.0,0,0,0.234,MORTGAGE,debt_consolidation,0
APP103863,48,616000.0,3.5,124000.0,36,5.8,654.0,1,0,0.067,RENT,personal,1
APP103864,49,676000.0,3.9,838000.0,36,5.69,708.0,0,0,0.413,RENT,education,1
APP103865,55,583000.0,3.9,766000.0,36,6.28,703.0,1,0,0.438,OWN,education,0
APP103866,44,828000.0,8.9,381000.0,60,5.55,790.0,0,0,0.092,RENT,personal,1
APP103867,57,723000.0,4.1,622000.0,36,8.65,796.0,0,0,0.287,OWN,debt_consolidation,0
APP103868,30,457000.0,4.8,514000.0,36,8.04,715.0,1,0,0.375,RENT,personal,0
APP103869,53,841000.0,5.6,1032000.0,48,10.98,805.0,1,0,0.307,RENT,personal,0
APP103870,23,351000.0,9.6,546000.0,60,6.64,746.0,2,1,0.311,MORTGAGE,personal,1
APP103871,25,373000.0,4.8,164000.0,36,7.94,657.0,0,0,0.147,RENT,personal,1
APP103872,59,751000.0,5.2,381000.0,24,9.13,784.0,1,0,0.254,OWN,medical,0
APP103873,42,659000.0,3.1,915000.0,12,9.75,753.0,2,0,1.388,OWN,personal,1
APP103874,48,661000.0,6.2,192000.0,36,5.0,829.0,1,0,0.097,MORTGAGE,debt_consolidation,0
APP103875,48,610000.0,7.6,787000.0,48,8.39,741.0,1,0,0.323,OWN,debt_consolidation,0
APP103876,52,619000.0,7.9,213000.0,48,7.82,787.0,2,1,0.086,MORTGAGE,personal,0
APP103877,32,806000.0,16.2,664000.0,36,8.17,657.0,0,0,0.275,RENT,personal,0
APP103878,29,490000.0,2.5,494000.0,12,7.63,701.0,0,0,1.008,RENT,education,1
APP103879,22,311000.0,5.0,393000.0,48,11.27,612.0,1,0,0.316,OWN,business,1
APP103880,59,514000.0,4.1,162000.0,36,5.54,693.0,2,0,0.105,OWN,medical,0
APP103881,31,835000.0,14.3,1123000.0,60,5.41,730.0,0,1,0.269,RENT,education,0
APP103882,46,517000.0,8.2,715000.0,48,5.69,717.0,2,0,0.346,MORTGAGE,personal,0
APP103883,41,549000.0,1.0,714000.0,24,6.86,773.0,0,0,0.65,OWN,debt_consolidation,1
APP103884,28,654000.0,2.8,987000.0,48,8.15,853.0,1,0,0.377,OWN,medical,0
APP103885,39,610000.0,3.7,863000.0,36,6.5,681.0,3,0,0.472,MORTGAGE,personal,0
APP103886,24,295000.0,1.2,373000.0,36,9.71,755.0,1,1,0.421,RENT,home_improvement,0
APP103887,28,329000.0,5.3,326000.0,36,7.49,714.0,0,2,0.33,RENT,education,1
APP103888,27,731000.0,3.2,967000.0,60,7.29,664.0,3,2,0.265,MORTGAGE,debt_consolidation,1
APP103889,58,642000.0,16.7,1004000.0,24,5.0,773.0,0,1,0.782,OWN,home_improvement,0
APP103890,46,517000.0,6.2,555000.0,24,11.51,705.0,1,0,0.537,MORTGAGE,personal,1
APP103891,62,721000.0,3.6,362000.0,24,7.4,767.0,2,0,0.251,RENT,education,0
APP103892,40,482000.0,2.1,246000.0,60,11.1,617.0,0,1,0.102,OWN,business,0
APP103893,30,572000.0,4.7,746000.0,48,6.13,711.0,3,0,0.326,MORTGAGE,home_improvement,0
APP103894,48,479000.0,13.4,759000.0,24,9.33,702.0,0,1,0.792,OWN,medical,0
APP103895,62,640000.0,4.1,291000.0,24,6.26,837.0,0,1,0.227,RENT,business,0
APP103896,44,672000.0,4.7,1046000.0,12,11.5,633.0,1,1,1.557,OWN,personal,1
APP103897,21,604000.0,10.5,326000.0,48,9.97,731.0,1,1,0.135,OWN,personal,1
APP103898,34,440000.0,6.0,329000.0,36,9.37,793.0,1,0,0.249,MORTGAGE,personal,0
APP103899,62,573000.0,8.7,840000.0,48,5.91,698.0,1,0,0.366,OWN,medical,0
APP103900,44,624000.0,6.5,964000.0,48,11.69,717.0,2,0,0.386,RENT,business,1
APP103901,63,506000.0,6.2,492000.0,60,11.98,668.0,1,1,0.194,OWN,personal,0
APP103902,43,713000.0,1.0,1089000.0,36,6.66,661.0,1,1,0.509,RENT,debt_consolidation,0
APP103903,21,421000.0,,577000.0,60,7.86,808.0,1,0,0.274,MORTGAGE,personal,0
APP103904,60,573000.0,5.6,806000.0,36,9.54,600.0,0,1,0.469,MORTGAGE,debt_consolidation,1
APP103905,55,449000.0,2.3,633000.0,48,5.0,731.0,1,0,0.352,OWN,debt_consolidation,0
APP103906,53,529000.0,4.7,376000.0,36,10.02,597.0,2,0,0.237,OWN,medical,1
APP103907,64,420000.0,1.7,82000.0,60,9.75,776.0,0,0,0.039,RENT,debt_consolidation,0
APP103908,29,625000.0,10.6,243000.0,36,6.26,720.0,0,0,0.13,RENT,business,0
APP103909,61,526000.0,2.5,136000.0,48,5.0,575.0,3,1,0.065,MORTGAGE,personal,1
APP103910,31,521000.0,2.1,261000.0,48,8.23,689.0,3,0,0.125,RENT,personal,0
APP103911,64,730000.0,1.3,168000.0,84,5.01,656.0,0,0,0.033,MORTGAGE,medical,0
APP103912,29,664000.0,7.9,366000.0,12,5.0,726.0,1,2,0.551,MORTGAGE,education,1
APP103913,45,614000.0,4.7,616000.0,48,8.32,750.0,1,1,0.251,RENT,home_improvement,1
APP103914,56,878000.0,10.3,311000.0,24,10.4,669.0,1,0,0.177,MORTGAGE,education,0
APP103915,24,639000.0,3.1,388000.0,60,7.02,756.0,0,0,0.121,RENT,personal,0
APP103916,24,454000.0,1.8,216000.0,60,10.11,642.0,2,1,0.095,MORTGAGE,home_improvement,1
APP103917,59,706000.0,4.5,203000.0,48,8.96,667.0,2,1,0.072,RENT,business,0
APP103918,23,445000.0,11.7,503000.0,36,5.0,,0,0,0.377,MORTGAGE,business,1
APP103919,48,402000.0,1.0,581000.0,48,6.28,674.0,0,1,0.361,OWN,education,0
APP103920,63,891000.0,,1059000.0,36,9.87,767.0,2,1,0.396,OWN,medical,1
APP103921,48,706000.0,6.4,806000.0,36,6.26,821.0,1,0,0.381,OWN,personal,0
APP103922,42,762000.0,13.1,1200000.0,60,9.3,729.0,0,0,0.315,MORTGAGE,home_improvement,0
APP103923,39,423000.0,2.3,512000.0,36,6.6,704.0,1,1,0.403,RENT,personal,0
APP103924,49,798000.0,0.9,174000.0,24,9.09,696.0,0,0,0.109,MORTGAGE,home_improvement,0
APP103925,46,533000.0,3.4,249000.0,48,8.44,710.0,2,0,0.117,MORTGAGE,medical,1
APP103926,43,492000.0,8.7,529000.0,12,6.95,774.0,0,0,1.075,RENT,personal,1
APP103927,27,385000.0,4.9,414000.0,48,9.02,680.0,2,1,0.269,RENT,debt_consolidation,1
APP103928,50,868000.0,6.9,1178000.0,36,5.0,700.0,0,2,0.452,RENT,debt_consolidation,1
APP103929,54,430000.0,1.9,164000.0,48,5.11,659.0,3,0,0.095,OWN,personal,1
APP103930,52,496000.0,3.9,780000.0,24,6.48,633.0,2,1,0.786,MORTGAGE,personal,1
APP103931,24,889000.0,5.0,799000.0,48,10.08,702.0,1,0,0.225,MORTGAGE,education,0
APP103932,52,716000.0,,1063000.0,48,5.0,722.0,1,0,0.371,RENT,medical,0
APP103933,53,518000.0,5.0,475000.0,48,7.42,765.0,1,1,0.229,RENT,business,0
APP103934,29,305000.0,3.6,128000.0,36,8.2,690.0,0,1,0.14,MORTGAGE,home_improvement,1
APP103935,59,664000.0,25.9,438000.0,48,8.04,767.0,0,1,0.165,RENT,debt_consolidation,0
APP103936,44,585000.0,4.7,275000.0,36,7.28,642.0,1,1,0.157,OWN,business,1
APP103937,42,774000.0,13.6,413000.0,24,6.13,795.0,0,0,0.267,RENT,business,0
APP103938,53,877000.0,6.8,1264000.0,12,6.96,686.0,3,0,1.441,OWN,debt_consolidation,1
APP103939,43,276000.0,4.3,192000.0,36,9.64,652.0,1,2,0.232,RENT,education,1
APP103940,45,468000.0,12.2,194000.0,60,5.99,721.0,0,1,0.083,RENT,debt_consolidation,0
APP103941,35,461000.0,1.6,313000.0,36,5.0,685.0,1,0,0.226,RENT,education,0
APP103942,62,1080000.0,3.3,1129000.0,48,8.53,658.0,1,0,0.261,MORTGAGE,home_improvement,1
APP103943,64,875000.0,9.0,386000.0,48,10.79,764.0,0,0,0.11,MORTGAGE,home_improvement,0
APP103944,26,467000.0,0.4,105000.0,36,5.19,763.0,1,0,0.075,MORTGAGE,debt_consolidation,0
APP103945,53,439000.0,4.6,621000.0,12,10.49,648.0,1,0,1.415,OWN,personal,1
APP103946,22,120000.0,4.6,60000.0,36,8.65,670.0,2,2,0.167,RENT,business,1
APP103947,37,547000.0,5.8,825000.0,36,5.0,708.0,1,1,0.503,RENT,personal,0
APP103948,64,667000.0,4.0,146000.0,24,5.95,663.0,2,1,0.109,OWN,debt_consolidation,0
APP103949,28,483000.0,8.8,528000.0,60,5.86,718.0,0,0,0.219,RENT,personal,0
APP103950,37,445000.0,2.5,496000.0,84,7.87,785.0,0,0,0.159,OWN,debt_consolidation,0
APP103951,30,433000.0,9.6,163000.0,24,7.1,850.0,1,0,0.188,RENT,business,0
APP103952,53,443000.0,1.8,494000.0,24,9.93,759.0,1,1,0.558,RENT,home_improvement,1
APP103953,41,778000.0,6.1,554000.0,48,9.37,763.0,0,0,0.178,OWN,personal,0
APP103954,47,533000.0,11.2,375000.0,84,5.0,781.0,3,0,0.101,MORTGAGE,business,0
APP103955,63,614000.0,2.3,873000.0,60,5.0,723.0,0,1,0.284,OWN,home_improvement,0
APP103956,44,542000.0,2.8,830000.0,60,8.85,652.0,1,1,0.306,RENT,home_improvement,0
APP103957,54,799000.0,9.9,317000.0,36,6.37,733.0,0,1,0.132,MORTGAGE,home_improvement,1
APP103958,25,338000.0,5.5,386000.0,84,7.12,621.0,1,1,0.163,OWN,home_improvement,0
APP103959,30,588000.0,0.9,220000.0,36,8.7,664.0,2,0,0.125,MORTGAGE,personal,0
APP103960,63,608000.0,5.6,122000.0,12,9.39,747.0,1,1,0.201,MORTGAGE,personal,0
APP103961,59,672000.0,7.7,247000.0,48,5.0,689.0,1,1,0.092,RENT,debt_consolidation,1
APP103962,50,919000.0,10.2,984000.0,36,5.0,602.0,1,3,0.357,RENT,business,1
APP103963,38,405000.0,6.0,487000.0,60,7.25,681.0,2,0,0.24,OWN,home_improvement,0
APP103964,29,616000.0,7.0,545000.0,48,5.62,630.0,1,1,0.221,RENT,home_improvement,1
APP103965,59,929000.0,14.5,1421000.0,60,7.65,739.0,0,1,0.306,RENT,debt_consolidation,0
APP103966,56,743000.0,9.2,935000.0,36,7.31,678.0,1,1,0.419,OWN,debt_consolidation,0
APP103967,31,465000.0,3.9,179000.0,36,5.35,715.0,0,0,0.128,RENT,personal,0
APP103968,47,902000.0,4.3,407000.0,48,12.09,724.0,0,1,0.113,RENT,business,0
APP103969,48,667000.0,10.9,677000.0,36,7.54,752.0,1,0,0.338,OWN,medical,0
APP103970,42,603000.0,5.9,382000.0,24,6.24,631.0,4,0,0.317,MORTGAGE,home_improvement,1
APP103971,62,635000.0,5.3,96000.0,36,7.72,667.0,0,0,0.05,MORTGAGE,debt_consolidation,0
APP103972,26,474000.0,3.8,88000.0,60,8.67,715.0,1,0,0.037,RENT,debt_consolidation,0
APP103973,32,714000.0,10.6,530000.0,60,6.11,759.0,2,0,0.148,OWN,personal,0
APP103974,25,388000.0,2.4,353000.0,60,12.6,633.0,3,1,0.182,RENT,home_improvement,1
APP103975,52,285000.0,3.3,313000.0,48,5.0,651.0,2,1,0.275,MORTGAGE,personal,0
APP103976,49,748000.0,10.6,940000.0,60,5.0,740.0,1,0,0.251,OWN,business,0
APP103977,65,604000.0,10.5,939000.0,24,5.0,721.0,3,0,0.777,RENT,personal,1
APP103978,45,877000.0,20.5,1198000.0,36,7.51,731.0,3,0,0.455,OWN,personal,1
APP103979,27,467000.0,4.6,311000.0,48,8.54,676.0,2,2,0.166,MORTGAGE,personal,0
APP103980,41,683000.0,3.8,632000.0,84,6.77,641.0,1,1,0.132,RENT,medical,0
APP103981,24,301000.0,4.1,139000.0,12,8.53,811.0,0,0,0.462,MORTGAGE,education,0
APP103982,51,488000.0,1.0,759000.0,84,8.5,633.0,5,1,0.222,RENT,debt_consolidation,1
APP103983,51,511000.0,0.5,473000.0,48,6.71,785.0,0,1,0.231,MORTGAGE,personal,0
APP103984,59,454000.0,6.0,232000.0,12,8.44,594.0,2,0,0.511,OWN,debt_consolidation,0
APP103985,36,676000.0,3.6,811000.0,36,7.07,616.0,2,0,0.4,MORTGAGE,business,1
APP103986,34,240000.0,,206000.0,12,6.6,711.0,1,0,0.858,MORTGAGE,medical,0
APP103987,24,621000.0,5.2,991000.0,48,6.4,776.0,1,0,0.399,RENT,personal,0
APP103988,39,621000.0,6.1,160000.0,36,8.01,727.0,2,0,0.086,OWN,personal,0
APP103989,42,525000.0,4.4,334000.0,60,10.18,668.0,3,1,0.127,RENT,medical,0
APP103990,54,680000.0,4.5,1031000.0,36,5.0,745.0,0,0,0.505,MORTGAGE,medical,0
APP103991,54,664000.0,3.5,544000.0,60,6.44,680.0,2,1,0.164,OWN,personal,0
APP103992,27,450000.0,8.2,271000.0,36,7.86,826.0,2,0,0.201,RENT,home_improvement,0
APP103993,33,530000.0,3.1,544000.0,60,11.37,689.0,1,0,0.205,OWN,business,0
APP103994,44,649000.0,2.1,723000.0,60,8.45,785.0,1,0,0.223,OWN,education,0
APP103995,36,365000.0,3.4,104000.0,48,5.71,649.0,1,1,0.071,OWN,debt_consolidation,0
APP103996,22,504000.0,5.8,265000.0,24,5.47,669.0,2,1,0.263,MORTGAGE,debt_consolidation,1
APP103997,59,312000.0,8.5,187000.0,84,9.67,638.0,2,1,0.086,MORTGAGE,business,0
APP103998,53,475000.0,16.4,241000.0,60,6.81,763.0,1,1,0.101,OWN,debt_consolidation,0
APP103999,44,661000.0,5.2,466000.0,60,5.0,751.0,2,1,0.141,MORTGAGE,debt_consolidation,0
APP104000,35,562000.0,13.7,357000.0,12,9.73,729.0,1,0,0.635,RENT,medical,1
APP104001,58,505000.0,2.9,611000.0,60,8.18,756.0,0,0,0.242,RENT,debt_consolidation,1
APP104002,22,404000.0,2.5,411000.0,24,5.0,714.0,2,0,0.509,MORTGAGE,home_improvement,0
APP104003,41,518000.0,6.8,400000.0,36,5.0,766.0,0,0,0.257,RENT,personal,0
APP104004,57,534000.0,7.5,235000.0,48,5.0,800.0,0,0,0.11,RENT,medical,0
APP104005,63,451000.0,5.7,343000.0,36,6.13,660.0,1,0,0.254,OWN,home_improvement,1
APP104006,32,462000.0,26.3,190000.0,24,8.17,678.0,1,1,0.206,RENT,medical,0
APP104007,50,697000.0,3.0,1067000.0,36,9.61,668.0,0,1,0.51,MORTGAGE,debt_consolidation,1
APP104008,29,505000.0,12.0,203000.0,36,8.43,683.0,1,1,0.134,MORTGAGE,home_improvement,0
APP104009,26,581000.0,2.5,811000.0,48,5.0,709.0,0,1,0.349,RENT,business,0
APP104010,36,497000.0,8.0,518000.0,24,6.88,728.0,1,0,0.521,MORTGAGE,education,0
APP104011,60,724000.0,5.1,960000.0,36,10.64,710.0,1,0,0.442,OWN,personal,0
APP104012,52,615000.0,6.0,885000.0,48,6.37,719.0,1,0,0.36,RENT,debt_consolidation,0
APP104013,43,596000.0,6.8,784000.0,84,9.19,672.0,2,2,0.188,OWN,education,1
APP104014,33,524000.0,5.2,526000.0,36,8.92,670.0,2,0,0.335,MORTGAGE,personal,0
APP104015,27,399000.0,4.5,214000.0,36,9.17,595.0,2,0,0.179,RENT,medical,1
APP104016,33,273000.0,0.8,302000.0,84,8.45,672.0,0,0,0.158,RENT,medical,0
APP104017,27,641000.0,9.5,101000.0,60,9.16,782.0,2,0,0.032,RENT,debt_consolidation,1
APP104018,29,681000.0,1.5,475000.0,48,5.0,535.0,2,1,0.174,RENT,personal,0
APP104019,51,848000.0,3.6,1182000.0,36,10.83,790.0,0,0,0.465,OWN,debt_consolidation,0
APP104020,26,399000.0,6.3,396000.0,24,5.0,692.0,1,0,0.496,RENT,personal,1
APP104021,23,300000.0,1.8,158000.0,48,8.19,752.0,2,0,0.132,OWN,medical,0
APP104022,45,491000.0,4.5,709000.0,60,7.39,645.0,0,1,0.289,MORTGAGE,debt_consolidation,0
APP104023,33,526000.0,8.7,91000.0,84,6.12,582.0,2,0,0.025,OWN,debt_consolidation,1
APP104024,41,530000.0,3.5,758000.0,24,5.35,680.0,0,0,0.715,RENT,debt_consolidation,1
APP104025,27,316000.0,4.5,395000.0,24,8.71,713.0,1,0,0.625,RENT,business,0
APP104026,30,234000.0,2.2,85000.0,60,9.26,709.0,1,1,0.073,MORTGAGE,home_improvement,1
APP104027,40,544000.0,3.9,131000.0,60,7.27,650.0,0,0,0.048,OWN,debt_consolidation,0
APP104028,52,120000.0,1.6,184000.0,48,6.86,716.0,0,1,0.383,OWN,medical,0
APP104029,39,537000.0,5.7,133000.0,24,10.32,724.0,1,0,0.124,MORTGAGE,medical,0
APP104030,45,393000.0,1.2,614000.0,48,6.57,642.0,2,1,0.391,RENT,business,1
APP104031,44,666000.0,2.9,506000.0,36,7.41,658.0,2,2,0.253,OWN,debt_consolidation,1
APP104032,33,666000.0,5.1,441000.0,36,7.05,717.0,2,0,0.221,MORTGAGE,personal,0
APP104033,33,659000.0,4.2,720000.0,24,12.94,702.0,3,1,0.546,MORTGAGE,home_improvement,1
APP104034,40,516000.0,6.5,449000.0,36,5.65,717.0,3,0,0.29,OWN,debt_consolidation,0
APP104035,22,266000.0,4.5,190000.0,36,9.33,699.0,4,0,0.238,OWN,business,0
APP104036,51,443000.0,0.8,478000.0,24,5.0,821.0,1,0,0.54,RENT,personal,0
APP104037,48,603000.0,,397000.0,36,5.39,599.0,2,0,0.219,RENT,home_improvement,0
APP104038,34,266000.0,4.9,53000.0,12,6.82,649.0,1,0,0.199,RENT,debt_consolidation,1
APP104039,37,806000.0,10.4,1085000.0,36,7.21,736.0,1,2,0.449,OWN,education,0
APP104040,35,520000.0,9.1,466000.0,84,6.9,584.0,2,2,0.128,OWN,personal,0
APP104041,50,935000.0,25.8,1071000.0,48,7.28,756.0,1,2,0.286,MORTGAGE,debt_consolidation,0
APP104042,55,351000.0,3.2,345000.0,12,5.98,735.0,1,0,0.983,RENT,personal,0
APP104043,25,363000.0,8.5,378000.0,48,10.33,600.0,1,2,0.26,OWN,debt_consolidation,0
APP104044,39,295000.0,8.1,138000.0,24,5.3,745.0,2,1,0.234,RENT,medical,1
APP104045,21,697000.0,14.0,1049000.0,36,9.14,786.0,3,0,0.502,RENT,home_improvement,0
APP104046,41,610000.0,11.5,488000.0,36,8.99,736.0,1,0,0.267,MORTGAGE,education,0
APP104047,32,601000.0,6.1,892000.0,60,5.41,718.0,1,0,0.297,RENT,education,0
APP104048,36,567000.0,7.6,748000.0,12,6.69,789.0,2,0,1.319,OWN,personal,1
APP104049,41,645000.0,6.6,770000.0,60,7.49,622.0,2,0,0.239,MORTGAGE,business,1
APP104050,35,467000.0,4.8,382000.0,48,11.19,759.0,1,0,0.204,RENT,home_improvement,0
APP104051,38,534000.0,7.2,98000.0,36,6.69,655.0,0,0,0.061,RENT,personal,0
APP104052,55,633000.0,5.6,384000.0,60,15.47,726.0,1,1,0.121,MORTGAGE,home_improvement,0
APP104053,57,718000.0,5.4,800000.0,36,9.19,724.0,0,0,0.371,RENT,personal,0
APP104054,21,615000.0,14.5,387000.0,48,8.26,729.0,2,0,0.157,MORTGAGE,education,0
APP104055,38,973000.0,6.1,286000.0,60,9.45,786.0,1,1,0.059,MORTGAGE,personal,1
APP104056,59,919000.0,5.2,828000.0,36,5.0,607.0,1,1,0.3,MORTGAGE,home_improvement,1
APP104057,44,299000.0,4.3,112000.0,12,10.08,759.0,1,0,0.375,MORTGAGE,personal,1
APP104058,30,457000.0,4.0,271000.0,60,5.0,696.0,0,1,0.119,OWN,personal,0
APP104059,47,492000.0,1.7,432000.0,24,9.41,729.0,0,0,0.439,RENT,personal,0
APP104060,27,662000.0,4.8,211000.0,60,6.2,740.0,1,1,0.064,RENT,debt_consolidation,1
APP104061,21,457000.0,10.7,143000.0,36,5.74,786.0,0,0,0.104,MORTGAGE,home_improvement,0
APP104062,49,651000.0,3.1,296000.0,36,11.4,,1,1,0.152,OWN,home_improvement,0
APP104063,44,168000.0,0.4,169000.0,36,7.28,673.0,0,0,0.335,OWN,debt_consolidation,0
APP104064,55,437000.0,7.0,657000.0,36,5.0,722.0,2,1,0.501,RENT,medical,1
APP104065,36,849000.0,5.8,422000.0,84,9.64,764.0,1,0,0.071,MORTGAGE,business,0
APP104066,59,783000.0,14.3,935000.0,24,5.0,767.0,1,0,0.597,OWN,personal,0
APP104067,39,369000.0,2.9,157000.0,48,10.49,761.0,0,0,0.106,MORTGAGE,medical,0
APP104068,54,628000.0,1.5,673000.0,36,7.46,700.0,0,1,0.357,MORTGAGE,home_improvement,1
APP104069,25,292000.0,4.2,102000.0,24,5.0,580.0,0,3,0.175,RENT,personal,1
APP104070,25,401000.0,3.6,552000.0,36,9.31,687.0,2,0,0.459,RENT,personal,1
APP104071,56,380000.0,1.0,466000.0,36,8.65,659.0,1,1,0.409,RENT,personal,0
APP104072,58,543000.0,5.3,617000.0,48,5.0,723.0,1,0,0.284,RENT,personal,0
APP104073,63,606000.0,3.4,104000.0,24,7.36,677.0,0,1,0.086,MORTGAGE,debt_consolidation,0
APP104074,35,779000.0,12.6,1062000.0,84,8.16,808.0,1,1,0.195,RENT,debt_consolidation,0
APP104075,22,516000.0,5.4,190000.0,36,8.03,738.0,2,0,0.123,RENT,personal,0
APP104076,65,767000.0,2.6,708000.0,60,7.09,713.0,1,0,0.185,MORTGAGE,personal,0
APP104077,48,593000.0,4.9,757000.0,12,9.14,708.0,1,1,1.277,MORTGAGE,home_improvement,1
APP104078,32,634000.0,5.7,676000.0,48,8.75,681.0,2,2,0.267,RENT,home_improvement,1
APP104079,55,539000.0,7.5,721000.0,36,7.57,845.0,1,0,0.446,RENT,home_improvement,0
APP104080,61,566000.0,5.0,667000.0,36,6.98,737.0,2,0,0.393,RENT,business,1
APP104081,33,726000.0,18.1,905000.0,60,7.83,678.0,0,2,0.249,OWN,education,0
APP104082,55,559000.0,1.7,326000.0,48,6.17,611.0,0,2,0.146,MORTGAGE,home_improvement,0
APP104083,56,625000.0,3.4,437000.0,36,5.25,721.0,2,0,0.233,OWN,home_improvement,0
APP104084,43,515000.0,2.6,452000.0,48,5.03,811.0,3,0,0.219,RENT,personal,0
APP104085,49,778000.0,3.8,778000.0,36,7.28,701.0,2,0,0.333,RENT,personal,1
APP104086,33,718000.0,6.2,828000.0,12,5.61,663.0,2,0,1.153,MORTGAGE,home_improvement,1
APP104087,62,599000.0,5.9,572000.0,48,7.15,758.0,0,1,0.239,RENT,education,1
APP104088,65,464000.0,7.3,548000.0,60,10.43,676.0,1,2,0.236,MORTGAGE,personal,0
APP104089,65,597000.0,5.3,220000.0,12,7.04,604.0,1,1,0.369,MORTGAGE,personal,1
APP104090,54,507000.0,5.6,366000.0,48,7.8,725.0,2,0,0.18,MORTGAGE,personal,1
APP104091,22,572000.0,5.4,843000.0,60,7.0,785.0,1,0,0.295,OWN,personal,0
APP104092,37,652000.0,3.5,303000.0,48,10.37,567.0,5,0,0.116,MORTGAGE,home_improvement,0
APP104093,41,381000.0,3.3,137000.0,36,11.15,710.0,0,2,0.12,RENT,debt_consolidation,0
APP104094,64,551000.0,2.5,678000.0,24,6.47,656.0,0,0,0.615,OWN,personal,0
APP104095,45,389000.0,7.6,168000.0,24,9.1,724.0,0,0,0.216,MORTGAGE,home_improvement,0
APP104096,45,547000.0,0.6,445000.0,36,12.1,658.0,1,1,0.271,MORTGAGE,business,0
APP104097,27,471000.0,5.5,557000.0,48,5.0,783.0,1,0,0.296,RENT,home_improvement,0
APP104098,56,808000.0,8.6,689000.0,36,9.66,755.0,1,1,0.284,RENT,personal,0
APP104099,36,663000.0,10.2,966000.0,36,5.0,657.0,1,0,0.486,RENT,personal,1
APP104100,25,496000.0,0.4,706000.0,48,7.57,602.0,1,0,0.356,MORTGAGE,debt_consolidation,1
APP104101,65,452000.0,3.6,397000.0,24,7.19,635.0,1,0,0.439,OWN,debt_consolidation,1
APP104102,29,362000.0,2.7,559000.0,48,5.0,684.0,1,2,0.386,OWN,debt_consolidation,1
APP104103,21,558000.0,3.3,320000.0,48,9.9,592.0,1,0,0.143,RENT,personal,1
APP104104,24,454000.0,11.7,222000.0,48,7.82,680.0,0,1,0.122,RENT,business,0
APP104105,41,284000.0,2.7,319000.0,36,5.46,694.0,3,2,0.374,RENT,education,1
APP104106,25,624000.0,8.6,612000.0,36,8.22,677.0,1,3,0.327,RENT,debt_consolidation,0
APP104107,58,577000.0,5.5,297000.0,36,9.49,620.0,2,0,0.172,MORTGAGE,business,0
APP104108,44,712000.0,3.2,490000.0,60,5.0,737.0,0,0,0.138,OWN,personal,0
APP104109,35,493000.0,3.0,241000.0,48,5.0,645.0,0,1,0.122,OWN,education,0
APP104110,21,406000.0,6.0,200000.0,48,7.41,696.0,0,0,0.123,OWN,business,1
APP104111,42,763000.0,4.7,521000.0,24,5.81,661.0,1,1,0.341,OWN,business,0
APP104112,27,227000.0,0.9,338000.0,60,10.44,679.0,2,0,0.298,MORTGAGE,home_improvement,1
APP104113,65,880000.0,2.1,1197000.0,36,6.69,692.0,3,0,0.453,MORTGAGE,debt_consolidation,0
APP104114,34,431000.0,6.1,385000.0,24,8.18,674.0,2,0,0.447,RENT,medical,1
APP104115,42,546000.0,1.6,460000.0,24,7.09,639.0,2,1,0.421,RENT,medical,1
APP104116,21,516000.0,9.5,101000.0,60,5.0,788.0,0,0,0.039,RENT,business,0
APP104117,26,356000.0,1.2,292000.0,48,7.57,714.0,1,0,0.205,MORTGAGE,home_improvement,1
APP104118,30,364000.0,4.0,384000.0,60,5.0,641.0,3,0,0.211,MORTGAGE,personal,0
APP104119,23,426000.0,7.8,545000.0,36,5.0,741.0,0,0,0.426,MORTGAGE,business,0
APP104120,53,440000.0,2.0,293000.0,60,5.09,633.0,1,0,0.133,RENT,personal,0
APP104121,63,940000.0,1.5,1394000.0,36,5.0,711.0,2,0,0.494,OWN,medical,0
APP104122,65,649000.0,6.8,888000.0,48,7.04,736.0,0,1,0.342,RENT,business,0
APP104123,32,721000.0,8.8,194000.0,12,6.64,773.0,1,0,0.269,RENT,medical,0
APP104124,56,790000.0,4.2,1153000.0,48,8.13,724.0,0,1,0.365,MORTGAGE,business,0
APP104125,43,604000.0,3.5,286000.0,48,5.0,667.0,0,0,0.118,OWN,education,0
APP104126,23,381000.0,1.1,567000.0,24,6.95,673.0,2,0,0.744,OWN,debt_consolidation,0
APP104127,25,491000.0,5.2,523000.0,24,6.44,747.0,2,1,0.533,RENT,business,0
APP104128,45,615000.0,0.8,460000.0,36,7.94,704.0,0,0,0.249,RENT,personal,0
APP104129,40,647000.0,11.8,507000.0,12,8.05,739.0,0,0,0.784,RENT,home_improvement,1
APP104130,21,194000.0,4.4,187000.0,48,7.84,748.0,2,0,0.241,RENT,education,0
APP104131,62,376000.0,2.2,516000.0,36,5.32,798.0,1,0,0.457,RENT,education,0
APP104132,53,829000.0,2.9,1130000.0,60,7.55,713.0,1,0,0.273,RENT,debt_consolidation,1
APP104133,43,179000.0,5.5,135000.0,36,6.37,645.0,1,2,0.251,OWN,business,1
APP104134,65,710000.0,3.4,981000.0,48,10.39,776.0,3,1,0.345,OWN,personal,0
APP104135,64,656000.0,4.8,547000.0,48,7.74,802.0,4,0,0.208,RENT,business,0
APP104136,64,681000.0,1.9,514000.0,48,7.67,,0,0,0.189,RENT,personal,0
APP104137,32,396000.0,10.4,199000.0,36,5.0,742.0,0,0,0.168,MORTGAGE,home_improvement,0
APP104138,60,699000.0,3.0,944000.0,36,6.2,758.0,2,0,0.45,RENT,business,0
APP104139,43,545000.0,0.5,572000.0,24,8.07,717.0,0,1,0.525,RENT,education,0
APP104140,53,1025000.0,3.6,794000.0,48,7.33,,2,0,0.194,RENT,debt_consolidation,0
APP104141,59,655000.0,2.6,727000.0,36,7.3,748.0,2,0,0.37,RENT,personal,0
APP104142,28,739000.0,9.9,1033000.0,36,5.0,658.0,2,1,0.466,RENT,personal,0
APP104143,41,298000.0,2.2,130000.0,60,5.71,722.0,4,1,0.087,RENT,personal,0
APP104144,26,599000.0,3.3,431000.0,48,6.9,745.0,2,0,0.18,RENT,business,0
APP104145,33,549000.0,5.6,385000.0,24,10.14,747.0,1,0,0.351,RENT,education,0
APP104146,39,613000.0,7.4,160000.0,36,5.0,720.0,1,0,0.087,OWN,education,0
APP104147,59,795000.0,12.4,504000.0,48,5.2,637.0,2,2,0.158,OWN,home_improvement,0
APP104148,59,889000.0,2.4,1115000.0,60,5.0,619.0,1,0,0.251,RENT,debt_consolidation,0
APP104149,38,653000.0,11.4,338000.0,60,8.22,637.0,1,0,0.104,RENT,medical,0
APP104150,35,459000.0,9.7,609000.0,36,10.11,647.0,0,0,0.442,OWN,business,0
APP104151,44,453000.0,2.6,695000.0,60,8.29,774.0,2,0,0.307,RENT,home_improvement,0
APP104152,62,772000.0,2.3,367000.0,24,8.77,688.0,0,0,0.238,MORTGAGE,home_improvement,0
APP104153,64,779000.0,6.5,580000.0,24,5.23,666.0,0,0,0.372,RENT,home_improvement,0
APP104154,31,263000.0,4.7,90000.0,12,8.31,715.0,1,0,0.342,OWN,home_improvement,0
APP104155,29,579000.0,6.5,668000.0,36,5.8,681.0,0,0,0.385,RENT,debt_consolidation,0
APP104156,52,444000.0,3.7,377000.0,36,7.63,697.0,1,0,0.283,RENT,debt_consolidation,1
APP104157,34,581000.0,5.1,583000.0,24,8.61,761.0,0,0,0.502,RENT,business,0
APP104158,29,356000.0,4.4,455000.0,12,6.86,674.0,1,1,1.278,RENT,education,1
APP104159,22,417000.0,6.4,532000.0,12,9.3,687.0,0,1,1.276,RENT,debt_consolidation,1
APP104160,39,430000.0,2.3,386000.0,60,7.14,723.0,0,0,0.18,OWN,education,0
APP104161,38,771000.0,5.4,1102000.0,48,8.1,645.0,1,0,0.357,RENT,education,0
APP104162,46,733000.0,12.2,1100000.0,48,11.66,723.0,1,1,0.375,RENT,personal,0
APP104163,30,760000.0,11.7,809000.0,60,8.59,,1,0,0.213,RENT,debt_consolidation,1
APP104164,53,1073000.0,5.9,221000.0,48,5.85,712.0,0,0,0.051,OWN,debt_consolidation,0
APP104165,51,589000.0,2.2,751000.0,12,6.44,712.0,2,0,1.275,RENT,personal,1
APP104166,41,916000.0,16.2,1322000.0,60,9.42,688.0,2,0,0.289,OWN,education,0
APP104167,29,396000.0,6.4,379000.0,36,9.79,684.0,1,0,0.319,OWN,personal,0
APP104168,43,877000.0,15.1,1022000.0,36,7.42,795.0,1,0,0.388,RENT,debt_consolidation,0
APP104169,51,514000.0,6.6,342000.0,60,5.0,668.0,2,2,0.133,OWN,personal,1
APP104170,37,473000.0,0.3,415000.0,24,5.41,720.0,1,1,0.439,RENT,personal,1
APP104171,32,716000.0,16.1,936000.0,36,7.9,767.0,0,0,0.436,RENT,home_improvement,0
APP104172,43,717000.0,8.7,1018000.0,60,8.78,618.0,3,3,0.284,RENT,personal,1
APP104173,36,335000.0,5.0,106000.0,36,9.71,797.0,0,0,0.105,MORTGAGE,personal,0
APP104174,39,365000.0,0.9,64000.0,36,5.0,615.0,1,0,0.058,RENT,business,1
APP104175,36,671000.0,9.4,464000.0,84,9.42,685.0,1,0,0.099,MORTGAGE,medical,1
APP104176,34,478000.0,6.6,343000.0,60,10.64,712.0,0,0,0.144,OWN,education,0
APP104177,53,589000.0,19.2,749000.0,60,5.0,752.0,1,0,0.254,MORTGAGE,personal,0
APP104178,41,656000.0,14.2,107000.0,24,7.49,732.0,0,0,0.082,MORTGAGE,personal,0
APP104179,41,657000.0,14.9,826000.0,60,9.17,733.0,0,1,0.251,RENT,debt_consolidation,0
APP104180,50,645000.0,5.7,598000.0,48,5.0,807.0,0,0,0.232,OWN,debt_consolidation,0
APP104181,37,619000.0,5.6,719000.0,48,6.4,659.0,1,0,0.29,RENT,education,0
APP104182,25,549000.0,6.6,488000.0,12,8.73,752.0,1,2,0.889,RENT,debt_consolidation,1
APP104183,59,522000.0,2.8,677000.0,36,6.35,714.0,0,0,0.432,MORTGAGE,debt_consolidation,0
APP104184,23,388000.0,5.1,304000.0,24,6.7,741.0,0,0,0.392,RENT,debt_consolidation,0
APP104185,46,717000.0,4.3,467000.0,60,7.99,721.0,1,0,0.13,RENT,debt_consolidation,1
APP104186,32,495000.0,11.2,531000.0,36,5.0,749.0,1,0,0.358,OWN,debt_consolidation,1
APP104187,30,524000.0,12.8,416000.0,48,5.15,766.0,2,1,0.198,MORTGAGE,education,0
APP104188,22,252000.0,8.0,149000.0,24,8.53,636.0,1,1,0.296,RENT,personal,1
APP104189,61,640000.0,2.4,944000.0,36,9.59,658.0,3,0,0.492,OWN,medical,0
APP104190,40,743000.0,16.8,891000.0,36,8.38,761.0,3,0,0.4,MORTGAGE,home_improvement,1
APP104191,36,282000.0,9.4,123000.0,60,10.49,686.0,1,0,0.087,RENT,education,1
APP104192,54,489000.0,6.3,598000.0,48,8.42,528.0,2,3,0.306,MORTGAGE,business,1
APP104193,22,258000.0,7.4,133000.0,24,11.56,733.0,1,1,0.258,MORTGAGE,education,1
APP104194,46,661000.0,1.4,513000.0,36,7.64,671.0,1,0,0.259,MORTGAGE,medical,1
APP104195,43,273000.0,4.3,127000.0,36,8.06,749.0,0,1,0.155,MORTGAGE,medical,0
APP104196,45,651000.0,11.9,205000.0,36,8.39,682.0,1,1,0.105,OWN,debt_consolidation,1
APP104197,26,529000.0,1.3,385000.0,36,6.12,683.0,2,3,0.243,RENT,debt_consolidation,1
APP104198,63,672000.0,1.3,642000.0,12,5.79,728.0,1,0,0.955,MORTGAGE,debt_consolidation,1
APP104199,31,483000.0,9.4,284000.0,24,5.52,644.0,0,2,0.294,OWN,personal,0
APP104200,51,693000.0,7.1,179000.0,48,6.28,667.0,0,0,0.065,RENT,medical,0
APP104201,54,745000.0,1.3,381000.0,36,12.06,692.0,2,0,0.17,RENT,home_improvement,0
APP104202,36,498000.0,4.0,252000.0,12,11.51,676.0,3,1,0.506,RENT,business,1
APP104203,26,146000.0,6.3,147000.0,48,6.78,688.0,1,0,0.252,MORTGAGE,medical,0
APP104204,34,696000.0,5.8,389000.0,36,6.57,660.0,0,0,0.186,RENT,personal,0
APP104205,57,732000.0,6.7,676000.0,24,5.0,712.0,1,0,0.462,OWN,business,0
APP104206,61,657000.0,3.8,547000.0,12,5.31,756.0,0,2,0.833,RENT,debt_consolidation,1
APP104207,63,403000.0,6.0,216000.0,36,5.72,,1,0,0.179,RENT,home_improvement,0
APP104208,31,486000.0,7.9,595000.0,60,6.53,672.0,0,1,0.245,OWN,medical,0
APP104209,48,497000.0,7.5,556000.0,24,6.25,743.0,0,0,0.559,MORTGAGE,business,1
APP104210,27,276000.0,3.9,314000.0,84,7.97,706.0,0,2,0.163,RENT,personal,1
APP104211,52,644000.0,8.5,501000.0,36,9.2,631.0,3,1,0.259,OWN,home_improvement,1
APP104212,39,430000.0,2.2,262000.0,48,5.9,701.0,1,0,0.152,RENT,business,1
APP104213,53,532000.0,2.9,535000.0,84,10.66,653.0,1,2,0.144,RENT,education,0
APP104214,51,780000.0,9.4,1202000.0,24,8.26,662.0,3,1,0.771,RENT,debt_consolidation,1
APP104215,65,779000.0,8.4,607000.0,48,9.45,632.0,1,1,0.195,RENT,personal,0
APP104216,42,478000.0,4.2,533000.0,36,6.53,737.0,0,1,0.372,RENT,education,0
APP104217,36,407000.0,,322000.0,12,8.7,601.0,1,0,0.791,OWN,medical,0
APP104218,44,484000.0,3.2,727000.0,60,8.5,681.0,1,0,0.3,MORTGAGE,debt_consolidation,0
APP104219,28,473000.0,7.7,253000.0,12,10.73,612.0,3,2,0.535,RENT,education,1
APP104220,26,574000.0,6.7,468000.0,60,8.94,666.0,1,1,0.163,RENT,business,0
APP104221,44,390000.0,2.7,338000.0,60,9.38,778.0,0,1,0.173,RENT,education,0
APP104222,58,916000.0,8.3,1105000.0,48,6.34,619.0,5,2,0.302,OWN,personal,1
APP104223,44,650000.0,4.0,777000.0,48,10.13,778.0,1,0,0.299,RENT,education,0
APP104224,56,203000.0,2.3,248000.0,60,5.0,732.0,0,0,0.244,MORTGAGE,debt_consolidation,0
APP104225,29,479000.0,3.5,581000.0,12,6.24,752.0,0,0,1.213,RENT,education,1
APP104226,41,717000.0,5.4,596000.0,48,8.12,715.0,0,0,0.208,OWN,business,0
APP104227,48,694000.0,8.1,261000.0,24,5.0,767.0,1,0,0.188,MORTGAGE,home_improvement,1
APP104228,36,497000.0,7.7,702000.0,12,5.47,674.0,0,1,1.412,MORTGAGE,business,1
APP104229,21,422000.0,4.6,262000.0,36,5.47,705.0,0,0,0.207,OWN,education,0
APP104230,24,490000.0,5.8,152000.0,36,8.33,,2,1,0.103,OWN,debt_consolidation,0
APP104231,62,789000.0,4.3,266000.0,24,7.15,671.0,0,0,0.169,MORTGAGE,personal,0
APP104232,48,358000.0,2.7,311000.0,48,9.62,687.0,1,1,0.217,OWN,personal,0
APP104233,32,409000.0,4.8,314000.0,36,11.64,759.0,2,0,0.256,OWN,home_improvement,0
APP104234,32,699000.0,0.9,777000.0,60,8.09,703.0,0,0,0.222,RENT,personal,0
APP104235,22,543000.0,13.0,563000.0,60,6.37,702.0,0,0,0.207,MORTGAGE,medical,1
APP104236,63,926000.0,5.7,283000.0,60,8.31,783.0,0,2,0.061,MORTGAGE,education,0
APP104237,25,931000.0,6.9,540000.0,60,5.53,647.0,1,2,0.116,OWN,personal,0
APP104238,55,540000.0,,783000.0,60,7.36,766.0,0,0,0.29,OWN,medical,0
APP104239,31,325000.0,5.7,410000.0,24,12.92,723.0,1,0,0.631,OWN,business,1
APP104240,36,503000.0,6.4,710000.0,24,7.05,792.0,0,0,0.706,RENT,medical,0
APP104241,33,663000.0,4.2,121000.0,36,8.17,726.0,0,0,0.061,OWN,debt_consolidation,1
APP104242,58,835000.0,4.3,1230000.0,36,7.14,726.0,0,0,0.491,MORTGAGE,debt_consolidation,0
APP104243,22,742000.0,1.6,1038000.0,60,6.6,720.0,0,0,0.28,OWN,personal,0
APP104244,36,650000.0,15.8,524000.0,36,8.56,738.0,0,0,0.269,RENT,debt_consolidation,1
APP104245,33,555000.0,2.8,625000.0,60,5.0,711.0,2,0,0.225,RENT,business,1
APP104246,33,378000.0,3.1,206000.0,36,7.13,684.0,0,0,0.182,RENT,medical,1
APP104247,29,210000.0,13.5,232000.0,60,5.0,774.0,0,0,0.221,MORTGAGE,home_improvement,0
APP104248,62,701000.0,7.1,917000.0,12,10.9,883.0,0,0,1.308,RENT,home_improvement,1
APP104249,38,403000.0,8.2,343000.0,36,9.67,667.0,2,0,0.284,MORTGAGE,debt_consolidation,0
APP104250,39,599000.0,1.5,114000.0,60,5.81,740.0,0,0,0.038,MORTGAGE,personal,0
APP104251,38,263000.0,5.6,198000.0,36,5.0,732.0,0,0,0.251,OWN,personal,0
APP104252,65,547000.0,1.5,657000.0,48,8.58,661.0,0,0,0.3,RENT,home_improvement,0
APP104253,36,536000.0,2.5,627000.0,36,7.4,750.0,2,0,0.39,OWN,home_improvement,0
APP104254,36,729000.0,17.3,623000.0,60,12.44,,0,2,0.171,RENT,debt_consolidation,0
APP104255,35,478000.0,2.1,755000.0,48,10.58,640.0,2,1,0.395,RENT,debt_consolidation,1
APP104256,35,835000.0,7.9,267000.0,60,8.9,793.0,2,0,0.064,RENT,medical,0
APP104257,25,663000.0,2.3,252000.0,36,6.34,660.0,2,1,0.127,RENT,education,0
APP104258,48,465000.0,2.5,244000.0,48,6.92,771.0,2,0,0.131,MORTGAGE,medical,0
APP104259,22,915000.0,24.3,1203000.0,36,8.16,789.0,1,0,0.438,MORTGAGE,personal,0
APP104260,31,756000.0,4.6,950000.0,36,8.28,734.0,0,0,0.419,MORTGAGE,personal,0
APP104261,30,428000.0,1.4,544000.0,48,5.94,721.0,1,1,0.318,RENT,debt_consolidation,0
APP104262,34,558000.0,8.1,795000.0,24,5.0,779.0,0,0,0.712,RENT,personal,1
APP104263,55,708000.0,11.3,561000.0,60,11.74,724.0,1,0,0.158,RENT,personal,0
APP104264,47,538000.0,8.6,329000.0,36,7.57,689.0,0,1,0.204,OWN,personal,0
APP104265,65,610000.0,4.3,623000.0,12,8.43,758.0,2,0,1.021,MORTGAGE,personal,1
APP104266,36,718000.0,4.5,534000.0,48,5.61,836.0,2,1,0.186,MORTGAGE,personal,0
APP104267,62,727000.0,3.3,661000.0,48,10.51,619.0,2,0,0.227,RENT,personal,1
APP104268,23,328000.0,1.9,116000.0,48,9.79,653.0,1,0,0.088,RENT,business,0
APP104269,43,445000.0,6.3,323000.0,84,7.63,653.0,3,0,0.104,RENT,debt_consolidation,1
APP104270,56,523000.0,4.2,437000.0,36,7.96,675.0,4,0,0.279,RENT,debt_consolidation,1
APP104271,44,507000.0,1.5,140000.0,84,8.13,614.0,3,1,0.039,OWN,education,1
APP104272,62,815000.0,4.7,1297000.0,36,7.72,763.0,0,0,0.53,OWN,education,0
APP104273,35,365000.0,2.8,75000.0,36,8.73,637.0,1,0,0.068,OWN,personal,0
APP104274,22,590000.0,6.1,875000.0,48,8.33,691.0,2,0,0.371,MORTGAGE,medical,0
APP104275,55,678000.0,5.7,181000.0,24,7.11,676.0,0,1,0.133,MORTGAGE,business,0
APP104276,24,460000.0,3.7,642000.0,84,5.0,782.0,0,0,0.199,OWN,debt_consolidation,0
APP104277,55,793000.0,4.9,749000.0,36,7.44,699.0,0,1,0.315,RENT,personal,0
APP104278,54,763000.0,5.2,332000.0,12,9.15,657.0,0,0,0.435,MORTGAGE,debt_consolidation,1
APP104279,58,500000.0,9.4,243000.0,48,8.98,728.0,3,0,0.122,RENT,business,1
APP104280,42,397000.0,4.8,262000.0,24,10.39,670.0,1,0,0.33,RENT,debt_consolidation,1
APP104281,61,621000.0,3.3,808000.0,12,10.62,624.0,1,1,1.301,RENT,personal,1
APP104282,28,519000.0,4.0,189000.0,12,9.04,743.0,2,1,0.364,RENT,education,0
APP104283,40,875000.0,15.0,439000.0,60,7.91,671.0,3,1,0.1,RENT,personal,0
APP104284,26,443000.0,2.3,511000.0,12,8.26,743.0,1,0,1.153,RENT,medical,1
APP104285,55,886000.0,4.2,922000.0,36,6.24,702.0,0,0,0.347,OWN,education,0
APP104286,53,512000.0,4.2,389000.0,36,9.26,668.0,2,2,0.253,RENT,debt_consolidation,1
APP104287,57,563000.0,4.3,134000.0,60,10.41,741.0,1,2,0.048,MORTGAGE,home_improvement,0
APP104288,55,556000.0,1.8,534000.0,60,9.79,725.0,1,0,0.192,MORTGAGE,debt_consolidation,0
APP104289,34,379000.0,4.0,183000.0,60,8.72,671.0,1,1,0.097,RENT,home_improvement,1
APP104290,24,606000.0,3.2,629000.0,36,6.97,654.0,0,0,0.346,MORTGAGE,education,0
APP104291,62,280000.0,6.1,153000.0,36,6.72,744.0,1,1,0.182,MORTGAGE,business,0
APP104292,43,556000.0,10.3,874000.0,60,7.15,739.0,0,1,0.314,RENT,home_improvement,0
APP104293,25,649000.0,6.4,653000.0,24,5.89,705.0,2,1,0.503,RENT,home_improvement,0
APP104294,62,640000.0,5.4,626000.0,24,8.1,670.0,0,2,0.489,MORTGAGE,home_improvement,1
APP104295,65,884000.0,6.9,1205000.0,60,5.0,796.0,0,0,0.273,RENT,personal,0
APP104296,41,894000.0,5.7,1422000.0,12,6.31,670.0,1,1,1.591,MORTGAGE,education,1
APP104297,55,651000.0,4.9,833000.0,36,7.65,751.0,1,0,0.427,RENT,personal,0
APP104298,22,668000.0,9.2,675000.0,24,13.0,810.0,0,1,0.505,RENT,education,0
APP104299,25,810000.0,3.9,1136000.0,12,7.51,,3,0,1.402,OWN,home_improvement,1
APP104300,33,530000.0,1.8,219000.0,84,7.59,649.0,0,2,0.059,RENT,education,0
APP104301,50,580000.0,3.1,730000.0,24,5.67,696.0,0,0,0.629,MORTGAGE,personal,0
APP104302,27,581000.0,2.8,660000.0,36,11.28,666.0,0,1,0.379,OWN,debt_consolidation,0
APP104303,22,772000.0,17.7,746000.0,24,5.71,739.0,2,0,0.483,MORTGAGE,personal,1
APP104304,51,679000.0,10.7,955000.0,36,11.97,832.0,0,0,0.469,RENT,education,0
APP104305,55,572000.0,5.4,674000.0,60,5.87,746.0,1,0,0.236,RENT,personal,0
APP104306,54,866000.0,2.9,1030000.0,48,9.57,709.0,0,1,0.297,RENT,debt_consolidation,1
APP104307,56,655000.0,9.1,962000.0,36,7.38,700.0,2,1,0.49,MORTGAGE,education,1
APP104308,57,835000.0,5.3,972000.0,36,6.26,636.0,1,0,0.388,OWN,personal,0
APP104309,48,624000.0,3.9,325000.0,24,9.72,685.0,1,1,0.26,RENT,debt_consolidation,1
APP104310,44,852000.0,5.3,355000.0,36,10.42,662.0,2,0,0.139,RENT,business,0
APP104311,59,525000.0,4.0,469000.0,60,7.09,802.0,1,0,0.179,RENT,debt_consolidation,0
APP104312,36,420000.0,6.8,206000.0,60,7.45,668.0,2,0,0.098,RENT,home_improvement,1
APP104313,25,547000.0,1.6,637000.0,12,6.59,622.0,0,1,1.165,RENT,personal,1
APP104314,54,486000.0,6.8,667000.0,60,7.99,630.0,1,0,0.274,RENT,personal,1
APP104315,33,513000.0,4.0,294000.0,60,5.09,667.0,2,0,0.115,OWN,medical,1
APP104316,65,983000.0,9.2,1449000.0,60,5.0,524.0,3,1,0.295,MORTGAGE,business,1
APP104317,39,347000.0,10.9,428000.0,60,5.0,752.0,0,0,0.247,RENT,medical,0
APP104318,59,814000.0,12.5,1288000.0,84,7.01,749.0,1,0,0.226,RENT,business,0
APP104319,22,787000.0,18.6,345000.0,12,5.15,679.0,2,0,0.438,MORTGAGE,debt_consolidation,1
APP104320,50,693000.0,12.2,568000.0,36,7.24,764.0,0,1,0.273,MORTGAGE,medical,0
APP104321,41,465000.0,9.0,501000.0,84,6.37,720.0,1,0,0.154,RENT,education,0
APP104322,41,479000.0,1.9,602000.0,36,5.95,687.0,0,1,0.419,MORTGAGE,home_improvement,1
APP104323,32,321000.0,0.4,473000.0,48,6.07,751.0,2,0,0.368,RENT,debt_consolidation,1
APP104324,64,763000.0,9.9,1101000.0,36,9.63,802.0,0,0,0.481,OWN,education,0
APP104325,38,466000.0,2.5,229000.0,24,8.02,669.0,0,0,0.246,OWN,debt_consolidation,1
APP104326,59,851000.0,27.0,649000.0,84,10.94,695.0,0,0,0.109,MORTGAGE,debt_consolidation,0
APP104327,40,574000.0,1.2,684000.0,36,7.73,637.0,1,2,0.397,MORTGAGE,education,1
APP104328,23,730000.0,8.8,250000.0,36,5.0,814.0,1,0,0.114,OWN,personal,0
APP104329,60,728000.0,5.7,1122000.0,24,5.2,661.0,0,1,0.771,MORTGAGE,home_improvement,1
APP104330,29,642000.0,1.4,792000.0,84,7.75,749.0,3,0,0.176,MORTGAGE,home_improvement,0
APP104331,33,753000.0,5.7,1018000.0,24,8.03,678.0,0,0,0.676,RENT,home_improvement,1
APP104332,59,548000.0,2.7,803000.0,60,6.21,699.0,2,0,0.293,RENT,personal,0
APP104333,61,714000.0,4.7,291000.0,36,5.75,680.0,2,0,0.136,RENT,home_improvement,0
APP104334,62,615000.0,4.7,469000.0,84,6.16,743.0,1,0,0.109,RENT,debt_consolidation,0
APP104335,40,301000.0,2.8,330000.0,36,7.18,725.0,1,0,0.365,OWN,education,1
APP104336,55,678000.0,3.7,910000.0,60,7.39,678.0,0,0,0.268,RENT,personal,1
APP104337,35,332000.0,2.5,405000.0,48,5.08,698.0,0,0,0.305,OWN,business,0
APP104338,54,657000.0,0.9,214000.0,24,8.04,617.0,2,1,0.163,MORTGAGE,personal,1
APP104339,43,339000.0,5.4,368000.0,36,8.02,734.0,1,0,0.362,RENT,personal,0
APP104340,23,560000.0,12.2,323000.0,60,7.26,660.0,0,1,0.115,RENT,personal,0
APP104341,39,281000.0,2.7,208000.0,48,5.98,722.0,1,0,0.185,RENT,personal,1
APP104342,42,799000.0,16.3,1272000.0,36,8.98,756.0,2,0,0.531,RENT,business,1
APP104343,32,605000.0,18.5,229000.0,24,10.41,738.0,3,1,0.189,RENT,personal,0
APP104344,37,441000.0,3.5,133000.0,60,6.51,736.0,0,1,0.06,RENT,business,0
APP104345,43,727000.0,4.2,540000.0,48,6.12,719.0,0,1,0.186,RENT,home_improvement,0
APP104346,23,383000.0,3.6,537000.0,48,8.53,584.0,0,3,0.351,RENT,medical,1
APP104347,27,451000.0,1.9,174000.0,36,5.0,676.0,0,0,0.129,RENT,debt_consolidation,1
APP104348,55,601000.0,4.2,160000.0,36,5.0,643.0,1,1,0.089,MORTGAGE,personal,0
APP104349,36,588000.0,3.8,445000.0,36,6.07,715.0,1,0,0.252,OWN,debt_consolidation,1
APP104350,48,758000.0,5.3,809000.0,12,8.18,782.0,1,0,1.067,RENT,personal,1
APP104351,46,717000.0,5.5,268000.0,84,5.56,619.0,2,2,0.053,RENT,home_improvement,0
APP104352,45,472000.0,1.8,621000.0,36,7.46,707.0,0,0,0.439,RENT,business,1
APP104353,39,757000.0,7.6,1042000.0,36,5.0,746.0,3,1,0.459,OWN,education,0
APP104354,42,415000.0,4.2,377000.0,36,8.86,625.0,0,1,0.303,RENT,personal,1
APP104355,58,512000.0,2.1,99000.0,36,10.67,743.0,1,2,0.064,RENT,personal,1
APP104356,64,664000.0,4.1,597000.0,48,5.5,744.0,2,0,0.225,OWN,home_improvement,0
APP104357,32,667000.0,5.7,307000.0,48,8.48,693.0,0,0,0.115,RENT,personal,1
APP104358,51,545000.0,13.7,434000.0,60,7.04,720.0,1,0,0.159,RENT,business,0
APP104359,64,915000.0,12.3,1145000.0,12,7.73,773.0,1,2,1.251,OWN,personal,1
APP104360,21,407000.0,3.3,93000.0,60,6.96,662.0,1,1,0.046,MORTGAGE,business,0
APP104361,56,574000.0,4.4,86000.0,84,6.83,768.0,0,0,0.021,RENT,personal,0
APP104362,43,703000.0,2.5,241000.0,84,5.67,828.0,1,0,0.049,RENT,education,0
APP104363,64,589000.0,6.3,127000.0,24,5.1,693.0,1,1,0.108,RENT,home_improvement,0
APP104364,47,916000.0,3.4,483000.0,36,9.92,698.0,0,1,0.176,RENT,debt_consolidation,1
APP104365,58,623000.0,4.3,459000.0,60,5.0,813.0,1,1,0.147,OWN,debt_consolidation,0
APP104366,28,562000.0,10.1,720000.0,48,7.46,671.0,1,0,0.32,RENT,debt_consolidation,1
APP104367,27,665000.0,1.8,129000.0,12,7.36,658.0,1,2,0.194,RENT,personal,0
APP104368,62,796000.0,12.3,525000.0,60,7.4,750.0,2,0,0.132,RENT,personal,0
APP104369,44,774000.0,6.8,1159000.0,60,8.96,622.0,3,0,0.299,RENT,personal,1
APP104370,46,376000.0,11.9,371000.0,60,6.68,,0,1,0.197,MORTGAGE,debt_consolidation,1
APP104371,28,452000.0,,610000.0,36,8.94,668.0,1,1,0.45,MORTGAGE,debt_consolidation,1
APP104372,31,610000.0,9.5,519000.0,48,11.87,743.0,2,0,0.213,RENT,debt_consolidation,1
APP104373,57,815000.0,5.1,237000.0,48,7.17,695.0,1,0,0.073,OWN,home_improvement,0
APP104374,34,593000.0,2.0,250000.0,36,5.0,636.0,3,2,0.141,OWN,medical,1
APP104375,47,671000.0,3.1,838000.0,60,7.19,695.0,2,2,0.25,OWN,debt_consolidation,0
APP104376,35,650000.0,2.6,912000.0,24,6.97,721.0,1,1,0.702,MORTGAGE,debt_consolidation,1
APP104377,32,522000.0,0.7,432000.0,24,8.38,609.0,0,0,0.414,RENT,education,1
APP104378,28,218000.0,10.1,188000.0,60,5.0,732.0,2,0,0.172,OWN,education,0
APP104379,62,895000.0,4.7,718000.0,36,8.21,751.0,1,0,0.267,RENT,debt_consolidation,0
APP104380,63,531000.0,2.4,94000.0,12,6.57,692.0,0,1,0.177,RENT,business,0
APP104381,26,669000.0,18.0,193000.0,60,9.27,785.0,0,0,0.058,OWN,debt_consolidation,1
APP104382,36,772000.0,23.2,1226000.0,60,6.36,781.0,0,1,0.318,RENT,business,0
APP104383,46,552000.0,1.6,116000.0,60,9.41,741.0,0,0,0.042,RENT,debt_consolidation,0
APP104384,38,362000.0,4.2,237000.0,36,5.0,723.0,0,0,0.218,OWN,business,0
APP104385,53,325000.0,4.0,374000.0,48,7.54,733.0,1,0,0.288,RENT,debt_consolidation,1
APP104386,32,319000.0,2.3,244000.0,12,5.36,579.0,2,0,0.765,MORTGAGE,business,0
APP104387,23,631000.0,9.9,994000.0,12,6.43,808.0,1,0,1.575,OWN,debt_consolidation,1
APP104388,36,257000.0,0.7,51000.0,24,13.48,785.0,1,0,0.099,OWN,education,0
APP104389,47,581000.0,,824000.0,36,5.41,773.0,2,1,0.473,OWN,business,0
APP104390,29,550000.0,5.3,190000.0,48,6.68,692.0,2,1,0.086,RENT,personal,0
APP104391,57,643000.0,17.1,287000.0,24,5.0,768.0,2,0,0.223,OWN,debt_consolidation,0
APP104392,21,353000.0,4.9,323000.0,60,6.82,729.0,1,0,0.183,RENT,education,1
APP104393,24,454000.0,4.0,642000.0,84,7.17,718.0,0,1,0.202,MORTGAGE,personal,0
APP104394,43,676000.0,10.5,507000.0,24,5.88,770.0,2,1,0.375,RENT,personal,0
APP104395,44,561000.0,17.0,323000.0,60,10.97,630.0,3,0,0.115,RENT,debt_consolidation,0
APP104396,34,658000.0,15.2,482000.0,48,10.04,757.0,2,0,0.183,RENT,medical,0
APP104397,32,515000.0,1.1,148000.0,36,5.42,648.0,0,1,0.096,MORTGAGE,personal,1
APP104398,24,354000.0,12.6,483000.0,36,9.3,682.0,0,0,0.455,OWN,business,1
APP104399,50,628000.0,3.8,928000.0,48,6.44,684.0,1,1,0.369,OWN,debt_consolidation,0
APP104400,38,425000.0,4.5,480000.0,24,5.0,651.0,1,0,0.565,RENT,home_improvement,0
APP104401,26,470000.0,3.8,374000.0,48,5.92,650.0,1,0,0.199,RENT,business,0
APP104402,38,624000.0,3.1,649000.0,24,5.0,598.0,1,1,0.52,OWN,business,1
APP104403,63,652000.0,4.2,620000.0,12,9.57,693.0,1,0,0.951,OWN,business,1
APP104404,32,605000.0,2.2,136000.0,36,5.57,708.0,2,1,0.075,OWN,medical,1
APP104405,61,887000.0,12.7,640000.0,24,10.33,727.0,4,1,0.361,MORTGAGE,personal,0
APP104406,32,678000.0,8.3,747000.0,48,7.81,827.0,2,0,0.275,MORTGAGE,business,0
APP104407,29,556000.0,6.0,767000.0,48,6.61,682.0,0,1,0.345,RENT,personal,0
APP104408,32,653000.0,3.8,438000.0,24,6.4,743.0,0,1,0.335,RENT,personal,0
APP104409,35,556000.0,3.2,744000.0,60,11.36,690.0,2,1,0.268,OWN,business,1
APP104410,26,240000.0,7.0,299000.0,36,7.52,678.0,4,1,0.415,MORTGAGE,education,1
APP104411,47,488000.0,6.2,731000.0,48,6.39,726.0,3,0,0.374,MORTGAGE,home_improvement,0
APP104412,36,566000.0,11.0,897000.0,24,9.38,786.0,0,0,0.792,OWN,home_improvement,0
APP104413,53,595000.0,3.3,125000.0,24,8.79,725.0,0,1,0.105,RENT,debt_consolidation,0
APP104414,43,598000.0,3.0,469000.0,60,5.33,704.0,0,0,0.157,RENT,medical,1
APP104415,40,466000.0,8.1,593000.0,60,7.51,703.0,1,2,0.255,MORTGAGE,debt_consolidation,1
APP104416,42,915000.0,9.3,1229000.0,36,5.0,686.0,2,0,0.448,MORTGAGE,home_improvement,1
APP104417,28,668000.0,22.1,180000.0,36,7.43,667.0,5,3,0.09,RENT,debt_consolidation,1
APP104418,53,579000.0,1.0,596000.0,48,8.19,719.0,1,0,0.257,OWN,medical,0
APP104419,25,458000.0,13.2,665000.0,24,8.49,598.0,2,1,0.726,RENT,home_improvement,1
APP104420,53,485000.0,5.6,232000.0,60,5.3,687.0,1,1,0.096,MORTGAGE,personal,0
APP104421,65,662000.0,3.4,433000.0,12,5.88,769.0,1,0,0.654,RENT,debt_consolidation,1
APP104422,55,669000.0,7.1,483000.0,24,8.04,718.0,1,0,0.361,MORTGAGE,home_improvement,0
APP104423,41,566000.0,6.9,409000.0,24,10.25,728.0,2,0,0.361,OWN,business,0
APP104424,35,750000.0,3.5,723000.0,36,7.7,636.0,1,2,0.321,OWN,personal,0
APP104425,60,604000.0,1.1,144000.0,60,6.27,661.0,2,1,0.048,MORTGAGE,medical,0
APP104426,32,588000.0,13.2,753000.0,48,9.63,790.0,1,0,0.32,RENT,debt_consolidation,0
APP104427,42,658000.0,2.8,216000.0,24,7.78,693.0,1,0,0.164,RENT,debt_consolidation,0
APP104428,55,584000.0,2.5,776000.0,12,7.89,598.0,4,1,1.329,OWN,debt_consolidation,1
APP104429,62,739000.0,3.0,129000.0,36,9.25,597.0,1,0,0.058,MORTGAGE,debt_consolidation,0
APP104430,62,538000.0,9.0,695000.0,48,7.29,696.0,0,0,0.323,RENT,home_improvement,0
APP104431,24,250000.0,3.9,166000.0,48,5.45,667.0,0,0,0.166,RENT,business,1
APP104432,61,672000.0,3.1,740000.0,24,7.16,635.0,1,0,0.551,RENT,debt_consolidation,0
APP104433,26,452000.0,6.7,185000.0,60,9.95,647.0,3,0,0.082,MORTGAGE,medical,1
APP104434,47,484000.0,6.1,449000.0,48,11.66,641.0,1,1,0.232,MORTGAGE,education,0
APP104435,62,679000.0,3.2,396000.0,84,5.0,659.0,1,0,0.083,MORTGAGE,debt_consolidation,0
APP104436,50,595000.0,1.1,93000.0,36,11.1,770.0,0,1,0.052,MORTGAGE,personal,0
APP104437,63,628000.0,8.9,755000.0,36,6.69,638.0,1,0,0.401,RENT,education,0
APP104438,36,461000.0,6.1,157000.0,24,7.55,,3,1,0.17,RENT,debt_consolidation,1
APP104439,35,501000.0,0.7,758000.0,60,11.24,,0,0,0.303,OWN,debt_consolidation,1
APP104440,35,481000.0,14.5,451000.0,12,6.6,783.0,0,0,0.938,MORTGAGE,education,0
APP104441,36,384000.0,0.7,59000.0,36,6.9,691.0,0,1,0.051,RENT,medical,0
APP104442,51,667000.0,2.6,1014000.0,36,6.09,795.0,0,0,0.507,RENT,education,0
APP104443,41,526000.0,2.8,180000.0,36,7.58,689.0,1,1,0.114,MORTGAGE,home_improvement,1
APP104444,54,541000.0,3.2,735000.0,48,8.19,687.0,0,1,0.34,RENT,education,0
APP104445,39,386000.0,3.1,242000.0,48,5.99,790.0,0,0,0.157,MORTGAGE,medical,0
APP104446,34,322000.0,1.7,314000.0,24,10.69,686.0,0,1,0.488,RENT,personal,1
APP104447,29,473000.0,5.7,644000.0,48,5.86,644.0,0,0,0.34,OWN,debt_consolidation,0
APP104448,45,943000.0,9.9,210000.0,60,8.6,767.0,0,0,0.045,OWN,debt_consolidation,0
APP104449,61,769000.0,5.7,874000.0,12,7.56,791.0,0,0,1.137,RENT,personal,1
APP104450,59,481000.0,6.4,176000.0,12,10.24,712.0,1,1,0.366,RENT,medical,1
APP104451,32,595000.0,3.9,707000.0,84,5.73,671.0,1,1,0.17,OWN,business,0
APP104452,42,454000.0,5.5,174000.0,36,8.76,699.0,2,1,0.128,MORTGAGE,education,0
APP104453,52,642000.0,6.7,117000.0,36,12.83,771.0,0,0,0.061,RENT,personal,0
APP104454,48,549000.0,8.3,206000.0,36,5.0,615.0,1,2,0.125,RENT,personal,1
APP104455,24,732000.0,2.9,774000.0,36,5.52,596.0,2,0,0.352,MORTGAGE,medical,1
APP104456,47,393000.0,2.6,621000.0,48,12.08,718.0,0,0,0.395,RENT,education,0
APP104457,22,435000.0,0.5,677000.0,48,7.2,778.0,0,0,0.389,RENT,personal,0
APP104458,26,511000.0,17.3,629000.0,36,7.75,656.0,4,0,0.41,RENT,business,0
APP104459,50,860000.0,16.6,1157000.0,24,6.77,674.0,1,0,0.673,MORTGAGE,business,0
APP104460,25,502000.0,4.8,711000.0,36,11.14,713.0,0,1,0.472,RENT,debt_consolidation,1
APP104461,36,714000.0,5.0,654000.0,36,5.0,708.0,1,0,0.305,OWN,medical,0
APP104462,47,805000.0,13.8,388000.0,48,10.22,673.0,1,1,0.12,RENT,education,1
APP104463,50,466000.0,1.7,517000.0,48,5.0,731.0,0,2,0.277,OWN,personal,0
APP104464,41,962000.0,2.4,342000.0,60,5.0,688.0,0,0,0.071,OWN,home_improvement,1
APP104465,25,656000.0,14.4,890000.0,12,5.11,769.0,0,0,1.357,RENT,personal,1
APP104466,56,550000.0,3.9,411000.0,24,7.22,765.0,1,0,0.374,OWN,debt_consolidation,0
APP104467,63,684000.0,2.1,367000.0,60,5.93,676.0,1,1,0.107,RENT,personal,0
APP104468,60,789000.0,7.0,1083000.0,48,5.8,780.0,0,0,0.343,MORTGAGE,personal,0
APP104469,54,698000.0,2.9,217000.0,12,5.46,754.0,1,0,0.311,MORTGAGE,business,0
APP104470,39,711000.0,12.7,1112000.0,84,5.5,737.0,2,0,0.223,OWN,business,0
APP104471,60,821000.0,5.5,1255000.0,48,5.45,673.0,1,1,0.382,RENT,business,1
APP104472,42,668000.0,3.0,690000.0,36,8.02,787.0,2,0,0.344,RENT,personal,0
APP104473,27,323000.0,3.2,382000.0,60,6.1,767.0,1,0,0.237,MORTGAGE,debt_consolidation,0
APP104474,59,1002000.0,6.8,204000.0,48,5.0,718.0,0,2,0.051,RENT,personal,0
APP104475,35,807000.0,4.3,633000.0,36,7.42,695.0,1,1,0.261,RENT,debt_consolidation,0
APP104476,63,795000.0,3.9,1139000.0,36,9.15,670.0,0,1,0.478,MORTGAGE,medical,1
APP104477,37,581000.0,8.6,97000.0,36,6.89,631.0,0,0,0.056,OWN,personal,1
APP104478,60,785000.0,13.9,449000.0,36,5.0,732.0,5,0,0.191,OWN,business,0
APP104479,45,565000.0,7.8,375000.0,48,9.14,717.0,0,0,0.166,MORTGAGE,education,1
APP104480,42,505000.0,2.7,570000.0,36,5.0,701.0,1,1,0.376,OWN,personal,0
APP104481,34,150000.0,2.0,176000.0,12,6.79,833.0,3,0,1.173,OWN,personal,1
APP104482,58,926000.0,8.2,226000.0,48,7.45,805.0,0,0,0.061,RENT,home_improvement,0
APP104483,23,657000.0,7.7,306000.0,12,9.87,714.0,2,1,0.466,OWN,debt_consolidation,1
APP104484,42,295000.0,3.7,397000.0,60,8.77,694.0,0,1,0.269,MORTGAGE,medical,1
APP104485,37,658000.0,4.4,282000.0,48,8.02,754.0,2,0,0.107,RENT,business,0
APP104486,45,554000.0,2.9,313000.0,48,9.55,656.0,4,3,0.141,MORTGAGE,medical,0
APP104487,32,436000.0,2.0,168000.0,36,5.0,694.0,1,0,0.128,RENT,personal,0
APP104488,50,661000.0,3.1,822000.0,24,10.98,703.0,1,0,0.622,RENT,medical,1
APP104489,38,220000.0,0.3,50000.0,48,5.0,734.0,0,0,0.057,MORTGAGE,medical,0
APP104490,29,557000.0,11.2,327000.0,24,10.64,701.0,0,0,0.294,RENT,home_improvement,1
APP104491,29,454000.0,1.5,419000.0,48,5.65,676.0,1,0,0.231,OWN,personal,0
APP104492,52,633000.0,4.9,100000.0,24,8.34,668.0,0,0,0.079,OWN,personal,0
APP104493,32,244000.0,0.6,374000.0,48,10.69,743.0,2,2,0.383,OWN,business,1
APP104494,34,612000.0,7.6,863000.0,24,8.73,652.0,1,0,0.705,RENT,personal,1
APP104495,49,813000.0,9.2,885000.0,12,8.32,648.0,2,0,1.089,RENT,medical,1
APP104496,35,583000.0,5.2,459000.0,36,9.41,550.0,3,1,0.262,RENT,medical,1
APP104497,38,500000.0,4.7,188000.0,48,5.0,763.0,0,0,0.094,MORTGAGE,personal,0
APP104498,32,880000.0,2.9,838000.0,24,5.0,656.0,2,0,0.476,RENT,education,1
APP104499,36,459000.0,11.0,228000.0,36,8.1,719.0,1,2,0.166,OWN,business,0
APP104500,52,692000.0,1.2,744000.0,60,7.07,711.0,1,0,0.215,RENT,home_improvement,0
APP104501,45,598000.0,3.5,216000.0,36,6.81,741.0,0,2,0.12,OWN,medical,1
APP104502,65,973000.0,2.6,1158000.0,48,10.22,669.0,1,0,0.298,RENT,personal,0
APP104503,55,668000.0,2.5,413000.0,24,10.03,719.0,1,0,0.309,OWN,home_improvement,1
APP104504,21,596000.0,10.8,523000.0,24,5.47,803.0,0,0,0.439,MORTGAGE,education,0
APP104505,38,608000.0,4.5,234000.0,24,8.47,759.0,1,1,0.192,MORTGAGE,medical,0
APP104506,34,329000.0,2.8,172000.0,84,5.0,776.0,1,0,0.075,MORTGAGE,debt_consolidation,0
APP104507,47,477000.0,6.3,383000.0,12,5.0,754.0,1,0,0.803,MORTGAGE,medical,0
APP104508,32,471000.0,5.9,384000.0,24,5.54,721.0,1,0,0.408,MORTGAGE,debt_consolidation,1
APP104509,64,887000.0,,1419000.0,24,7.38,752.0,2,0,0.8,RENT,personal,0
APP104510,34,571000.0,6.8,363000.0,60,6.06,662.0,0,0,0.127,RENT,home_improvement,0
APP104511,44,538000.0,4.6,147000.0,36,8.49,699.0,1,0,0.091,RENT,medical,0
APP104512,26,671000.0,4.9,611000.0,60,7.47,771.0,4,0,0.182,RENT,debt_consolidation,1
APP104513,61,398000.0,6.6,245000.0,36,9.95,719.0,1,2,0.205,MORTGAGE,home_improvement,1
APP104514,62,454000.0,2.2,646000.0,60,8.7,648.0,1,0,0.285,RENT,personal,1
APP104515,56,281000.0,5.8,128000.0,60,5.22,742.0,1,0,0.091,MORTGAGE,medical,0
APP104516,36,812000.0,13.7,1129000.0,36,9.48,661.0,1,1,0.463,OWN,debt_consolidation,0
APP104517,23,436000.0,5.2,485000.0,84,5.6,697.0,2,0,0.159,RENT,home_improvement,0
APP104518,52,751000.0,3.7,317000.0,60,8.41,744.0,1,2,0.084,MORTGAGE,debt_consolidation,0
APP104519,40,518000.0,3.7,382000.0,12,6.42,571.0,0,2,0.737,OWN,education,1
APP104520,65,870000.0,6.4,752000.0,36,10.41,626.0,1,1,0.288,RENT,home_improvement,0
APP104521,52,610000.0,5.6,553000.0,48,9.11,731.0,1,0,0.227,MORTGAGE,personal,1
APP104522,45,675000.0,7.8,490000.0,60,5.98,761.0,0,0,0.145,RENT,debt_consolidation,0
APP104523,65,716000.0,3.0,714000.0,48,6.65,709.0,0,0,0.249,RENT,business,0
APP104524,57,694000.0,4.3,825000.0,48,14.69,783.0,1,0,0.297,MORTGAGE,personal,0
APP104525,41,853000.0,8.7,754000.0,36,5.0,725.0,0,0,0.295,MORTGAGE,personal,0
APP104526,21,243000.0,9.2,249000.0,60,5.92,698.0,3,1,0.205,RENT,medical,0
APP104527,25,501000.0,9.3,700000.0,12,6.02,742.0,0,0,1.397,RENT,business,1
APP104528,40,617000.0,8.1,538000.0,48,5.0,685.0,1,1,0.218,MORTGAGE,home_improvement,0
APP104529,46,633000.0,8.3,477000.0,24,5.18,733.0,5,0,0.377,RENT,business,1
APP104530,22,392000.0,5.8,200000.0,60,7.26,687.0,0,0,0.102,OWN,home_improvement,1
APP104531,26,343000.0,1.4,117000.0,60,8.55,794.0,0,0,0.068,RENT,debt_consolidation,0
APP104532,52,811000.0,1.6,465000.0,24,5.0,776.0,0,0,0.287,MORTGAGE,business,0
APP104533,54,626000.0,5.2,463000.0,60,6.4,757.0,3,0,0.148,RENT,personal,0
APP104534,22,811000.0,5.3,1020000.0,60,5.73,847.0,1,0,0.252,OWN,home_improvement,0
APP104535,43,616000.0,2.4,287000.0,12,5.0,739.0,1,0,0.466,MORTGAGE,medical,0
APP104536,24,382000.0,2.6,446000.0,36,9.69,714.0,2,0,0.389,OWN,personal,0
APP104537,53,706000.0,4.6,187000.0,24,5.82,718.0,1,1,0.132,RENT,medical,0
APP104538,58,842000.0,19.0,320000.0,24,5.0,661.0,2,2,0.19,RENT,debt_consolidation,0
APP104539,60,836000.0,2.1,521000.0,60,9.44,682.0,1,1,0.125,MORTGAGE,medical,1
APP104540,47,400000.0,3.6,332000.0,36,10.25,672.0,1,0,0.277,OWN,education,0
APP104541,49,383000.0,9.1,158000.0,48,8.02,777.0,4,0,0.103,MORTGAGE,personal,0
APP104542,62,772000.0,8.0,241000.0,12,5.43,579.0,2,3,0.312,RENT,business,1
APP104543,48,737000.0,6.1,715000.0,12,6.89,669.0,2,0,0.97,MORTGAGE,personal,1
APP104544,41,550000.0,0.9,411000.0,48,6.06,701.0,1,0,0.187,RENT,business,1
APP104545,54,724000.0,4.1,545000.0,36,7.39,631.0,1,1,0.251,RENT,personal,1
APP104546,47,799000.0,15.7,477000.0,60,9.08,679.0,1,1,0.119,OWN,education,0
APP104547,58,406000.0,2.5,279000.0,12,7.44,659.0,2,1,0.687,MORTGAGE,home_improvement,1
APP104548,44,585000.0,2.4,244000.0,48,7.49,724.0,5,0,0.104,OWN,personal,0
APP104549,60,967000.0,13.3,524000.0,48,6.37,667.0,0,0,0.135,RENT,personal,0
APP104550,23,469000.0,4.6,439000.0,48,8.96,701.0,0,0,0.234,RENT,debt_consolidation,1
APP104551,22,196000.0,0.9,178000.0,48,8.31,729.0,1,0,0.227,MORTGAGE,personal,0
APP104552,25,372000.0,1.8,544000.0,24,5.0,751.0,0,0,0.731,RENT,home_improvement,1
APP104553,46,647000.0,3.1,878000.0,60,5.0,860.0,1,0,0.271,OWN,education,0
APP104554,52,902000.0,5.9,145000.0,36,6.77,812.0,0,0,0.054,MORTGAGE,education,0
APP104555,30,187000.0,4.2,90000.0,60,9.64,801.0,2,0,0.096,MORTGAGE,home_improvement,0
APP104556,28,500000.0,2.3,719000.0,24,10.07,603.0,1,1,0.719,RENT,debt_consolidation,1
APP104557,59,515000.0,4.2,312000.0,24,9.18,691.0,0,2,0.303,MORTGAGE,medical,0
APP104558,54,680000.0,2.5,573000.0,36,7.17,751.0,1,0,0.281,MORTGAGE,personal,1
APP104559,50,834000.0,16.3,941000.0,36,10.72,648.0,1,1,0.376,MORTGAGE,debt_consolidation,1
APP104560,42,487000.0,1.7,457000.0,24,5.91,673.0,1,1,0.469,OWN,debt_consolidation,1
APP104561,39,620000.0,3.4,97000.0,12,6.75,762.0,1,0,0.156,RENT,business,0
APP104562,21,583000.0,3.0,262000.0,12,5.0,728.0,2,1,0.449,OWN,personal,0
APP104563,29,435000.0,3.0,129000.0,12,6.74,778.0,2,0,0.297,MORTGAGE,debt_consolidation,0
APP104564,61,438000.0,1.9,172000.0,12,5.6,722.0,1,0,0.393,RENT,medical,1
APP104565,36,831000.0,12.6,302000.0,60,10.88,697.0,2,0,0.073,OWN,debt_consolidation,1
APP104566,52,926000.0,20.0,975000.0,60,10.45,709.0,0,3,0.211,MORTGAGE,personal,0
APP104567,52,725000.0,6.5,536000.0,36,7.64,670.0,2,2,0.246,RENT,debt_consolidation,1
APP104568,34,424000.0,6.1,105000.0,24,8.53,758.0,0,0,0.124,OWN,home_improvement,0
APP104569,30,591000.0,1.1,159000.0,36,6.17,564.0,0,2,0.09,MORTGAGE,medical,0
APP104570,52,1017000.0,12.4,1554000.0,60,5.0,745.0,0,0,0.306,MORTGAGE,personal,0
APP104571,25,412000.0,2.5,154000.0,60,5.82,721.0,0,1,0.075,OWN,education,0
APP104572,43,534000.0,1.0,277000.0,24,9.15,685.0,1,1,0.259,OWN,debt_consolidation,0
APP104573,60,538000.0,7.3,529000.0,12,8.46,,1,0,0.983,MORTGAGE,home_improvement,1
APP104574,53,582000.0,10.2,245000.0,36,6.64,724.0,1,0,0.14,MORTGAGE,education,0
APP104575,55,566000.0,12.3,247000.0,36,9.13,696.0,0,0,0.145,MORTGAGE,business,0
APP104576,24,454000.0,3.4,116000.0,12,6.46,774.0,0,0,0.256,RENT,debt_consolidation,0
APP104577,29,410000.0,3.1,645000.0,48,5.0,664.0,2,1,0.393,MORTGAGE,education,0
APP104578,33,572000.0,5.7,588000.0,24,9.13,556.0,1,1,0.514,RENT,personal,1
APP104579,34,371000.0,4.2,341000.0,12,6.15,686.0,1,0,0.919,MORTGAGE,debt_consolidation,1
APP104580,29,488000.0,7.4,702000.0,48,9.76,637.0,0,2,0.36,MORTGAGE,business,1
APP104581,64,561000.0,5.8,568000.0,60,5.0,687.0,3,0,0.202,MORTGAGE,business,0
APP104582,28,474000.0,2.3,252000.0,24,6.25,605.0,0,3,0.266,OWN,debt_consolidation,1
APP104583,52,468000.0,12.6,391000.0,60,8.81,702.0,1,1,0.167,OWN,medical,0
APP104584,47,645000.0,7.5,543000.0,36,8.59,718.0,0,1,0.281,MORTGAGE,home_improvement,0
APP104585,48,617000.0,10.1,449000.0,36,7.01,697.0,0,0,0.243,RENT,debt_consolidation,0
APP104586,30,486000.0,2.4,604000.0,24,8.13,710.0,2,0,0.621,OWN,business,1
APP104587,34,294000.0,7.3,91000.0,24,7.81,771.0,0,0,0.155,RENT,business,0
APP104588,48,742000.0,8.8,283000.0,12,5.0,700.0,2,0,0.381,OWN,medical,0
APP104589,34,476000.0,5.6,328000.0,48,6.7,749.0,2,0,0.172,OWN,personal,0
APP104590,52,617000.0,1.9,156000.0,60,8.0,779.0,2,0,0.051,OWN,education,0
APP104591,22,164000.0,5.2,259000.0,12,8.61,651.0,0,1,1.579,RENT,education,1
APP104592,24,306000.0,8.2,266000.0,24,7.36,744.0,1,0,0.435,MORTGAGE,personal,0
APP104593,53,637000.0,10.6,142000.0,36,6.29,826.0,3,0,0.074,OWN,personal,0
APP104594,48,759000.0,1.2,783000.0,36,5.0,727.0,1,0,0.344,RENT,debt_consolidation,0
APP104595,22,527000.0,5.5,676000.0,60,9.16,677.0,1,0,0.257,MORTGAGE,business,0
APP104596,61,653000.0,1.5,484000.0,12,8.91,732.0,2,0,0.741,OWN,debt_consolidation,1
APP104597,21,337000.0,8.3,285000.0,48,9.67,672.0,3,1,0.211,RENT,medical,0
APP104598,63,580000.0,9.8,676000.0,36,5.13,652.0,2,0,0.389,RENT,business,0
APP104599,53,636000.0,2.2,311000.0,60,7.77,706.0,1,0,0.098,RENT,business,0
APP104600,65,767000.0,1.8,780000.0,36,5.98,633.0,0,1,0.339,RENT,debt_consolidation,1
APP104601,63,695000.0,,740000.0,24,7.6,599.0,1,1,0.532,RENT,personal,1
APP104602,35,768000.0,4.3,1011000.0,24,13.89,730.0,2,1,0.658,OWN,education,0
APP104603,55,510000.0,2.7,735000.0,48,9.49,597.0,0,0,0.36,MORTGAGE,home_improvement,1
APP104604,30,563000.0,8.8,853000.0,36,5.84,777.0,1,1,0.505,OWN,home_improvement,0
APP104605,42,375000.0,10.6,125000.0,48,6.94,754.0,2,0,0.083,RENT,personal,0
APP104606,31,531000.0,5.3,708000.0,24,6.7,786.0,3,0,0.667,MORTGAGE,business,0
APP104607,42,755000.0,2.7,853000.0,12,7.77,790.0,3,0,1.13,RENT,personal,1
APP104608,60,504000.0,4.2,347000.0,36,5.0,781.0,1,0,0.229,OWN,debt_consolidation,0
APP104609,40,680000.0,5.3,1012000.0,12,8.21,698.0,1,0,1.488,RENT,home_improvement,1
APP104610,25,665000.0,4.1,929000.0,60,5.0,657.0,1,1,0.279,RENT,business,1
APP104611,35,412000.0,4.6,524000.0,60,5.0,717.0,2,0,0.254,MORTGAGE,business,0
APP104612,56,776000.0,10.0,181000.0,24,11.9,768.0,3,0,0.117,OWN,debt_consolidation,1
APP104613,44,782000.0,2.6,318000.0,48,6.71,783.0,2,1,0.102,OWN,personal,0
APP104614,46,767000.0,17.2,1136000.0,24,10.64,681.0,2,0,0.741,RENT,business,1
APP104615,40,674000.0,5.5,1061000.0,60,5.72,776.0,0,0,0.315,MORTGAGE,personal,0
APP104616,34,235000.0,3.9,130000.0,48,5.0,665.0,1,2,0.138,MORTGAGE,debt_consolidation,1
APP104617,47,652000.0,2.5,360000.0,36,5.19,718.0,1,0,0.184,MORTGAGE,education,0
APP104618,49,654000.0,2.7,677000.0,48,13.41,761.0,0,0,0.259,RENT,personal,0
APP104619,61,477000.0,5.0,124000.0,12,5.0,588.0,0,0,0.26,RENT,personal,0
APP104620,48,458000.0,5.4,464000.0,36,11.41,732.0,0,0,0.338,RENT,personal,1
APP104621,65,776000.0,3.8,1206000.0,24,8.26,632.0,0,1,0.777,RENT,debt_consolidation,0
APP104622,58,571000.0,1.5,332000.0,36,7.76,754.0,1,0,0.194,RENT,home_improvement,0
APP104623,24,621000.0,5.0,762000.0,12,5.85,747.0,0,0,1.227,RENT,debt_consolidation,1
APP104624,38,558000.0,2.8,508000.0,84,5.52,819.0,0,0,0.13,MORTGAGE,education,0
APP104625,38,497000.0,0.9,282000.0,36,8.74,739.0,1,2,0.189,OWN,education,1
APP104626,21,442000.0,7.6,331000.0,60,10.4,600.0,2,3,0.15,RENT,home_improvement,1
APP104627,29,481000.0,1.1,457000.0,12,7.93,710.0,3,0,0.95,MORTGAGE,home_improvement,1
APP104628,55,745000.0,3.7,934000.0,60,9.13,770.0,2,1,0.251,OWN,debt_consolidation,0
APP104629,36,600000.0,4.5,560000.0,48,6.56,719.0,4,0,0.233,RENT,personal,1
APP104630,27,488000.0,11.6,728000.0,48,12.28,774.0,1,0,0.373,RENT,business,0
APP104631,33,646000.0,1.0,206000.0,60,8.02,702.0,3,3,0.064,OWN,business,1
APP104632,33,645000.0,8.2,992000.0,36,11.97,763.0,0,2,0.513,MORTGAGE,home_improvement,0
APP104633,28,585000.0,9.1,555000.0,48,5.38,713.0,1,1,0.237,RENT,debt_consolidation,0
APP104634,25,581000.0,13.9,417000.0,60,7.4,781.0,0,1,0.144,RENT,debt_consolidation,0
APP104635,55,779000.0,10.3,203000.0,24,9.86,783.0,1,0,0.13,RENT,home_improvement,1
APP104636,58,378000.0,4.6,219000.0,12,7.81,806.0,2,0,0.579,MORTGAGE,education,0
APP104637,43,646000.0,8.5,507000.0,84,8.64,708.0,1,1,0.112,MORTGAGE,education,1
APP104638,48,927000.0,11.9,1399000.0,60,5.35,816.0,0,0,0.302,RENT,home_improvement,0
APP104639,62,663000.0,0.7,827000.0,36,6.61,674.0,0,1,0.416,MORTGAGE,education,0
APP104640,58,629000.0,1.5,148000.0,60,5.57,743.0,1,0,0.047,MORTGAGE,home_improvement,0
APP104641,22,362000.0,5.8,226000.0,60,7.31,738.0,2,1,0.125,MORTGAGE,debt_consolidation,0
APP104642,63,811000.0,9.1,700000.0,36,7.09,780.0,0,0,0.288,OWN,business,0
APP104643,24,454000.0,7.4,628000.0,12,6.34,738.0,2,0,1.383,MORTGAGE,home_improvement,1
APP104644,22,653000.0,6.2,833000.0,36,8.89,698.0,1,1,0.425,MORTGAGE,home_improvement,1
APP104645,39,520000.0,13.8,241000.0,36,5.16,763.0,0,1,0.154,RENT,business,0
APP104646,54,552000.0,3.8,123000.0,12,5.0,751.0,1,0,0.223,OWN,business,0
APP104647,24,336000.0,2.7,115000.0,84,6.24,735.0,0,0,0.049,RENT,debt_consolidation,0
APP104648,34,768000.0,3.2,676000.0,48,12.24,750.0,2,0,0.22,MORTGAGE,personal,1
APP104649,32,484000.0,5.9,136000.0,60,8.62,653.0,0,0,0.056,RENT,home_improvement,0
APP104650,38,450000.0,4.5,230000.0,48,5.64,635.0,1,4,0.128,MORTGAGE,personal,1
APP104651,65,439000.0,9.4,589000.0,24,8.48,612.0,1,1,0.671,MORTGAGE,home_improvement,0
APP104652,35,357000.0,2.8,262000.0,48,7.2,681.0,0,0,0.183,RENT,business,0
APP104653,30,587000.0,6.5,936000.0,48,8.35,746.0,1,0,0.399,OWN,medical,0
APP104654,26,587000.0,8.5,732000.0,48,9.44,720.0,2,0,0.312,RENT,medical,0
APP104655,29,469000.0,11.9,251000.0,24,7.93,552.0,2,3,0.268,RENT,personal,1
APP104656,26,338000.0,1.8,54000.0,60,7.77,605.0,2,0,0.032,OWN,education,1
APP104657,46,843000.0,3.2,771000.0,36,10.77,701.0,1,0,0.305,RENT,personal,1
APP104658,39,940000.0,4.3,1103000.0,36,8.69,603.0,0,1,0.391,RENT,education,0
APP104659,43,696000.0,1.3,578000.0,36,7.93,603.0,2,1,0.277,MORTGAGE,medical,1
APP104660,58,906000.0,6.2,1327000.0,84,7.59,684.0,2,0,0.209,OWN,personal,0
APP104661,47,871000.0,6.1,1101000.0,36,6.26,773.0,1,0,0.421,OWN,personal,0
APP104662,27,813000.0,5.7,735000.0,12,5.0,612.0,0,2,0.904,MORTGAGE,debt_consolidation,1
APP104663,37,476000.0,4.1,84000.0,84,8.97,601.0,1,0,0.025,OWN,debt_consolidation,1
APP104664,35,461000.0,11.1,295000.0,84,10.31,780.0,1,1,0.091,OWN,debt_consolidation,0
APP104665,58,911000.0,3.2,790000.0,24,8.44,774.0,0,0,0.434,RENT,personal,0
APP104666,34,434000.0,10.4,223000.0,60,8.75,733.0,0,1,0.103,RENT,personal,0
APP104667,27,296000.0,3.2,404000.0,60,5.55,707.0,2,0,0.273,RENT,personal,0
APP104668,54,444000.0,1.7,340000.0,12,6.19,783.0,0,2,0.766,OWN,personal,1
APP104669,40,527000.0,4.7,235000.0,48,5.0,719.0,0,1,0.111,OWN,business,0
APP104670,25,166000.0,5.3,212000.0,24,6.95,717.0,2,0,0.639,RENT,home_improvement,0
APP104671,52,426000.0,6.6,440000.0,60,9.66,658.0,1,2,0.207,MORTGAGE,personal,0
APP104672,30,343000.0,0.5,149000.0,12,5.97,717.0,0,1,0.434,RENT,home_improvement,0
APP104673,60,475000.0,3.7,438000.0,48,7.34,678.0,1,0,0.231,OWN,education,0
APP104674,58,954000.0,16.4,1104000.0,60,9.05,768.0,2,1,0.231,RENT,home_improvement,0
APP104675,37,509000.0,3.0,407000.0,12,10.16,798.0,0,0,0.8,MORTGAGE,education,0
APP104676,46,722000.0,9.1,425000.0,48,5.0,771.0,1,1,0.147,RENT,medical,0
APP104677,46,925000.0,27.4,1064000.0,24,6.45,772.0,0,0,0.575,RENT,debt_consolidation,0
APP104678,50,740000.0,18.4,848000.0,12,5.88,769.0,1,0,1.146,RENT,home_improvement,0
APP104679,24,566000.0,2.0,99000.0,60,5.57,642.0,1,0,0.035,OWN,personal,0
APP104680,35,631000.0,8.6,309000.0,60,6.66,631.0,1,1,0.098,OWN,education,0
APP104681,28,478000.0,9.0,520000.0,48,5.0,753.0,3,0,0.272,RENT,education,0
APP104682,52,402000.0,7.7,191000.0,60,6.69,749.0,1,1,0.095,MORTGAGE,medical,0
APP104683,24,492000.0,1.7,761000.0,12,7.58,628.0,0,0,1.547,RENT,personal,1
APP104684,44,393000.0,5.7,152000.0,36,5.21,568.0,1,3,0.129,MORTGAGE,personal,1
APP104685,53,693000.0,5.7,856000.0,60,6.44,680.0,0,0,0.247,RENT,debt_consolidation,0
APP104686,63,658000.0,1.5,1051000.0,60,7.54,714.0,0,1,0.319,OWN,debt_consolidation,0
APP104687,33,291000.0,3.9,190000.0,36,7.76,648.0,0,2,0.218,MORTGAGE,education,0
APP104688,21,486000.0,5.9,498000.0,36,5.0,659.0,1,0,0.342,MORTGAGE,business,0
APP104689,53,652000.0,4.6,198000.0,48,9.04,648.0,4,1,0.076,MORTGAGE,business,0
APP104690,21,502000.0,8.1,528000.0,12,9.09,718.0,0,0,1.052,RENT,personal,1
APP104691,23,456000.0,3.8,721000.0,60,5.87,722.0,0,2,0.316,MORTGAGE,debt_consolidation,1
APP104692,65,606000.0,5.3,946000.0,24,11.19,707.0,1,0,0.781,RENT,personal,1
APP104693,59,808000.0,9.6,604000.0,36,8.5,755.0,1,2,0.249,OWN,education,0
APP104694,52,640000.0,15.1,858000.0,24,8.18,601.0,1,1,0.67,RENT,personal,1
APP104695,58,457000.0,1.7,616000.0,48,9.0,713.0,4,0,0.337,RENT,personal,1
APP104696,24,590000.0,7.9,368000.0,84,5.23,851.0,0,0,0.089,MORTGAGE,business,0
APP104697,25,580000.0,3.3,779000.0,36,6.72,719.0,0,0,0.448,MORTGAGE,debt_consolidation,1
APP104698,34,624000.0,6.6,241000.0,84,8.86,690.0,0,1,0.055,RENT,personal,1
APP104699,22,369000.0,1.5,579000.0,36,5.74,678.0,1,0,0.523,RENT,personal,0
APP104700,60,453000.0,11.2,636000.0,36,6.72,606.0,0,2,0.468,RENT,medical,0
APP104701,23,640000.0,2.5,570000.0,60,8.82,727.0,0,2,0.178,MORTGAGE,business,1
APP104702,45,343000.0,9.7,243000.0,12,8.18,696.0,0,0,0.708,RENT,education,1
APP104703,59,712000.0,1.7,1083000.0,36,7.55,736.0,1,1,0.507,OWN,personal,0
APP104704,54,905000.0,1.2,229000.0,48,7.64,744.0,0,0,0.063,RENT,debt_consolidation,0
APP104705,31,508000.0,4.1,443000.0,24,7.12,718.0,2,1,0.436,OWN,business,0
APP104706,42,615000.0,5.8,526000.0,60,9.38,634.0,2,1,0.171,MORTGAGE,debt_consolidation,0
APP104707,45,811000.0,19.5,570000.0,36,12.1,769.0,1,0,0.234,RENT,business,0
APP104708,55,678000.0,5.7,212000.0,24,8.14,695.0,1,1,0.156,OWN,medical,0
APP104709,40,867000.0,2.0,446000.0,36,10.32,706.0,0,1,0.171,MORTGAGE,medical,0
APP104710,33,425000.0,8.6,670000.0,36,6.54,581.0,2,0,0.525,RENT,business,1
APP104711,56,591000.0,12.5,781000.0,48,6.0,765.0,1,0,0.33,MORTGAGE,personal,0
APP104712,60,590000.0,2.4,806000.0,24,5.77,839.0,1,0,0.683,OWN,personal,1
APP104713,43,882000.0,9.4,784000.0,60,5.48,669.0,0,0,0.178,RENT,debt_consolidation,0
APP104714,22,433000.0,11.5,480000.0,24,6.85,758.0,1,1,0.554,RENT,debt_consolidation,1
APP104715,43,678000.0,8.8,598000.0,36,9.45,725.0,0,0,0.294,MORTGAGE,business,0
APP104716,61,811000.0,2.9,918000.0,48,9.71,632.0,1,1,0.283,RENT,business,1
APP104717,65,826000.0,5.8,1158000.0,36,6.38,657.0,4,0,0.467,MORTGAGE,home_improvement,0
APP104718,39,716000.0,6.6,359000.0,36,6.79,767.0,2,1,0.167,RENT,debt_consolidation,0
APP104719,27,757000.0,11.0,1157000.0,36,7.5,740.0,2,0,0.509,MORTGAGE,personal,0
APP104720,46,608000.0,3.0,897000.0,24,8.02,719.0,0,0,0.738,RENT,home_improvement,0
APP104721,58,645000.0,9.6,489000.0,36,8.79,653.0,0,0,0.253,MORTGAGE,business,1
APP104722,63,703000.0,4.4,1101000.0,60,6.62,731.0,0,1,0.313,MORTGAGE,personal,0
APP104723,23,382000.0,3.7,546000.0,12,7.06,778.0,1,0,1.429,RENT,debt_consolidation,1
APP104724,34,893000.0,5.1,186000.0,48,10.48,738.0,1,0,0.052,MORTGAGE,home_improvement,0
APP104725,42,427000.0,0.4,90000.0,36,6.89,658.0,0,0,0.07,MORTGAGE,education,1
APP104726,25,480000.0,0.6,564000.0,60,6.24,677.0,5,1,0.235,MORTGAGE,personal,0
APP104727,60,394000.0,0.8,507000.0,12,7.31,797.0,3,0,1.287,RENT,business,0
APP104728,26,508000.0,6.8,259000.0,12,7.67,716.0,1,0,0.51,MORTGAGE,debt_consolidation,0
APP104729,50,556000.0,4.1,485000.0,36,5.0,,1,2,0.291,MORTGAGE,debt_consolidation,1
APP104730,62,758000.0,,706000.0,48,6.52,714.0,0,0,0.233,RENT,debt_consolidation,1
APP104731,51,719000.0,4.8,572000.0,12,8.42,637.0,3,2,0.796,MORTGAGE,personal,1
APP104732,55,909000.0,9.7,227000.0,60,11.91,733.0,2,0,0.05,RENT,debt_consolidation,0
APP104733,32,698000.0,4.6,326000.0,36,6.34,700.0,1,0,0.156,RENT,home_improvement,1
APP104734,58,611000.0,1.9,813000.0,60,9.18,690.0,1,0,0.266,RENT,home_improvement,1
APP104735,39,602000.0,21.6,154000.0,60,7.89,755.0,1,0,0.051,MORTGAGE,education,0
APP104736,23,324000.0,5.0,341000.0,60,10.05,774.0,1,0,0.21,MORTGAGE,business,1
APP104737,37,655000.0,11.5,701000.0,48,6.14,748.0,0,0,0.268,MORTGAGE,home_improvement,0
APP104738,36,595000.0,8.8,914000.0,48,9.93,708.0,0,1,0.384,RENT,personal,1
APP104739,44,595000.0,3.5,941000.0,60,10.58,738.0,0,0,0.316,MORTGAGE,business,0
APP104740,32,542000.0,15.0,824000.0,24,10.68,828.0,1,0,0.76,OWN,home_improvement,1
APP104741,41,749000.0,3.1,700000.0,60,10.64,654.0,2,0,0.187,RENT,medical,1
APP104742,40,351000.0,6.8,74000.0,36,7.92,753.0,2,0,0.07,RENT,debt_consolidation,1
APP104743,35,445000.0,6.1,246000.0,60,8.79,,4,0,0.111,RENT,debt_consolidation,0
APP104744,52,478000.0,,401000.0,36,6.58,724.0,0,0,0.28,OWN,debt_consolidation,1
APP104745,34,582000.0,13.3,120000.0,48,5.0,805.0,1,0,0.052,OWN,debt_consolidation,0
APP104746,55,828000.0,5.1,169000.0,36,8.06,764.0,2,0,0.068,RENT,home_improvement,0
APP104747,32,468000.0,5.8,290000.0,36,7.15,750.0,0,1,0.207,RENT,debt_consolidation,0
APP104748,59,692000.0,6.1,492000.0,36,9.62,634.0,0,1,0.237,MORTGAGE,education,0
APP104749,37,798000.0,18.9,792000.0,48,9.4,701.0,3,0,0.248,RENT,debt_consolidation,0
APP104750,22,463000.0,,696000.0,24,5.16,705.0,0,0,0.752,OWN,personal,0
APP104751,27,484000.0,1.2,347000.0,60,12.65,744.0,2,0,0.143,OWN,personal,1
APP104752,57,668000.0,3.2,147000.0,60,8.35,748.0,0,1,0.044,RENT,debt_consolidation,0
APP104753,60,505000.0,5.4,471000.0,60,5.0,708.0,1,0,0.187,MORTGAGE,debt_consolidation,0
APP104754,30,518000.0,13.1,347000.0,60,5.0,667.0,1,2,0.134,MORTGAGE,personal,0
APP104755,48,759000.0,14.0,1106000.0,36,5.0,861.0,1,0,0.486,OWN,education,0
APP104756,46,777000.0,4.9,603000.0,60,9.18,685.0,0,2,0.155,OWN,personal,0
APP104757,27,641000.0,3.1,395000.0,36,6.34,658.0,1,3,0.205,RENT,personal,1
APP104758,41,862000.0,4.3,1034000.0,24,5.65,707.0,1,0,0.6,MORTGAGE,education,0
APP104759,52,701000.0,5.5,607000.0,12,6.08,804.0,0,0,0.866,MORTGAGE,personal,1
APP104760,64,621000.0,4.1,593000.0,12,6.84,705.0,2,1,0.955,MORTGAGE,personal,1
APP104761,59,735000.0,11.7,272000.0,24,8.77,725.0,0,1,0.185,MORTGAGE,education,0
APP104762,25,429000.0,3.8,298000.0,36,5.0,713.0,3,0,0.232,OWN,debt_consolidation,0
APP104763,31,404000.0,2.4,88000.0,84,5.15,619.0,3,2,0.031,MORTGAGE,debt_consolidation,0
APP104764,40,599000.0,4.3,745000.0,24,8.52,631.0,2,1,0.622,MORTGAGE,personal,1
APP104765,27,552000.0,6.3,279000.0,60,6.19,724.0,1,0,0.101,MORTGAGE,debt_consolidation,0
APP104766,46,493000.0,11.9,160000.0,60,8.78,801.0,0,1,0.065,RENT,personal,0
APP104767,21,567000.0,2.3,570000.0,60,6.41,681.0,0,1,0.201,MORTGAGE,education,0
APP104768,26,207000.0,6.4,205000.0,60,10.96,763.0,0,1,0.198,RENT,business,0
APP104769,23,433000.0,6.5,263000.0,84,7.96,703.0,1,0,0.087,MORTGAGE,debt_consolidation,0
APP104770,34,715000.0,7.4,1105000.0,24,10.2,577.0,3,1,0.773,RENT,debt_consolidation,1
APP104771,55,717000.0,3.8,768000.0,36,8.64,690.0,1,0,0.357,OWN,home_improvement,0
APP104772,28,452000.0,7.3,675000.0,36,8.77,645.0,0,0,0.498,MORTGAGE,medical,0
APP104773,65,1040000.0,8.7,609000.0,36,5.84,761.0,2,0,0.195,OWN,debt_consolidation,0
APP104774,33,428000.0,3.8,407000.0,36,10.07,571.0,0,2,0.317,RENT,personal,1
APP104775,23,157000.0,5.8,118000.0,36,7.97,708.0,0,1,0.251,MORTGAGE,personal,0
APP104776,36,588000.0,4.5,441000.0,84,5.4,679.0,1,0,0.107,RENT,home_improvement,0
APP104777,54,340000.0,2.7,75000.0,24,5.0,635.0,0,2,0.11,MORTGAGE,personal,0
APP104778,25,294000.0,1.6,138000.0,60,7.81,762.0,1,0,0.094,RENT,debt_consolidation,0
APP104779,24,525000.0,3.1,741000.0,24,10.82,637.0,3,2,0.706,OWN,business,1
APP104780,59,574000.0,3.3,793000.0,48,5.5,716.0,1,0,0.345,RENT,personal,1
APP104781,47,638000.0,1.6,193000.0,36,5.43,681.0,1,1,0.101,MORTGAGE,debt_consolidation,0
APP104782,36,376000.0,7.0,66000.0,84,6.8,694.0,2,0,0.025,OWN,education,0
APP104783,55,818000.0,9.1,244000.0,48,9.92,666.0,0,1,0.075,RENT,education,0
APP104784,58,397000.0,4.4,427000.0,12,5.0,637.0,0,0,1.076,MORTGAGE,personal,1
APP104785,37,729000.0,4.9,363000.0,60,6.07,742.0,1,0,0.1,MORTGAGE,debt_consolidation,0
APP104786,46,495000.0,3.4,622000.0,36,5.29,706.0,1,1,0.419,MORTGAGE,home_improvement,1
APP104787,21,662000.0,4.7,105000.0,60,8.74,765.0,3,0,0.032,RENT,home_improvement,0
APP104788,34,417000.0,7.4,495000.0,12,7.19,711.0,2,1,1.187,MORTGAGE,medical,1
APP104789,47,898000.0,6.4,1289000.0,24,6.74,680.0,0,1,0.718,MORTGAGE,business,1
APP104790,29,337000.0,4.7,72000.0,24,7.1,694.0,3,0,0.107,MORTGAGE,home_improvement,0
APP104791,65,411000.0,3.3,579000.0,48,9.23,740.0,2,0,0.352,MORTGAGE,debt_consolidation,0
APP104792,64,744000.0,8.6,1102000.0,60,9.97,761.0,1,1,0.296,MORTGAGE,business,0
APP104793,32,669000.0,3.5,620000.0,48,9.75,687.0,2,0,0.232,MORTGAGE,personal,1
APP104794,38,617000.0,1.7,347000.0,12,8.77,701.0,3,2,0.562,RENT,personal,1
APP104795,29,666000.0,,643000.0,36,10.54,709.0,2,0,0.322,MORTGAGE,personal,1
APP104796,43,642000.0,1.0,385000.0,36,5.45,686.0,0,0,0.2,MORTGAGE,personal,0
APP104797,26,357000.0,6.2,537000.0,36,8.35,679.0,2,0,0.501,RENT,personal,0
APP104798,38,671000.0,6.5,630000.0,36,12.67,690.0,3,0,0.313,OWN,business,0
APP104799,45,570000.0,3.0,746000.0,36,5.0,707.0,2,0,0.436,RENT,personal,1
APP104800,48,472000.0,3.4,488000.0,36,6.32,753.0,1,1,0.345,OWN,personal,0
APP104801,47,672000.0,9.4,382000.0,48,5.22,815.0,0,1,0.142,RENT,personal,0
APP104802,30,635000.0,17.8,556000.0,24,8.14,735.0,1,0,0.438,RENT,business,0
APP104803,56,860000.0,5.1,1226000.0,60,10.66,645.0,1,0,0.285,MORTGAGE,personal,0
APP104804,52,522000.0,3.1,368000.0,60,8.68,694.0,0,0,0.141,MORTGAGE,business,0
APP104805,54,569000.0,6.6,367000.0,60,7.02,699.0,2,0,0.129,OWN,business,0
APP104806,42,451000.0,4.5,693000.0,60,8.7,651.0,1,3,0.307,OWN,personal,1
APP104807,61,976000.0,6.3,619000.0,36,6.86,597.0,1,1,0.211,MORTGAGE,debt_consolidation,0
APP104808,38,449000.0,5.6,627000.0,84,7.93,733.0,0,2,0.199,OWN,debt_consolidation,0
APP104809,57,855000.0,5.7,349000.0,36,8.86,645.0,1,1,0.136,OWN,debt_consolidation,0
APP104810,30,284000.0,0.7,369000.0,36,11.36,692.0,2,1,0.433,RENT,debt_consolidation,1
APP104811,32,559000.0,3.4,583000.0,60,8.49,702.0,2,0,0.209,MORTGAGE,personal,0
APP104812,44,591000.0,3.1,192000.0,60,7.98,681.0,1,0,0.065,RENT,education,1
APP104813,46,748000.0,3.1,182000.0,36,11.98,791.0,1,0,0.081,OWN,personal,0
APP104814,54,831000.0,7.8,484000.0,60,5.0,683.0,0,1,0.116,MORTGAGE,personal,0
APP104815,34,488000.0,1.8,538000.0,48,7.3,643.0,0,1,0.276,RENT,business,1
APP104816,60,538000.0,0.7,362000.0,36,5.87,742.0,1,0,0.224,RENT,debt_consolidation,0
APP104817,35,740000.0,3.0,402000.0,60,6.98,710.0,1,2,0.109,MORTGAGE,debt_consolidation,0
APP104818,45,454000.0,2.5,451000.0,36,8.83,649.0,1,2,0.331,RENT,personal,1
APP104819,62,343000.0,5.1,525000.0,60,9.66,740.0,0,0,0.306,MORTGAGE,education,0
APP104820,45,271000.0,2.5,89000.0,60,6.36,769.0,1,0,0.066,RENT,home_improvement,0
APP104821,51,362000.0,4.0,393000.0,12,8.97,717.0,0,0,1.086,RENT,home_improvement,0
APP104822,61,749000.0,3.6,1103000.0,60,5.53,705.0,1,0,0.295,RENT,debt_consolidation,1
APP104823,64,1104000.0,11.5,1032000.0,24,5.0,768.0,2,0,0.467,RENT,personal,1
APP104824,43,233000.0,2.6,361000.0,60,7.66,717.0,0,0,0.31,RENT,personal,0
APP104825,39,455000.0,7.4,463000.0,48,7.02,674.0,2,0,0.254,MORTGAGE,home_improvement,1
APP104826,29,494000.0,4.7,556000.0,48,10.78,701.0,0,1,0.281,MORTGAGE,home_improvement,0
APP104827,45,867000.0,9.6,1125000.0,60,12.18,686.0,0,0,0.26,RENT,debt_consolidation,1
APP104828,62,669000.0,13.8,294000.0,48,6.16,735.0,1,0,0.11,RENT,debt_consolidation,0
APP104829,42,646000.0,4.6,622000.0,36,5.0,746.0,1,1,0.321,RENT,debt_consolidation,1
APP104830,36,440000.0,1.0,458000.0,48,5.0,646.0,1,0,0.26,MORTGAGE,business,1
APP104831,25,813000.0,1.8,264000.0,48,5.66,693.0,0,1,0.081,MORTGAGE,debt_consolidation,1
APP104832,38,516000.0,1.4,418000.0,36,7.96,710.0,2,1,0.27,RENT,education,0
APP104833,31,530000.0,3.4,672000.0,24,6.93,631.0,1,3,0.634,RENT,debt_consolidation,1
APP104834,64,683000.0,3.0,143000.0,36,5.0,794.0,1,0,0.07,MORTGAGE,home_improvement,0
APP104835,44,521000.0,5.8,391000.0,60,11.43,735.0,0,0,0.15,RENT,business,0
APP104836,27,664000.0,9.1,240000.0,48,8.96,751.0,1,0,0.09,OWN,education,0
APP104837,24,231000.0,0.9,94000.0,60,11.37,789.0,1,0,0.081,RENT,debt_consolidation,0
APP104838,59,363000.0,4.9,324000.0,36,5.0,684.0,2,2,0.298,OWN,home_improvement,0
APP104839,62,632000.0,2.7,122000.0,84,10.3,,0,0,0.028,RENT,business,0
APP104840,55,764000.0,5.1,585000.0,60,7.17,698.0,1,0,0.153,OWN,business,0
APP104841,26,360000.0,3.4,67000.0,36,6.64,719.0,0,0,0.062,OWN,personal,0
APP104842,25,524000.0,8.0,782000.0,36,7.55,699.0,0,2,0.497,OWN,business,0
APP104843,29,265000.0,2.0,379000.0,84,5.96,,1,1,0.204,MORTGAGE,personal,0
APP104844,54,767000.0,2.8,350000.0,84,7.19,752.0,2,1,0.065,MORTGAGE,personal,1
APP104845,55,731000.0,4.4,179000.0,36,9.58,856.0,0,0,0.082,RENT,medical,0
APP104846,58,645000.0,,331000.0,60,5.0,728.0,0,0,0.103,RENT,debt_consolidation,1
APP104847,25,477000.0,4.3,91000.0,60,10.79,617.0,2,0,0.038,OWN,business,1
APP104848,27,216000.0,1.1,263000.0,24,8.36,765.0,0,0,0.609,RENT,business,1
APP104849,61,564000.0,12.5,554000.0,36,7.26,742.0,1,0,0.327,RENT,business,0
APP104850,62,642000.0,3.2,603000.0,48,9.56,763.0,0,0,0.235,OWN,education,0
APP104851,53,670000.0,2.1,928000.0,12,8.3,696.0,3,0,1.385,RENT,personal,1
APP104852,25,537000.0,4.4,711000.0,60,6.44,763.0,2,0,0.265,RENT,debt_consolidation,1
APP104853,24,400000.0,5.0,297000.0,24,5.8,682.0,1,0,0.371,OWN,medical,0
APP104854,23,694000.0,16.2,718000.0,36,10.8,776.0,0,0,0.345,MORTGAGE,business,0
APP104855,52,896000.0,10.1,708000.0,36,5.0,749.0,1,0,0.263,RENT,education,0
APP104856,59,635000.0,3.7,670000.0,48,7.07,741.0,1,0,0.264,MORTGAGE,business,1
APP104857,49,762000.0,14.3,282000.0,24,5.0,755.0,1,1,0.185,OWN,debt_consolidation,0
APP104858,32,561000.0,12.5,328000.0,36,8.57,796.0,0,0,0.195,RENT,home_improvement,1
APP104859,55,586000.0,2.1,302000.0,24,7.29,653.0,1,0,0.258,OWN,home_improvement,0
APP104860,23,637000.0,18.6,250000.0,12,5.0,774.0,3,0,0.392,OWN,debt_consolidation,0
APP104861,58,893000.0,3.3,670000.0,60,5.59,,1,0,0.15,OWN,debt_consolidation,0
APP104862,61,818000.0,5.4,984000.0,24,7.6,683.0,1,1,0.601,OWN,home_improvement,0
APP104863,53,826000.0,11.2,598000.0,24,8.13,721.0,1,1,0.362,RENT,home_improvement,0
APP104864,60,553000.0,0.9,871000.0,12,5.0,726.0,1,0,1.575,RENT,debt_consolidation,1
APP104865,47,449000.0,4.3,264000.0,36,5.95,725.0,1,0,0.196,RENT,personal,0
APP104866,42,632000.0,6.0,964000.0,24,7.85,617.0,2,0,0.763,RENT,home_improvement,1
APP104867,35,764000.0,9.8,329000.0,36,10.16,747.0,0,0,0.144,RENT,education,0
APP104868,62,938000.0,4.8,577000.0,48,9.35,710.0,1,0,0.154,RENT,personal,0
APP104869,52,205000.0,0.9,80000.0,12,6.5,732.0,1,0,0.39,MORTGAGE,personal,0
APP104870,29,984000.0,16.1,487000.0,24,9.7,740.0,1,0,0.247,RENT,business,1
APP104871,64,755000.0,4.9,285000.0,36,6.81,829.0,2,0,0.126,RENT,home_improvement,0
APP104872,23,599000.0,6.2,633000.0,60,5.0,722.0,0,0,0.211,MORTGAGE,education,1
APP104873,47,287000.0,1.3,127000.0,24,10.67,639.0,0,0,0.221,OWN,personal,0
APP104874,29,534000.0,12.1,146000.0,48,8.51,702.0,1,1,0.068,MORTGAGE,business,0
APP104875,50,713000.0,3.3,382000.0,84,7.91,702.0,0,0,0.077,RENT,education,1
APP104876,39,340000.0,2.7,385000.0,12,7.52,728.0,1,0,1.132,OWN,personal,1
APP104877,40,182000.0,10.4,140000.0,36,8.17,716.0,0,0,0.256,RENT,personal,0
APP104878,51,623000.0,1.4,235000.0,60,7.52,721.0,1,1,0.075,RENT,medical,1
APP104879,55,648000.0,6.3,157000.0,60,6.86,714.0,2,0,0.048,MORTGAGE,medical,0
APP104880,38,725000.0,2.6,875000.0,24,6.06,736.0,1,0,0.603,MORTGAGE,personal,0
APP104881,65,698000.0,6.8,817000.0,48,7.67,797.0,2,0,0.293,OWN,education,0
APP104882,43,592000.0,8.1,485000.0,48,5.56,712.0,0,1,0.205,RENT,medical,1
APP104883,28,561000.0,3.2,513000.0,36,5.0,635.0,2,0,0.305,MORTGAGE,personal,0
APP104884,21,671000.0,11.7,335000.0,48,8.09,680.0,1,1,0.125,RENT,medical,0
APP104885,30,382000.0,4.9,326000.0,36,9.66,626.0,0,1,0.284,OWN,personal,1
APP104886,52,898000.0,16.2,1083000.0,60,5.75,683.0,1,1,0.241,RENT,business,0
APP104887,45,567000.0,10.4,719000.0,36,6.13,,0,0,0.423,OWN,debt_consolidation,0
APP104888,36,532000.0,5.3,342000.0,36,5.0,749.0,0,1,0.214,RENT,business,1
APP104889,42,666000.0,5.3,755000.0,48,5.0,640.0,1,0,0.283,RENT,debt_consolidation,0
APP104890,58,744000.0,1.6,636000.0,24,5.0,735.0,0,1,0.427,MORTGAGE,debt_consolidation,1
APP104891,46,697000.0,10.3,852000.0,36,9.64,696.0,1,0,0.407,RENT,medical,0
APP104892,23,262000.0,3.0,302000.0,12,5.0,702.0,1,0,1.153,RENT,personal,1
APP104893,23,177000.0,5.8,219000.0,48,8.51,812.0,1,0,0.309,RENT,education,0
APP104894,42,667000.0,16.1,260000.0,36,6.92,726.0,1,0,0.13,MORTGAGE,personal,0
APP104895,39,768000.0,11.5,474000.0,60,8.83,672.0,2,0,0.123,OWN,personal,0
APP104896,59,698000.0,2.2,373000.0,60,10.07,688.0,1,0,0.107,MORTGAGE,personal,1
APP104897,47,627000.0,4.9,501000.0,36,7.43,661.0,0,0,0.266,RENT,home_improvement,0
APP104898,55,653000.0,6.2,538000.0,48,9.99,770.0,1,0,0.206,OWN,home_improvement,0
APP104899,47,728000.0,12.5,814000.0,36,10.91,738.0,1,1,0.373,OWN,business,0
APP104900,36,451000.0,11.2,440000.0,36,10.46,689.0,1,1,0.325,MORTGAGE,education,0
APP104901,50,756000.0,7.4,749000.0,12,6.02,740.0,1,1,0.991,RENT,personal,0
APP104902,48,748000.0,6.9,799000.0,24,5.0,711.0,0,2,0.534,RENT,education,0
APP104903,53,574000.0,4.9,313000.0,60,7.23,650.0,1,2,0.109,RENT,education,0
APP104904,29,563000.0,6.1,269000.0,84,7.89,,2,0,0.068,OWN,debt_consolidation,1
APP104905,49,335000.0,4.0,155000.0,36,5.0,706.0,1,0,0.154,RENT,debt_consolidation,0
APP104906,33,579000.0,8.7,741000.0,24,7.63,683.0,2,0,0.64,RENT,personal,1
APP104907,56,652000.0,7.2,190000.0,12,5.0,529.0,1,2,0.291,MORTGAGE,business,1
APP104908,56,896000.0,10.1,545000.0,12,10.9,696.0,0,1,0.608,RENT,medical,0
APP104909,49,633000.0,9.9,352000.0,60,8.55,739.0,0,0,0.111,RENT,business,0
APP104910,63,793000.0,2.9,800000.0,36,5.7,612.0,1,1,0.336,OWN,medical,1
APP104911,45,467000.0,0.5,696000.0,60,7.78,,0,0,0.298,MORTGAGE,personal,0
APP104912,22,120000.0,2.8,171000.0,36,8.05,713.0,0,0,0.475,RENT,education,0
APP104913,48,576000.0,6.0,174000.0,48,8.56,745.0,1,0,0.076,OWN,debt_consolidation,1
APP104914,55,658000.0,4.0,614000.0,48,7.65,715.0,3,0,0.233,RENT,home_improvement,0
APP104915,25,469000.0,3.9,96000.0,12,9.58,712.0,1,0,0.205,RENT,personal,0
APP104916,25,456000.0,2.6,592000.0,48,5.0,619.0,2,2,0.325,RENT,business,0
APP104917,33,452000.0,6.7,313000.0,60,7.22,684.0,1,0,0.138,MORTGAGE,personal,0
APP104918,58,560000.0,0.9,258000.0,12,11.43,544.0,3,2,0.461,RENT,home_improvement,1
APP104919,44,434000.0,7.4,370000.0,12,6.73,814.0,0,0,0.853,RENT,education,1
APP104920,64,425000.0,7.5,332000.0,36,8.03,743.0,1,0,0.26,RENT,debt_consolidation,0
APP104921,60,713000.0,9.9,1082000.0,84,5.31,667.0,2,0,0.217,MORTGAGE,personal,0
APP104922,45,759000.0,29.2,150000.0,84,12.25,734.0,2,2,0.028,OWN,debt_consolidation,1
APP104923,51,723000.0,0.4,1104000.0,24,8.13,656.0,0,0,0.763,OWN,personal,0
APP104924,35,219000.0,7.2,107000.0,60,5.0,692.0,2,2,0.098,MORTGAGE,medical,0
APP104925,25,542000.0,8.2,195000.0,60,9.9,759.0,0,0,0.072,OWN,business,0
APP104926,38,830000.0,2.8,1017000.0,60,5.14,679.0,1,0,0.245,MORTGAGE,medical,0
APP104927,47,556000.0,4.3,505000.0,12,9.0,612.0,0,1,0.908,RENT,education,1
APP104928,29,463000.0,3.3,671000.0,84,9.77,662.0,4,0,0.207,RENT,personal,1
APP104929,30,584000.0,7.5,547000.0,60,11.96,730.0,1,0,0.187,RENT,debt_consolidation,0
APP104930,21,580000.0,10.7,512000.0,48,7.99,627.0,3,0,0.221,RENT,education,1
APP104931,54,534000.0,1.8,240000.0,12,7.61,666.0,2,0,0.449,RENT,business,1
APP104932,61,545000.0,6.7,832000.0,24,5.0,795.0,1,0,0.763,OWN,debt_consolidation,0
APP104933,58,842000.0,12.2,938000.0,36,6.5,693.0,2,1,0.371,RENT,personal,0
APP104934,38,227000.0,2.9,232000.0,60,5.93,814.0,0,2,0.204,RENT,business,0
APP104935,47,686000.0,2.4,889000.0,60,7.1,729.0,2,0,0.259,MORTGAGE,debt_consolidation,0
APP104936,64,600000.0,2.1,178000.0,84,6.36,712.0,0,0,0.042,RENT,business,0
APP104937,47,562000.0,2.5,790000.0,36,9.23,674.0,0,0,0.469,OWN,education,1
APP104938,34,567000.0,16.0,497000.0,60,6.27,623.0,1,2,0.175,RENT,debt_consolidation,1
APP104939,36,901000.0,18.4,1183000.0,60,8.55,708.0,0,2,0.263,RENT,home_improvement,1
APP104940,53,765000.0,13.3,905000.0,12,7.25,710.0,1,0,1.183,RENT,education,0
APP104941,41,496000.0,4.0,399000.0,24,6.13,654.0,3,1,0.402,RENT,personal,1
APP104942,58,709000.0,13.6,898000.0,60,5.93,728.0,0,1,0.253,OWN,business,0
APP104943,59,606000.0,2.0,724000.0,48,8.01,676.0,1,0,0.299,RENT,debt_consolidation,1
APP104944,22,847000.0,8.8,132000.0,24,10.52,775.0,1,0,0.078,MORTGAGE,debt_consolidation,0
APP104945,53,409000.0,3.2,482000.0,60,5.89,722.0,2,0,0.236,RENT,debt_consolidation,1
APP104946,37,656000.0,1.8,582000.0,36,7.6,672.0,2,0,0.296,MORTGAGE,medical,1
APP104947,44,678000.0,6.6,927000.0,48,8.56,736.0,1,0,0.342,RENT,business,1
APP104948,32,753000.0,6.7,997000.0,60,7.46,578.0,0,1,0.265,OWN,business,0
APP104949,37,653000.0,7.2,260000.0,24,5.0,737.0,2,0,0.199,RENT,personal,0
APP104950,35,554000.0,7.8,101000.0,12,8.55,700.0,3,1,0.182,RENT,medical,0
APP104951,23,617000.0,6.3,268000.0,48,5.0,573.0,2,1,0.109,MORTGAGE,personal,0
APP104952,56,676000.0,4.6,828000.0,48,5.0,617.0,1,0,0.306,OWN,debt_consolidation,0
APP104953,27,589000.0,5.3,833000.0,36,5.0,713.0,0,0,0.471,MORTGAGE,home_improvement,0
APP104954,37,793000.0,8.9,925000.0,36,7.14,666.0,4,0,0.389,OWN,personal,0
APP104955,29,512000.0,6.2,686000.0,36,5.38,711.0,2,0,0.447,MORTGAGE,personal,0
APP104956,28,396000.0,3.5,397000.0,60,5.0,627.0,2,3,0.201,MORTGAGE,home_improvement,0
APP104957,37,408000.0,2.7,361000.0,48,8.34,753.0,0,2,0.221,RENT,debt_consolidation,0
APP104958,62,752000.0,5.2,1171000.0,24,7.44,701.0,1,0,0.779,RENT,business,1
APP104959,63,643000.0,12.2,172000.0,24,9.17,731.0,2,1,0.134,MORTGAGE,debt_consolidation,0
APP104960,38,520000.0,7.9,396000.0,36,5.9,709.0,0,0,0.254,RENT,education,0
APP104961,43,514000.0,12.6,284000.0,24,7.36,729.0,1,1,0.276,OWN,personal,0
APP104962,65,763000.0,3.9,249000.0,24,9.26,704.0,0,0,0.163,RENT,debt_consolidation,1
APP104963,31,393000.0,5.8,404000.0,60,5.0,650.0,1,0,0.206,MORTGAGE,personal,0
APP104964,63,513000.0,6.5,273000.0,60,6.04,662.0,1,1,0.106,RENT,education,1
APP104965,25,344000.0,9.2,283000.0,24,9.68,713.0,2,1,0.411,OWN,education,0
APP104966,31,397000.0,3.9,138000.0,60,7.54,626.0,1,1,0.07,OWN,business,0
APP104967,36,488000.0,7.8,349000.0,36,7.17,730.0,1,0,0.238,OWN,education,0
APP104968,22,560000.0,11.7,247000.0,48,7.42,696.0,4,1,0.11,OWN,personal,0
APP104969,57,625000.0,4.8,907000.0,60,10.19,720.0,0,1,0.29,RENT,personal,0
APP104970,59,688000.0,2.4,624000.0,36,7.45,765.0,0,0,0.302,RENT,medical,0
APP104971,38,690000.0,12.0,903000.0,48,7.6,846.0,1,0,0.327,RENT,debt_consolidation,0
APP104972,58,810000.0,8.4,692000.0,36,7.46,611.0,3,1,0.285,MORTGAGE,debt_consolidation,0
APP104973,55,311000.0,1.4,66000.0,60,5.0,701.0,0,0,0.042,RENT,business,1
APP104974,57,482000.0,4.9,558000.0,36,8.61,726.0,0,0,0.386,OWN,personal,0
APP104975,57,874000.0,16.6,192000.0,48,5.69,697.0,0,1,0.055,RENT,home_improvement,1
APP104976,46,647000.0,7.4,468000.0,24,5.0,789.0,1,0,0.362,RENT,education,0
APP104977,25,609000.0,5.2,574000.0,36,5.0,780.0,2,0,0.314,OWN,personal,0
APP104978,62,417000.0,2.2,534000.0,36,5.0,838.0,1,0,0.427,RENT,debt_consolidation,0
APP104979,48,493000.0,2.2,716000.0,48,5.0,698.0,2,0,0.363,MORTGAGE,personal,0
APP104980,61,677000.0,8.8,303000.0,36,5.24,665.0,1,0,0.149,MORTGAGE,personal,1
APP104981,64,687000.0,2.3,764000.0,36,6.54,711.0,0,0,0.371,OWN,education,0
APP104982,29,507000.0,6.5,422000.0,12,9.83,652.0,3,0,0.832,RENT,personal,1
APP104983,39,612000.0,4.8,773000.0,36,7.63,766.0,1,0,0.421,OWN,home_improvement,0
APP104984,29,482000.0,6.3,729000.0,24,8.06,765.0,1,0,0.756,RENT,debt_consolidation,1
APP104985,23,648000.0,4.5,598000.0,36,10.31,735.0,4,0,0.308,MORTGAGE,medical,0
APP104986,64,974000.0,7.2,551000.0,36,5.0,821.0,0,1,0.189,OWN,debt_consolidation,0
APP104987,62,573000.0,9.9,749000.0,84,8.36,685.0,3,1,0.187,RENT,home_improvement,0
APP104988,62,683000.0,4.5,624000.0,36,8.19,693.0,0,0,0.305,OWN,personal,0
APP104989,60,841000.0,9.3,1202000.0,12,9.31,727.0,1,0,1.429,OWN,debt_consolidation,1
APP104990,50,794000.0,13.0,771000.0,60,5.0,683.0,1,0,0.194,RENT,home_improvement,0
APP104991,44,531000.0,,801000.0,12,6.24,677.0,2,0,1.508,OWN,education,1
APP104992,65,781000.0,8.6,137000.0,60,5.45,,2,0,0.035,OWN,business,0
APP104993,45,304000.0,1.8,371000.0,36,5.0,713.0,1,1,0.407,OWN,personal,0
APP104994,49,596000.0,4.6,389000.0,12,12.59,683.0,0,0,0.653,MORTGAGE,personal,0
APP104995,30,225000.0,1.2,252000.0,84,6.25,641.0,1,0,0.16,OWN,personal,0
APP104996,54,691000.0,3.4,1048000.0,36,9.54,748.0,2,0,0.506,OWN,home_improvement,0
APP104997,57,480000.0,4.6,527000.0,60,9.05,653.0,0,1,0.22,MORTGAGE,personal,0
APP104998,51,792000.0,17.6,974000.0,36,5.0,689.0,2,2,0.41,MORTGAGE,medical,0
APP104999,43,589000.0,2.8,223000.0,36,6.34,779.0,1,0,0.126,RENT,business,0
APP105000,29,495000.0,5.0,197000.0,36,7.63,774.0,0,0,0.133,OWN,business,0
APP105001,22,316000.0,2.4,310000.0,36,8.37,,1,1,0.327,RENT,home_improvement,0
APP105002,49,564000.0,4.3,437000.0,60,8.23,788.0,0,0,0.155,OWN,personal,0
APP105003,51,821000.0,7.3,255000.0,12,11.36,738.0,1,0,0.311,RENT,debt_consolidation,0
APP105004,55,614000.0,8.1,741000.0,36,9.5,666.0,1,0,0.402,OWN,medical,0
APP105005,63,678000.0,3.9,789000.0,24,8.95,845.0,2,0,0.582,OWN,home_improvement,0
APP105006,43,462000.0,3.1,131000.0,36,9.63,750.0,0,0,0.095,OWN,debt_consolidation,0
APP105007,58,920000.0,14.1,203000.0,24,10.48,765.0,1,0,0.11,MORTGAGE,personal,0
APP105008,53,624000.0,3.7,436000.0,36,6.13,709.0,0,1,0.233,MORTGAGE,debt_consolidation,1
APP105009,33,341000.0,0.6,364000.0,36,5.0,599.0,0,1,0.356,MORTGAGE,home_improvement,1
APP105010,59,747000.0,11.8,1080000.0,48,6.17,695.0,0,0,0.361,OWN,personal,0
APP105011,23,361000.0,0.8,282000.0,84,5.0,785.0,3,0,0.112,MORTGAGE,business,0
APP105012,47,882000.0,11.8,240000.0,24,5.34,628.0,1,0,0.136,RENT,education,1
APP105013,63,637000.0,1.3,872000.0,36,7.72,707.0,1,0,0.456,RENT,home_improvement,0
APP105014,50,361000.0,1.5,120000.0,36,6.28,701.0,1,1,0.111,RENT,home_improvement,0
APP105015,63,727000.0,2.0,781000.0,48,8.93,668.0,1,1,0.269,RENT,education,1
APP105016,23,697000.0,3.4,522000.0,36,8.17,801.0,1,1,0.25,RENT,home_improvement,1
APP105017,44,835000.0,11.8,1227000.0,12,8.3,557.0,2,3,1.469,RENT,personal,1
APP105018,56,445000.0,2.0,522000.0,48,5.0,684.0,0,0,0.293,RENT,education,1
APP105019,49,590000.0,7.2,89000.0,12,5.57,734.0,2,0,0.151,OWN,business,0
APP105020,60,679000.0,6.1,469000.0,12,5.0,754.0,0,0,0.691,MORTGAGE,personal,0
APP105021,41,558000.0,5.4,230000.0,60,8.75,699.0,1,1,0.082,MORTGAGE,home_improvement,1
APP105022,51,738000.0,10.4,414000.0,60,11.73,756.0,0,0,0.112,OWN,personal,0
APP105023,39,501000.0,5.7,365000.0,36,7.89,678.0,2,0,0.243,MORTGAGE,home_improvement,0
APP105024,60,546000.0,6.1,511000.0,12,8.09,713.0,0,0,0.936,RENT,personal,1
APP105025,26,652000.0,8.6,853000.0,36,6.33,679.0,0,0,0.436,OWN,medical,1
APP105026,32,315000.0,3.5,87000.0,36,7.02,721.0,0,1,0.092,MORTGAGE,business,0
APP105027,25,341000.0,5.1,269000.0,48,10.3,627.0,1,0,0.197,MORTGAGE,personal,0
APP105028,52,471000.0,6.5,652000.0,60,7.7,630.0,0,1,0.277,MORTGAGE,business,1
APP105029,31,644000.0,9.7,500000.0,36,8.91,742.0,2,1,0.259,MORTGAGE,debt_consolidation,1
APP105030,35,531000.0,4.6,479000.0,36,10.36,679.0,2,0,0.301,RENT,debt_consolidation,1
APP105031,58,791000.0,5.0,1012000.0,24,9.92,826.0,1,1,0.64,MORTGAGE,home_improvement,0
APP105032,37,439000.0,7.1,520000.0,48,7.57,672.0,1,1,0.296,RENT,home_improvement,1
APP105033,27,280000.0,4.7,249000.0,36,7.73,667.0,1,1,0.296,MORTGAGE,debt_consolidation,1
APP105034,21,343000.0,2.8,532000.0,48,6.65,798.0,0,0,0.388,RENT,debt_consolidation,0
APP105035,31,512000.0,8.6,104000.0,48,8.6,791.0,0,0,0.051,MORTGAGE,business,0
APP105036,62,723000.0,5.8,166000.0,24,6.59,675.0,2,1,0.115,MORTGAGE,personal,0
APP105037,45,313000.0,3.8,241000.0,60,8.27,676.0,2,1,0.154,RENT,business,0
APP105038,65,736000.0,2.0,279000.0,60,9.78,714.0,1,2,0.076,RENT,education,0
APP105039,30,305000.0,0.8,142000.0,48,5.0,724.0,1,0,0.116,MORTGAGE,debt_consolidation,0
APP105040,36,458000.0,7.4,168000.0,12,5.0,698.0,2,0,0.367,OWN,home_improvement,1
APP105041,28,628000.0,2.8,725000.0,24,7.4,678.0,1,1,0.577,RENT,business,0
APP105042,38,165000.0,1.2,126000.0,12,8.97,803.0,0,1,0.764,RENT,personal,1
APP105043,46,604000.0,2.5,821000.0,36,8.13,690.0,2,0,0.453,RENT,education,1
APP105044,57,718000.0,6.5,368000.0,24,5.0,688.0,0,1,0.256,MORTGAGE,personal,0
APP105045,37,382000.0,2.7,403000.0,60,9.48,714.0,1,0,0.211,MORTGAGE,medical,0
APP105046,55,592000.0,6.6,272000.0,36,11.7,719.0,2,0,0.153,RENT,medical,1
APP105047,49,767000.0,3.3,131000.0,36,5.59,686.0,0,0,0.057,OWN,business,0
APP105048,34,808000.0,5.0,928000.0,60,5.9,800.0,2,0,0.23,MORTGAGE,personal,0
APP105049,62,847000.0,5.4,306000.0,36,7.56,693.0,2,0,0.12,RENT,medical,0
APP105050,40,872000.0,8.3,1008000.0,36,7.22,709.0,3,1,0.385,MORTGAGE,debt_consolidation,0
APP105051,27,409000.0,8.4,471000.0,84,10.15,809.0,2,0,0.165,RENT,personal,0
APP105052,64,459000.0,5.2,514000.0,36,8.12,666.0,2,1,0.373,MORTGAGE,personal,0
APP105053,62,642000.0,2.3,647000.0,36,6.86,747.0,0,0,0.336,RENT,business,1
APP105054,23,643000.0,11.2,922000.0,36,6.2,647.0,0,1,0.478,RENT,personal,0
APP105055,61,382000.0,3.7,99000.0,48,5.0,676.0,1,0,0.065,OWN,business,0
APP105056,63,494000.0,0.4,742000.0,60,10.51,720.0,1,0,0.3,RENT,personal,0
APP105057,58,551000.0,6.3,135000.0,48,8.88,711.0,0,0,0.061,MORTGAGE,debt_consolidation,0
APP105058,32,573000.0,6.5,497000.0,24,7.3,702.0,5,1,0.434,MORTGAGE,home_improvement,1
APP105059,49,624000.0,3.8,929000.0,84,7.74,663.0,1,1,0.213,RENT,education,0
APP105060,45,419000.0,1.3,226000.0,36,7.26,,0,0,0.18,RENT,debt_consolidation,0
APP105061,48,577000.0,1.0,788000.0,60,5.0,662.0,3,0,0.273,OWN,home_improvement,0
APP105062,48,415000.0,4.1,419000.0,12,5.0,772.0,2,0,1.01,MORTGAGE,personal,1
APP105063,49,505000.0,2.1,706000.0,36,7.05,696.0,2,0,0.466,MORTGAGE,debt_consolidation,1
APP105064,44,441000.0,9.7,97000.0,60,7.01,705.0,0,0,0.044,RENT,personal,0
APP105065,52,586000.0,3.9,560000.0,48,7.47,672.0,1,0,0.239,RENT,debt_consolidation,1
APP105066,44,437000.0,3.6,185000.0,24,11.23,622.0,2,1,0.212,MORTGAGE,personal,1
APP105067,21,676000.0,16.4,119000.0,48,6.87,764.0,0,1,0.044,RENT,personal,0
APP105068,22,383000.0,0.4,440000.0,12,5.82,689.0,0,1,1.149,MORTGAGE,business,1
APP105069,64,660000.0,5.0,816000.0,36,7.62,865.0,0,1,0.412,RENT,medical,0
APP105070,61,892000.0,0.9,1086000.0,24,5.0,684.0,1,0,0.609,MORTGAGE,education,1
APP105071,47,733000.0,12.0,883000.0,24,7.84,622.0,1,1,0.602,RENT,debt_consolidation,1
APP105072,28,377000.0,1.2,494000.0,12,5.91,711.0,0,0,1.31,RENT,personal,1
APP105073,56,579000.0,6.7,481000.0,48,8.0,850.0,1,0,0.208,MORTGAGE,education,0
APP105074,27,307000.0,6.0,201000.0,48,7.1,752.0,0,0,0.164,RENT,personal,0
APP105075,37,472000.0,0.8,598000.0,36,7.19,718.0,0,0,0.422,MORTGAGE,personal,0
APP105076,35,587000.0,6.7,655000.0,48,8.88,696.0,1,0,0.279,RENT,personal,0
APP105077,21,127000.0,3.2,56000.0,36,9.12,691.0,2,0,0.147,OWN,personal,0
APP105078,57,480000.0,7.7,375000.0,84,11.97,775.0,3,0,0.112,MORTGAGE,personal,1
APP105079,43,468000.0,,194000.0,60,9.03,681.0,0,0,0.083,MORTGAGE,personal,0
APP105080,35,376000.0,6.7,481000.0,84,6.96,698.0,1,1,0.183,MORTGAGE,business,1
APP105081,43,570000.0,4.6,290000.0,60,6.11,684.0,6,0,0.102,MORTGAGE,personal,0
APP105082,21,484000.0,6.7,510000.0,48,8.26,706.0,0,1,0.263,MORTGAGE,debt_consolidation,0
APP105083,40,563000.0,7.6,685000.0,12,10.72,662.0,0,2,1.217,RENT,education,1
APP105084,44,648000.0,4.3,1029000.0,60,9.38,612.0,1,1,0.318,RENT,business,1
APP105085,36,423000.0,3.7,329000.0,60,5.93,721.0,2,0,0.156,OWN,debt_consolidation,0
APP105086,58,680000.0,7.4,962000.0,36,8.5,702.0,2,0,0.472,OWN,home_improvement,0
APP105087,32,331000.0,3.3,369000.0,24,7.99,768.0,3,0,0.557,OWN,personal,0
APP105088,27,506000.0,4.3,82000.0,36,9.81,663.0,0,2,0.054,RENT,medical,1
APP105089,44,687000.0,13.5,493000.0,36,8.16,707.0,1,1,0.239,RENT,home_improvement,1
APP105090,60,491000.0,5.1,354000.0,84,8.08,,3,1,0.103,OWN,debt_consolidation,0
APP105091,37,550000.0,8.4,178000.0,24,5.0,754.0,1,0,0.162,OWN,home_improvement,0
APP105092,23,417000.0,2.9,327000.0,24,9.24,609.0,2,0,0.392,OWN,education,0
APP105093,64,757000.0,6.7,241000.0,12,5.0,714.0,1,1,0.318,RENT,business,0
APP105094,40,591000.0,4.4,805000.0,36,7.7,599.0,1,1,0.454,OWN,home_improvement,1
APP105095,28,355000.0,3.8,240000.0,48,6.29,698.0,1,0,0.169,RENT,medical,0
APP105096,48,662000.0,0.8,275000.0,48,6.16,720.0,1,1,0.104,RENT,debt_consolidation,1
APP105097,35,564000.0,2.1,577000.0,24,8.78,801.0,1,1,0.512,RENT,education,0
APP105098,63,725000.0,17.1,1010000.0,60,7.49,691.0,1,0,0.279,RENT,debt_consolidation,0
APP105099,34,338000.0,4.6,509000.0,36,5.0,,3,0,0.502,RENT,home_improvement,1
APP105100,45,484000.0,5.1,700000.0,24,7.06,638.0,0,0,0.723,RENT,debt_consolidation,0
APP105101,45,413000.0,9.5,590000.0,24,6.65,699.0,0,0,0.714,OWN,debt_consolidation,1
APP105102,31,542000.0,6.2,355000.0,36,10.27,849.0,1,0,0.218,RENT,personal,0
APP105103,43,731000.0,3.8,645000.0,36,5.0,640.0,0,0,0.294,OWN,debt_consolidation,1
APP105104,25,659000.0,3.8,454000.0,48,11.72,529.0,0,1,0.172,RENT,education,0
APP105105,49,403000.0,1.9,599000.0,12,9.38,763.0,1,0,1.486,RENT,personal,1
APP105106,55,783000.0,7.1,223000.0,60,6.89,781.0,0,0,0.057,RENT,medical,0
APP105107,63,727000.0,7.2,693000.0,36,6.58,728.0,1,0,0.318,OWN,home_improvement,0
APP105108,35,162000.0,5.1,82000.0,24,6.1,737.0,0,0,0.253,RENT,personal,0
APP105109,33,452000.0,4.5,625000.0,48,8.2,726.0,2,1,0.346,RENT,debt_consolidation,0
APP105110,45,541000.0,7.3,347000.0,48,5.77,742.0,1,1,0.16,MORTGAGE,debt_consolidation,0
APP105111,52,766000.0,1.9,1074000.0,84,7.24,631.0,1,1,0.2,OWN,debt_consolidation,0
APP105112,65,587000.0,6.5,878000.0,36,5.11,655.0,1,0,0.499,MORTGAGE,education,0
APP105113,22,634000.0,14.0,253000.0,24,9.07,693.0,0,0,0.2,RENT,medical,0
APP105114,31,455000.0,2.9,566000.0,84,7.87,665.0,2,0,0.178,OWN,debt_consolidation,0
APP105115,32,276000.0,4.2,181000.0,36,6.47,759.0,1,0,0.219,OWN,business,1
APP105116,32,498000.0,11.6,366000.0,48,6.97,801.0,0,0,0.184,MORTGAGE,debt_consolidation,0
APP105117,41,787000.0,5.1,431000.0,12,5.98,702.0,1,0,0.548,OWN,personal,0
APP105118,60,691000.0,8.9,722000.0,36,8.19,726.0,3,0,0.348,RENT,business,0
APP105119,22,598000.0,6.7,387000.0,84,5.0,728.0,0,0,0.092,RENT,debt_consolidation,1
APP105120,57,805000.0,7.1,985000.0,84,9.48,614.0,2,2,0.175,RENT,home_improvement,1
APP105121,48,504000.0,2.8,645000.0,84,7.88,640.0,1,1,0.183,OWN,personal,0
APP105122,48,378000.0,2.7,273000.0,60,6.51,720.0,1,0,0.144,RENT,home_improvement,1
APP105123,51,480000.0,8.1,75000.0,36,8.79,769.0,1,0,0.052,MORTGAGE,education,0
APP105124,26,641000.0,1.4,158000.0,36,8.35,717.0,0,1,0.082,MORTGAGE,business,0
APP105125,54,648000.0,,354000.0,12,5.2,681.0,1,1,0.546,RENT,education,1
APP105126,32,270000.0,7.3,414000.0,60,10.38,811.0,0,0,0.307,MORTGAGE,debt_consolidation,1
APP105127,44,689000.0,4.2,497000.0,48,5.0,796.0,2,0,0.18,MORTGAGE,debt_consolidation,0
APP105128,51,342000.0,4.5,420000.0,48,9.9,646.0,0,0,0.307,RENT,debt_consolidation,0
APP105129,48,524000.0,9.2,790000.0,36,7.14,646.0,3,0,0.503,MORTGAGE,business,0
APP105130,35,623000.0,12.6,402000.0,24,9.68,637.0,0,1,0.323,OWN,business,1
APP105131,38,1115000.0,21.6,1075000.0,60,10.67,804.0,1,0,0.193,RENT,personal,0
APP105132,42,766000.0,11.8,1062000.0,84,6.56,691.0,1,1,0.198,RENT,business,0
APP105133,22,352000.0,3.5,367000.0,36,6.66,712.0,2,0,0.348,MORTGAGE,debt_consolidation,1
APP105134,53,601000.0,2.4,188000.0,12,8.19,730.0,0,1,0.313,RENT,debt_consolidation,0
APP105135,25,580000.0,3.5,734000.0,60,5.01,698.0,0,1,0.253,OWN,education,1
APP105136,41,798000.0,7.4,1166000.0,48,6.77,699.0,0,0,0.365,MORTGAGE,personal,1
APP105137,50,558000.0,3.8,706000.0,48,6.58,639.0,0,1,0.316,MORTGAGE,education,1
APP105138,24,396000.0,2.9,492000.0,84,5.0,685.0,0,1,0.177,OWN,debt_consolidation,1
APP105139,65,679000.0,13.6,846000.0,48,6.47,791.0,0,0,0.311,RENT,business,0
APP105140,37,616000.0,3.7,640000.0,48,9.16,606.0,0,1,0.26,OWN,personal,0
APP105141,21,614000.0,7.0,313000.0,48,9.0,680.0,3,0,0.127,OWN,business,0
APP105142,50,341000.0,6.8,502000.0,36,7.11,618.0,1,0,0.491,RENT,education,0
APP105143,46,476000.0,0.8,160000.0,36,7.64,679.0,1,3,0.112,MORTGAGE,business,0
APP105144,49,519000.0,13.1,700000.0,24,6.83,646.0,1,0,0.674,RENT,education,1
APP105145,54,618000.0,1.8,415000.0,48,5.0,598.0,1,1,0.168,RENT,home_improvement,0
APP105146,42,332000.0,1.3,374000.0,24,5.26,740.0,0,1,0.563,RENT,medical,1
APP105147,58,441000.0,3.4,581000.0,60,9.61,654.0,1,1,0.263,OWN,business,1
APP105148,37,669000.0,2.4,875000.0,36,10.13,598.0,3,0,0.436,RENT,personal,1
APP105149,45,636000.0,11.7,244000.0,48,5.61,707.0,1,2,0.096,MORTGAGE,debt_consolidation,0
APP105150,28,482000.0,6.1,499000.0,12,9.96,738.0,0,0,1.035,OWN,personal,0
APP105151,48,640000.0,3.1,295000.0,36,5.0,824.0,1,0,0.154,MORTGAGE,personal,0
APP105152,32,602000.0,1.2,188000.0,36,6.36,600.0,3,1,0.104,RENT,personal,0
APP105153,52,580000.0,6.7,519000.0,48,7.24,679.0,0,0,0.224,RENT,personal,0
APP105154,57,581000.0,4.0,919000.0,12,6.9,669.0,2,0,1.582,MORTGAGE,medical,1
APP105155,59,633000.0,7.3,996000.0,36,5.98,751.0,1,1,0.524,MORTGAGE,personal,0
APP105156,62,859000.0,6.2,843000.0,60,7.78,623.0,0,0,0.196,RENT,education,0
APP105157,26,426000.0,2.5,541000.0,48,9.21,687.0,2,0,0.317,MORTGAGE,home_improvement,0
APP105158,27,464000.0,8.0,238000.0,60,5.0,721.0,0,1,0.103,MORTGAGE,home_improvement,0
APP105159,62,700000.0,1.6,333000.0,60,7.78,787.0,0,0,0.095,RENT,personal,0
APP105160,38,799000.0,3.9,938000.0,48,9.62,642.0,1,1,0.293,RENT,debt_consolidation,0
APP105161,22,445000.0,4.3,574000.0,36,6.59,743.0,0,0,0.43,RENT,education,1
APP105162,33,465000.0,4.8,570000.0,36,6.3,647.0,2,1,0.409,MORTGAGE,debt_consolidation,1
APP105163,58,907000.0,1.5,273000.0,12,5.63,644.0,1,0,0.301,RENT,medical,1
APP105164,36,801000.0,11.3,534000.0,24,11.9,716.0,2,0,0.333,RENT,debt_consolidation,1
APP105165,24,602000.0,2.5,129000.0,36,10.79,681.0,3,0,0.071,OWN,debt_consolidation,0
APP105166,53,504000.0,0.9,650000.0,60,6.85,729.0,2,0,0.258,RENT,education,0
APP105167,29,410000.0,6.3,247000.0,48,10.1,784.0,3,1,0.151,OWN,business,0
APP105168,36,394000.0,16.9,305000.0,36,6.34,748.0,0,1,0.258,RENT,medical,0
APP105169,21,530000.0,0.8,524000.0,60,7.16,692.0,3,0,0.198,OWN,medical,1
APP105170,48,661000.0,9.3,100000.0,36,5.17,767.0,0,0,0.05,RENT,medical,0
APP105171,41,286000.0,5.0,190000.0,24,5.0,650.0,1,1,0.332,MORTGAGE,business,0
APP105172,60,809000.0,1.6,974000.0,12,6.22,764.0,0,0,1.204,MORTGAGE,medical,1
APP105173,36,467000.0,4.3,264000.0,60,6.56,681.0,1,0,0.113,MORTGAGE,home_improvement,0
APP105174,30,568000.0,14.2,555000.0,48,8.44,746.0,2,0,0.244,RENT,education,0
APP105175,28,336000.0,12.1,526000.0,48,8.94,683.0,2,1,0.391,OWN,debt_consolidation,1
APP105176,30,795000.0,24.3,255000.0,48,7.23,742.0,1,0,0.08,MORTGAGE,debt_consolidation,0
APP105177,41,671000.0,8.3,362000.0,48,5.32,776.0,2,1,0.135,MORTGAGE,home_improvement,0
APP105178,24,426000.0,3.3,486000.0,36,6.05,657.0,2,0,0.38,RENT,business,0
APP105179,39,532000.0,9.2,541000.0,48,11.0,753.0,1,0,0.254,RENT,business,0
APP105180,59,1030000.0,2.7,1615000.0,24,8.88,671.0,0,1,0.784,RENT,education,1
APP105181,55,455000.0,4.6,91000.0,36,10.63,730.0,2,1,0.067,OWN,medical,0
APP105182,49,469000.0,2.8,667000.0,36,11.41,641.0,1,0,0.474,RENT,business,1
APP105183,61,821000.0,8.2,705000.0,12,6.05,678.0,1,1,0.859,MORTGAGE,education,1
APP105184,56,526000.0,7.7,252000.0,60,9.3,682.0,0,0,0.096,MORTGAGE,personal,0
APP105185,50,423000.0,3.0,372000.0,12,5.52,773.0,1,1,0.879,RENT,business,0
APP105186,59,902000.0,10.7,674000.0,36,9.77,801.0,1,0,0.249,MORTGAGE,home_improvement,0
APP105187,26,653000.0,13.0,268000.0,36,9.32,695.0,1,0,0.137,RENT,medical,0
APP105188,57,704000.0,3.3,330000.0,48,5.0,661.0,0,0,0.117,RENT,personal,0
APP105189,34,563000.0,6.8,320000.0,24,8.39,706.0,0,0,0.284,RENT,education,0
APP105190,53,627000.0,13.6,596000.0,60,5.62,780.0,1,0,0.19,MORTGAGE,home_improvement,0
APP105191,62,660000.0,6.3,179000.0,36,6.75,718.0,0,1,0.09,RENT,home_improvement,0
APP105192,43,543000.0,3.9,151000.0,24,6.05,658.0,2,1,0.139,OWN,home_improvement,0
APP105193,24,577000.0,4.7,364000.0,12,9.5,790.0,0,0,0.631,MORTGAGE,home_improvement,1
APP105194,37,575000.0,3.3,676000.0,60,6.0,707.0,1,1,0.235,OWN,personal,0
APP105195,39,476000.0,10.9,747000.0,36,5.0,693.0,0,0,0.523,RENT,medical,0
APP105196,63,866000.0,10.0,145000.0,36,5.72,598.0,3,0,0.056,RENT,business,1
APP105197,63,409000.0,2.7,638000.0,24,7.03,838.0,0,0,0.78,RENT,debt_consolidation,1
APP105198,46,515000.0,3.1,590000.0,36,8.4,672.0,1,1,0.382,RENT,personal,1
APP105199,63,472000.0,1.3,687000.0,36,10.13,,0,0,0.485,RENT,business,1
APP105200,40,450000.0,7.4,417000.0,24,8.63,751.0,0,0,0.463,MORTGAGE,medical,0
APP105201,39,795000.0,1.8,653000.0,48,8.78,,3,0,0.205,OWN,medical,0
APP105202,58,598000.0,18.4,771000.0,60,9.12,827.0,0,0,0.258,RENT,home_improvement,0
APP105203,51,462000.0,2.4,438000.0,36,9.3,782.0,1,0,0.316,RENT,home_improvement,0
APP105204,44,599000.0,0.7,869000.0,36,9.77,680.0,0,1,0.484,RENT,business,1
APP105205,41,447000.0,1.8,646000.0,36,13.01,625.0,1,1,0.482,RENT,personal,1
APP105206,52,660000.0,6.2,607000.0,60,9.26,713.0,2,1,0.184,OWN,personal,0
APP105207,54,845000.0,4.7,830000.0,48,8.13,787.0,1,0,0.246,RENT,business,1
APP105208,43,635000.0,,515000.0,24,6.48,654.0,1,2,0.406,MORTGAGE,debt_consolidation,1
APP105209,22,366000.0,4.5,421000.0,48,8.18,708.0,0,0,0.288,RENT,medical,1
APP105210,25,416000.0,3.0,474000.0,36,10.04,667.0,2,0,0.38,RENT,business,1
APP105211,27,579000.0,7.3,633000.0,12,5.0,687.0,0,1,1.093,MORTGAGE,debt_consolidation,1
APP105212,41,614000.0,1.9,148000.0,84,10.27,697.0,2,0,0.034,MORTGAGE,personal,0
APP105213,48,607000.0,5.5,939000.0,24,6.56,704.0,0,0,0.773,RENT,business,0
APP105214,57,714000.0,5.7,455000.0,36,6.99,641.0,1,1,0.212,RENT,home_improvement,1
APP105215,31,548000.0,4.8,278000.0,48,8.65,820.0,0,0,0.127,MORTGAGE,debt_consolidation,0
APP105216,56,653000.0,6.7,298000.0,48,6.34,720.0,0,0,0.114,RENT,debt_consolidation,0
APP105217,50,512000.0,4.4,128000.0,12,8.51,672.0,0,1,0.25,MORTGAGE,business,0
APP105218,23,598000.0,8.2,486000.0,48,5.0,747.0,0,0,0.203,OWN,business,0
APP105219,36,567000.0,4.8,119000.0,48,9.43,697.0,2,1,0.052,MORTGAGE,debt_consolidation,0
APP105220,34,276000.0,11.2,106000.0,60,7.93,730.0,1,0,0.077,OWN,education,0
APP105221,60,552000.0,5.5,87000.0,24,7.49,594.0,2,2,0.079,OWN,home_improvement,0
APP105222,62,679000.0,10.8,274000.0,12,8.1,741.0,0,0,0.404,RENT,business,0
APP105223,57,599000.0,3.1,954000.0,84,7.46,725.0,1,0,0.228,MORTGAGE,education,1
APP105224,44,720000.0,2.1,673000.0,48,8.47,742.0,0,0,0.234,RENT,medical,1
APP105225,43,1086000.0,8.1,269000.0,36,7.04,751.0,0,0,0.083,RENT,debt_consolidation,1
APP105226,35,149000.0,4.8,144000.0,48,6.86,703.0,1,1,0.242,RENT,business,0
APP105227,55,632000.0,0.5,645000.0,24,5.0,634.0,0,1,0.51,OWN,debt_consolidation,0
APP105228,24,436000.0,2.6,412000.0,84,10.5,865.0,0,0,0.135,RENT,debt_consolidation,0
APP105229,33,495000.0,6.2,315000.0,48,5.0,711.0,2,1,0.159,OWN,home_improvement,0
APP105230,27,547000.0,4.5,603000.0,60,11.05,734.0,1,1,0.22,MORTGAGE,personal,1
APP105231,43,560000.0,2.5,200000.0,36,6.97,759.0,0,0,0.119,RENT,debt_consolidation,0
APP105232,34,457000.0,4.8,214000.0,60,10.18,714.0,1,0,0.094,OWN,home_improvement,1
APP105233,29,493000.0,5.4,785000.0,36,9.79,630.0,2,1,0.531,OWN,medical,0
APP105234,37,566000.0,0.9,426000.0,24,9.62,710.0,0,0,0.376,RENT,medical,0
APP105235,59,800000.0,10.6,291000.0,36,7.6,660.0,0,1,0.121,OWN,personal,0
APP105236,46,701000.0,12.2,326000.0,60,5.0,652.0,1,0,0.093,OWN,debt_consolidation,1
APP105237,58,542000.0,2.6,650000.0,48,7.1,812.0,0,1,0.3,MORTGAGE,debt_consolidation,0
APP105238,62,1243000.0,16.5,396000.0,36,6.81,798.0,0,0,0.106,RENT,personal,0
APP105239,61,725000.0,4.6,481000.0,24,7.28,708.0,3,0,0.332,MORTGAGE,home_improvement,0
APP105240,36,615000.0,2.9,385000.0,48,5.0,664.0,1,2,0.157,OWN,business,1
APP105241,60,567000.0,2.8,272000.0,48,6.87,703.0,0,2,0.12,RENT,personal,0
APP105242,61,834000.0,15.8,702000.0,36,5.0,717.0,3,0,0.281,RENT,home_improvement,0
APP105243,64,684000.0,1.9,212000.0,48,6.84,681.0,1,0,0.077,RENT,home_improvement,0
APP105244,36,245000.0,5.5,199000.0,24,7.78,,1,0,0.406,MORTGAGE,business,0
APP105245,31,401000.0,6.0,79000.0,36,5.78,626.0,3,1,0.066,RENT,personal,0
APP105246,47,520000.0,8.2,810000.0,36,6.91,765.0,4,0,0.519,MORTGAGE,debt_consolidation,1
APP105247,62,594000.0,5.2,610000.0,24,7.86,713.0,2,0,0.513,OWN,medical,1
APP105248,61,636000.0,15.0,165000.0,36,9.73,736.0,3,0,0.086,MORTGAGE,debt_consolidation,1
APP105249,46,737000.0,17.0,314000.0,60,9.82,688.0,2,1,0.085,RENT,education,0
APP105250,27,775000.0,12.8,944000.0,24,8.17,618.0,4,1,0.609,RENT,business,1
APP105251,40,588000.0,6.5,712000.0,24,7.44,683.0,1,0,0.605,RENT,business,1
APP105252,53,504000.0,9.4,342000.0,36,8.28,745.0,1,0,0.226,RENT,personal,1
APP105253,46,417000.0,3.8,152000.0,36,11.46,670.0,1,0,0.122,RENT,debt_consolidation,1
APP105254,36,539000.0,10.8,500000.0,60,8.6,601.0,4,2,0.186,OWN,business,0
APP105255,36,290000.0,3.0,160000.0,60,8.07,747.0,2,0,0.11,MORTGAGE,debt_consolidation,0
APP105256,23,461000.0,2.3,134000.0,48,9.86,709.0,1,1,0.073,MORTGAGE,personal,0
APP105257,33,677000.0,2.2,441000.0,36,7.61,,1,0,0.217,MORTGAGE,personal,0
APP105258,51,558000.0,7.4,691000.0,12,5.62,799.0,0,0,1.238,RENT,medical,1
APP105259,31,613000.0,13.8,407000.0,36,8.51,807.0,1,0,0.221,MORTGAGE,debt_consolidation,1
APP105260,65,751000.0,14.6,157000.0,48,7.87,734.0,0,0,0.052,RENT,debt_consolidation,0
APP105261,24,306000.0,0.5,99000.0,24,7.02,608.0,2,0,0.162,MORTGAGE,debt_consolidation,1
APP105262,47,678000.0,9.8,688000.0,60,8.7,578.0,3,2,0.203,RENT,home_improvement,1
APP105263,43,434000.0,2.1,394000.0,84,5.0,655.0,1,1,0.13,OWN,business,0
APP105264,58,734000.0,21.4,828000.0,48,6.31,781.0,2,1,0.282,MORTGAGE,home_improvement,0
APP105265,60,385000.0,1.5,377000.0,36,5.57,702.0,0,1,0.326,RENT,education,0
APP105266,45,542000.0,1.0,472000.0,60,5.8,626.0,0,1,0.174,RENT,debt_consolidation,1
APP105267,49,823000.0,9.9,690000.0,24,7.16,810.0,1,0,0.419,OWN,education,0
APP105268,52,711000.0,3.6,1098000.0,84,5.5,715.0,1,0,0.221,RENT,education,0
APP105269,44,780000.0,3.5,1092000.0,36,11.19,744.0,3,0,0.467,MORTGAGE,personal,0
APP105270,29,354000.0,2.6,250000.0,48,8.49,689.0,2,0,0.177,RENT,personal,0
APP105271,40,654000.0,3.0,718000.0,12,5.75,583.0,1,1,1.098,RENT,personal,1
APP105272,31,393000.0,10.2,71000.0,48,5.0,634.0,1,0,0.045,MORTGAGE,personal,0
APP105273,41,629000.0,2.2,113000.0,36,6.22,614.0,4,1,0.06,OWN,business,1
APP105274,48,837000.0,4.4,512000.0,24,6.77,708.0,1,1,0.306,MORTGAGE,education,0
APP105275,30,529000.0,2.0,658000.0,36,6.1,747.0,0,0,0.415,OWN,education,1
APP105276,32,756000.0,5.4,1128000.0,24,13.09,806.0,3,0,0.746,MORTGAGE,medical,1
APP105277,58,549000.0,3.4,626000.0,24,5.0,697.0,0,1,0.57,RENT,education,0
APP105278,37,536000.0,7.0,629000.0,60,7.61,719.0,1,0,0.235,MORTGAGE,personal,1
APP105279,29,378000.0,7.6,74000.0,12,7.21,672.0,1,0,0.196,RENT,personal,0
APP105280,53,741000.0,14.0,1111000.0,48,6.95,798.0,0,0,0.375,OWN,debt_consolidation,0
APP105281,53,854000.0,20.5,236000.0,12,5.0,831.0,1,0,0.276,OWN,education,0
APP105282,58,636000.0,2.8,969000.0,48,7.41,673.0,2,0,0.381,RENT,education,0
APP105283,55,608000.0,8.3,216000.0,84,7.9,712.0,2,0,0.051,MORTGAGE,debt_consolidation,1
APP105284,65,607000.0,3.4,120000.0,36,9.06,709.0,1,1,0.066,RENT,education,0
APP105285,46,668000.0,7.5,646000.0,84,8.56,681.0,1,0,0.138,MORTGAGE,home_improvement,0
APP105286,33,512000.0,7.3,161000.0,48,10.18,609.0,0,1,0.079,RENT,personal,0
APP105287,59,516000.0,7.1,99000.0,48,5.0,733.0,1,0,0.048,OWN,personal,0
APP105288,32,262000.0,8.7,293000.0,24,6.98,742.0,3,0,0.559,RENT,home_improvement,1
APP105289,34,432000.0,5.6,527000.0,84,13.01,624.0,0,2,0.174,OWN,business,1
APP105290,58,435000.0,3.7,250000.0,60,9.83,726.0,0,0,0.115,OWN,personal,0
APP105291,60,549000.0,5.4,507000.0,24,5.0,835.0,1,0,0.462,RENT,medical,0
APP105292,36,637000.0,19.5,637000.0,12,7.69,754.0,1,2,1.0,MORTGAGE,home_improvement,1
APP105293,53,583000.0,3.1,223000.0,36,5.2,717.0,1,1,0.128,MORTGAGE,debt_consolidation,0
APP105294,62,569000.0,3.9,448000.0,24,6.55,670.0,0,1,0.394,MORTGAGE,education,0
APP105295,56,946000.0,2.6,1016000.0,36,11.9,697.0,7,0,0.358,MORTGAGE,medical,0
APP105296,21,196000.0,0.8,281000.0,84,9.61,622.0,1,0,0.205,RENT,home_improvement,0
APP105297,50,788000.0,4.7,597000.0,60,5.0,669.0,3,1,0.152,MORTGAGE,personal,1
APP105298,28,488000.0,7.9,568000.0,36,5.82,698.0,1,0,0.388,OWN,business,0
APP105299,59,533000.0,2.3,468000.0,24,7.5,,3,1,0.439,RENT,business,0
APP105300,24,633000.0,12.6,744000.0,36,6.92,625.0,0,0,0.392,OWN,personal,1
APP105301,65,654000.0,6.8,846000.0,60,8.19,853.0,2,0,0.259,OWN,medical,0
APP105302,28,421000.0,10.3,387000.0,60,5.8,707.0,1,0,0.184,RENT,debt_consolidation,0
APP105303,39,829000.0,6.4,198000.0,60,6.69,821.0,0,0,0.048,RENT,home_improvement,0
APP105304,31,160000.0,4.4,227000.0,60,5.77,732.0,1,1,0.284,OWN,medical,0
APP105305,57,600000.0,3.7,613000.0,36,6.69,699.0,2,1,0.341,RENT,home_improvement,0
APP105306,38,581000.0,6.2,593000.0,24,9.05,717.0,0,1,0.51,RENT,education,0
APP105307,54,864000.0,6.6,768000.0,60,8.15,700.0,1,1,0.178,MORTGAGE,personal,1
APP105308,24,374000.0,3.3,150000.0,48,5.96,663.0,1,1,0.1,OWN,education,0
APP105309,41,947000.0,4.3,810000.0,60,9.99,752.0,0,0,0.171,RENT,personal,0
APP105310,61,934000.0,17.0,867000.0,48,9.84,743.0,0,0,0.232,OWN,medical,0
APP105311,62,333000.0,5.5,235000.0,24,7.5,761.0,0,0,0.353,RENT,debt_consolidation,0
APP105312,30,283000.0,5.9,104000.0,36,6.93,754.0,0,0,0.122,MORTGAGE,home_improvement,0
APP105313,38,685000.0,14.3,860000.0,60,11.38,700.0,3,0,0.251,RENT,home_improvement,1
APP105314,39,392000.0,6.6,318000.0,36,11.04,705.0,0,0,0.27,RENT,education,1
APP105315,46,668000.0,5.0,779000.0,24,5.0,708.0,1,1,0.583,RENT,personal,0
APP105316,45,573000.0,10.1,125000.0,48,10.13,717.0,2,1,0.055,MORTGAGE,home_improvement,1
APP105317,25,324000.0,8.6,286000.0,36,11.29,710.0,0,0,0.294,RENT,personal,0
APP105318,55,507000.0,6.0,130000.0,48,8.94,677.0,0,0,0.064,MORTGAGE,business,0
APP105319,31,641000.0,6.4,778000.0,48,6.47,747.0,0,0,0.303,MORTGAGE,debt_consolidation,0
APP105320,35,205000.0,4.0,203000.0,48,6.74,738.0,1,0,0.248,RENT,debt_consolidation,0
APP105321,58,778000.0,1.9,626000.0,84,11.26,730.0,0,0,0.115,RENT,medical,0
APP105322,52,816000.0,7.7,1273000.0,24,9.34,730.0,0,0,0.78,MORTGAGE,personal,0
APP105323,38,443000.0,1.2,276000.0,84,8.7,766.0,0,0,0.089,RENT,debt_consolidation,0
APP105324,62,434000.0,1.9,331000.0,60,12.63,634.0,4,0,0.153,RENT,business,0
APP105325,38,613000.0,4.3,748000.0,60,5.28,665.0,2,0,0.244,RENT,home_improvement,1
APP105326,46,500000.0,3.9,456000.0,60,7.3,650.0,2,1,0.182,OWN,debt_consolidation,0
APP105327,32,314000.0,8.3,347000.0,12,7.92,712.0,2,0,1.105,RENT,personal,1
APP105328,29,829000.0,9.9,1298000.0,36,7.03,687.0,2,0,0.522,OWN,debt_consolidation,0
APP105329,43,599000.0,18.6,694000.0,24,5.0,667.0,0,2,0.579,RENT,debt_consolidation,1
APP105330,46,317000.0,1.0,117000.0,48,9.71,763.0,1,0,0.092,OWN,personal,0
APP105331,57,720000.0,7.1,327000.0,12,5.85,730.0,0,0,0.454,MORTGAGE,debt_consolidation,1
APP105332,38,551000.0,6.9,778000.0,12,5.81,769.0,1,0,1.412,MORTGAGE,debt_consolidation,1
APP105333,61,915000.0,6.3,201000.0,60,6.71,687.0,2,1,0.044,OWN,personal,0
APP105334,48,573000.0,7.7,509000.0,60,6.99,668.0,0,1,0.178,RENT,business,0
APP105335,24,445000.0,8.9,651000.0,48,7.23,790.0,1,0,0.366,MORTGAGE,medical,0
APP105336,54,778000.0,12.8,992000.0,36,9.62,705.0,2,0,0.425,RENT,home_improvement,0
APP105337,46,633000.0,6.4,201000.0,60,10.07,751.0,0,0,0.064,MORTGAGE,debt_consolidation,0
APP105338,38,699000.0,15.5,855000.0,84,6.93,782.0,1,0,0.175,RENT,debt_consolidation,0
APP105339,42,620000.0,6.4,436000.0,12,6.18,722.0,0,0,0.703,RENT,business,1
APP105340,34,521000.0,3.5,759000.0,24,7.22,686.0,3,0,0.728,OWN,home_improvement,1
APP105341,48,548000.0,6.0,537000.0,60,5.53,634.0,3,1,0.196,OWN,debt_consolidation,0
APP105342,46,681000.0,2.5,644000.0,12,7.44,731.0,0,0,0.946,MORTGAGE,personal,0
APP105343,41,473000.0,2.6,77000.0,48,5.42,591.0,4,2,0.041,RENT,personal,0
APP105344,33,624000.0,4.6,319000.0,36,12.18,677.0,1,1,0.17,RENT,medical,0
APP105345,38,735000.0,4.1,550000.0,36,7.78,699.0,1,0,0.249,RENT,home_improvement,0
APP105346,43,558000.0,12.6,669000.0,12,6.32,658.0,0,2,1.199,OWN,education,0
APP105347,42,917000.0,4.5,829000.0,48,9.05,706.0,1,1,0.226,MORTGAGE,medical,0
APP105348,34,374000.0,2.2,518000.0,48,5.0,787.0,0,0,0.346,RENT,debt_consolidation,0
APP105349,47,489000.0,5.2,98000.0,60,5.93,745.0,0,1,0.04,OWN,personal,1
APP105350,31,594000.0,6.4,367000.0,36,8.43,626.0,0,0,0.206,RENT,personal,1
APP105351,43,641000.0,5.6,652000.0,60,7.8,724.0,1,0,0.203,MORTGAGE,debt_consolidation,1
APP105352,26,442000.0,2.1,488000.0,24,9.81,846.0,0,0,0.552,RENT,personal,0
APP105353,42,787000.0,13.5,691000.0,24,5.0,743.0,1,0,0.439,OWN,home_improvement,0
APP105354,56,635000.0,0.9,462000.0,84,9.3,703.0,0,0,0.104,MORTGAGE,personal,0
APP105355,57,969000.0,5.6,246000.0,12,6.3,717.0,0,3,0.254,MORTGAGE,personal,0
APP105356,52,578000.0,2.0,670000.0,24,5.0,666.0,0,2,0.58,MORTGAGE,education,1
APP105357,54,572000.0,10.5,835000.0,24,5.0,787.0,2,0,0.73,RENT,business,1
APP105358,23,390000.0,7.1,516000.0,48,6.28,697.0,0,1,0.331,OWN,home_improvement,1
APP105359,36,613000.0,6.4,715000.0,60,11.0,728.0,3,0,0.233,OWN,personal,1
APP105360,50,673000.0,4.2,720000.0,60,9.63,656.0,1,1,0.214,OWN,medical,0
APP105361,57,775000.0,12.7,984000.0,24,11.1,800.0,0,0,0.635,OWN,debt_consolidation,0
APP105362,47,455000.0,4.2,581000.0,36,7.25,660.0,1,2,0.426,RENT,personal,1
APP105363,59,967000.0,16.4,155000.0,36,7.73,677.0,3,2,0.053,OWN,personal,0
APP105364,33,769000.0,2.5,514000.0,84,5.0,748.0,0,1,0.095,OWN,medical,0
APP105365,27,479000.0,5.2,675000.0,48,5.0,701.0,3,1,0.352,OWN,debt_consolidation,1
APP105366,24,770000.0,8.7,1065000.0,36,7.18,728.0,0,0,0.461,MORTGAGE,debt_consolidation,1
APP105367,47,751000.0,7.4,886000.0,36,5.0,621.0,1,1,0.393,OWN,personal,0
APP105368,50,942000.0,4.9,563000.0,36,5.61,687.0,1,1,0.199,RENT,personal,1
APP105369,33,531000.0,1.0,694000.0,48,7.6,702.0,0,0,0.327,RENT,medical,0
APP105370,56,677000.0,5.9,329000.0,36,10.3,724.0,1,0,0.162,RENT,debt_consolidation,0
APP105371,54,746000.0,,354000.0,48,7.52,,0,1,0.119,OWN,home_improvement,0
APP105372,37,444000.0,3.1,412000.0,36,5.0,795.0,0,0,0.309,RENT,debt_consolidation,0
APP105373,31,606000.0,9.1,593000.0,12,5.0,731.0,1,1,0.979,RENT,education,1
APP105374,54,783000.0,0.8,516000.0,48,7.76,656.0,2,1,0.165,OWN,education,0
APP105375,51,740000.0,5.1,759000.0,48,6.12,768.0,0,0,0.256,OWN,personal,0
APP105376,28,416000.0,0.2,490000.0,24,7.76,734.0,1,2,0.589,RENT,business,1
APP105377,32,562000.0,7.5,231000.0,48,7.05,673.0,3,0,0.103,MORTGAGE,medical,0
APP105378,42,725000.0,9.1,412000.0,60,7.35,698.0,0,1,0.114,RENT,personal,0
APP105379,44,692000.0,5.8,806000.0,48,10.14,694.0,0,0,0.291,RENT,personal,0
APP105380,28,574000.0,3.6,858000.0,48,9.82,710.0,1,1,0.374,RENT,business,0
APP105381,63,830000.0,12.6,1189000.0,48,8.31,814.0,2,1,0.358,OWN,medical,0
APP105382,38,513000.0,13.2,173000.0,36,5.53,774.0,1,1,0.112,RENT,home_improvement,0
APP105383,38,457000.0,6.6,446000.0,24,6.29,661.0,3,1,0.488,RENT,personal,1
APP105384,23,631000.0,14.5,827000.0,36,9.18,775.0,1,0,0.437,RENT,personal,0
APP105385,60,765000.0,2.5,378000.0,24,10.36,757.0,4,0,0.247,MORTGAGE,personal,0
APP105386,31,598000.0,4.7,647000.0,48,5.0,603.0,1,1,0.27,RENT,home_improvement,1
APP105387,65,544000.0,0.4,419000.0,48,10.86,666.0,0,0,0.193,RENT,personal,1
APP105388,43,508000.0,1.9,564000.0,12,5.78,775.0,0,0,1.11,OWN,home_improvement,1
APP105389,60,454000.0,1.7,89000.0,84,8.97,558.0,0,3,0.028,RENT,medical,1
APP105390,29,305000.0,7.5,184000.0,60,13.66,730.0,1,0,0.121,MORTGAGE,debt_consolidation,0
APP105391,28,454000.0,2.0,270000.0,24,5.0,727.0,1,1,0.297,OWN,business,1
APP105392,57,831000.0,2.9,629000.0,36,8.61,734.0,1,0,0.252,OWN,home_improvement,0
APP105393,57,647000.0,3.3,205000.0,24,6.81,619.0,2,3,0.158,MORTGAGE,business,0
APP105394,45,824000.0,1.5,645000.0,84,8.48,799.0,0,0,0.112,MORTGAGE,business,0
APP105395,22,423000.0,5.5,396000.0,36,6.14,759.0,2,0,0.312,RENT,personal,0
APP105396,63,707000.0,6.2,133000.0,48,5.0,845.0,1,0,0.047,OWN,education,0
APP105397,38,344000.0,1.2,202000.0,84,5.84,615.0,2,1,0.084,OWN,debt_consolidation,0
APP105398,63,676000.0,8.3,275000.0,48,8.26,681.0,3,0,0.102,MORTGAGE,debt_consolidation,0
APP105399,60,460000.0,2.4,717000.0,60,10.47,693.0,0,1,0.312,OWN,education,0
APP105400,59,411000.0,3.2,139000.0,24,8.39,770.0,0,1,0.169,OWN,business,0
APP105401,51,465000.0,7.1,493000.0,24,10.74,775.0,0,0,0.53,RENT,personal,1
APP105402,51,607000.0,3.2,445000.0,36,6.41,639.0,1,2,0.244,RENT,personal,0
APP105403,44,426000.0,1.9,241000.0,60,6.24,652.0,2,0,0.113,RENT,business,0
APP105404,22,369000.0,5.2,512000.0,12,8.25,634.0,1,1,1.388,RENT,personal,1
APP105405,38,667000.0,10.6,742000.0,36,6.67,809.0,0,1,0.371,MORTGAGE,home_improvement,0
APP105406,53,452000.0,9.7,474000.0,60,9.97,710.0,0,1,0.21,MORTGAGE,personal,0
APP105407,57,640000.0,3.0,183000.0,24,5.0,737.0,0,0,0.143,RENT,personal,0
APP105408,46,680000.0,2.2,357000.0,48,9.4,615.0,3,1,0.131,RENT,personal,0
APP105409,52,733000.0,2.6,404000.0,12,10.16,709.0,2,0,0.551,MORTGAGE,debt_consolidation,1
APP105410,21,571000.0,9.8,445000.0,12,8.3,692.0,0,0,0.779,RENT,personal,1
APP105411,42,525000.0,2.6,780000.0,36,9.51,695.0,1,1,0.495,RENT,business,1
APP105412,43,582000.0,14.0,428000.0,60,6.07,693.0,1,1,0.147,RENT,medical,0
APP105413,61,689000.0,7.1,431000.0,12,5.67,649.0,2,1,0.626,OWN,business,0
APP105414,34,760000.0,4.8,192000.0,36,8.27,759.0,4,0,0.084,MORTGAGE,medical,0
APP105415,31,512000.0,2.9,363000.0,48,5.91,796.0,0,0,0.177,MORTGAGE,medical,0
APP105416,36,514000.0,5.3,116000.0,36,8.16,721.0,1,1,0.075,RENT,debt_consolidation,0
APP105417,28,525000.0,1.9,357000.0,36,8.16,597.0,0,1,0.227,MORTGAGE,education,1
APP105418,46,548000.0,1.2,851000.0,36,7.35,655.0,1,0,0.518,RENT,personal,0
APP105419,49,663000.0,7.1,634000.0,60,8.12,669.0,1,0,0.191,OWN,personal,0
APP105420,57,613000.0,4.8,278000.0,60,8.9,805.0,0,1,0.091,MORTGAGE,business,0
APP105421,64,674000.0,8.5,394000.0,12,7.28,795.0,0,0,0.585,RENT,personal,0
APP105422,24,617000.0,6.1,603000.0,48,6.45,789.0,2,0,0.244,RENT,debt_consolidation,0
APP105423,32,184000.0,2.9,50000.0,36,9.31,649.0,4,0,0.091,OWN,business,0
APP105424,34,642000.0,9.7,934000.0,36,8.1,655.0,0,0,0.485,MORTGAGE,home_improvement,0
APP105425,32,409000.0,3.2,404000.0,36,8.49,782.0,0,0,0.329,OWN,home_improvement,0
APP105426,58,451000.0,11.6,390000.0,60,8.78,618.0,0,0,0.173,MORTGAGE,home_improvement,0
APP105427,27,303000.0,3.1,360000.0,60,7.83,731.0,0,0,0.238,OWN,debt_consolidation,0
APP105428,22,393000.0,1.4,173000.0,36,6.74,700.0,0,2,0.147,RENT,business,0
APP105429,59,776000.0,13.1,141000.0,24,6.14,629.0,0,2,0.091,MORTGAGE,education,0
APP105430,64,781000.0,3.0,814000.0,48,7.31,772.0,1,1,0.261,MORTGAGE,business,0
APP105431,31,596000.0,3.2,228000.0,36,8.56,702.0,1,0,0.128,OWN,business,0
APP105432,35,246000.0,1.5,50000.0,36,8.66,704.0,1,1,0.068,RENT,personal,0
APP105433,43,619000.0,4.5,927000.0,84,7.82,693.0,1,2,0.214,RENT,education,0
APP105434,44,644000.0,1.7,833000.0,84,8.27,679.0,3,1,0.185,RENT,home_improvement,1
APP105435,65,824000.0,12.6,260000.0,84,5.07,705.0,1,0,0.045,RENT,medical,0
APP105436,39,603000.0,3.6,874000.0,48,6.48,674.0,1,0,0.362,RENT,education,0
APP105437,21,120000.0,2.2,50000.0,48,8.98,671.0,2,2,0.104,OWN,business,1
APP105438,40,403000.0,5.1,530000.0,36,5.67,765.0,0,0,0.438,RENT,personal,0
APP105439,46,973000.0,20.2,731000.0,84,7.81,796.0,2,0,0.107,RENT,debt_consolidation,1
APP105440,44,536000.0,5.3,483000.0,36,7.61,639.0,3,2,0.3,MORTGAGE,home_improvement,0
APP105441,44,895000.0,4.0,1002000.0,24,7.25,714.0,2,0,0.56,OWN,personal,0
APP105442,62,490000.0,5.0,144000.0,24,8.99,681.0,0,0,0.147,RENT,education,0
APP105443,57,932000.0,8.8,1367000.0,60,8.0,738.0,0,2,0.293,RENT,personal,0
APP105444,32,450000.0,8.3,161000.0,36,5.0,662.0,0,1,0.119,RENT,personal,0
APP105445,36,667000.0,6.0,1011000.0,60,8.64,755.0,1,0,0.303,OWN,personal,0
APP105446,51,632000.0,10.0,179000.0,48,6.38,,2,0,0.071,MORTGAGE,personal,0
APP105447,39,564000.0,5.2,225000.0,36,5.0,748.0,1,1,0.133,OWN,education,0
APP105448,40,631000.0,4.3,147000.0,60,9.13,589.0,1,2,0.047,RENT,personal,1
APP105449,28,387000.0,5.1,281000.0,60,5.0,599.0,2,1,0.145,OWN,home_improvement,0
APP105450,32,599000.0,3.1,603000.0,24,6.72,676.0,0,0,0.503,RENT,personal,0
APP105451,54,641000.0,8.9,677000.0,24,8.15,662.0,2,0,0.528,MORTGAGE,personal,0
APP105452,58,661000.0,3.0,893000.0,48,7.34,815.0,3,0,0.338,OWN,home_improvement,0
APP105453,56,198000.0,0.7,181000.0,24,6.13,696.0,2,1,0.457,OWN,home_improvement,1
APP105454,34,418000.0,1.2,372000.0,36,5.31,644.0,1,0,0.297,MORTGAGE,medical,1
APP105455,27,678000.0,6.4,422000.0,60,5.83,632.0,2,1,0.124,MORTGAGE,debt_consolidation,1
APP105456,28,553000.0,2.6,605000.0,24,5.13,746.0,1,2,0.547,OWN,medical,1
APP105457,38,712000.0,8.4,1045000.0,36,7.22,790.0,2,0,0.489,RENT,business,1
APP105458,44,580000.0,4.8,386000.0,36,6.3,657.0,0,0,0.222,MORTGAGE,home_improvement,1
APP105459,61,974000.0,8.9,649000.0,36,5.0,743.0,1,1,0.222,RENT,personal,0
APP105460,61,668000.0,0.7,433000.0,36,6.86,676.0,0,1,0.216,RENT,personal,1
APP105461,21,313000.0,3.0,150000.0,24,6.08,669.0,2,1,0.24,OWN,business,0
APP105462,52,717000.0,2.2,697000.0,60,8.09,650.0,0,0,0.194,MORTGAGE,education,0
APP105463,34,866000.0,22.8,262000.0,60,8.3,688.0,0,2,0.061,RENT,personal,0
APP105464,29,559000.0,3.4,760000.0,36,10.45,633.0,1,1,0.453,OWN,debt_consolidation,0
APP105465,45,474000.0,1.2,166000.0,60,8.93,792.0,0,0,0.07,OWN,business,0
APP105466,22,500000.0,6.3,201000.0,24,5.11,633.0,2,1,0.201,MORTGAGE,debt_consolidation,1
APP105467,36,699000.0,2.0,174000.0,36,5.0,742.0,2,1,0.083,MORTGAGE,medical,0
APP105468,45,706000.0,9.5,496000.0,60,5.0,718.0,0,0,0.141,OWN,business,0
APP105469,33,355000.0,10.7,443000.0,48,6.39,608.0,0,1,0.312,RENT,debt_consolidation,1
APP105470,47,464000.0,2.2,682000.0,84,5.0,642.0,2,1,0.21,MORTGAGE,medical,1
APP105471,41,427000.0,2.7,333000.0,48,6.14,646.0,1,0,0.195,RENT,home_improvement,0
APP105472,56,544000.0,5.9,267000.0,84,7.57,756.0,0,0,0.07,MORTGAGE,personal,0
APP105473,29,224000.0,9.7,269000.0,12,6.26,607.0,1,2,1.201,OWN,personal,1
APP105474,23,748000.0,,859000.0,12,8.11,640.0,1,2,1.148,RENT,business,1
APP105475,44,423000.0,3.4,482000.0,36,6.16,723.0,2,0,0.38,RENT,education,0
APP105476,32,338000.0,1.4,268000.0,60,5.82,644.0,1,0,0.159,RENT,personal,1
APP105477,52,450000.0,14.9,436000.0,12,11.26,813.0,1,0,0.969,RENT,debt_consolidation,0
APP105478,25,608000.0,6.5,146000.0,24,7.43,722.0,2,0,0.12,RENT,personal,1
APP105479,46,716000.0,17.0,367000.0,84,7.75,662.0,1,3,0.073,RENT,debt_consolidation,0
APP105480,65,674000.0,7.2,1007000.0,48,9.36,630.0,2,0,0.374,MORTGAGE,business,0
APP105481,25,542000.0,15.6,114000.0,36,9.43,719.0,0,0,0.07,OWN,personal,1
APP105482,34,572000.0,2.5,336000.0,12,6.69,688.0,2,0,0.587,RENT,debt_consolidation,1
APP105483,58,557000.0,2.6,267000.0,48,9.8,653.0,0,0,0.12,RENT,personal,1
APP105484,45,272000.0,4.2,92000.0,60,6.51,744.0,0,1,0.068,OWN,business,0
APP105485,28,252000.0,2.3,376000.0,48,9.74,722.0,0,0,0.373,OWN,education,0
APP105486,30,240000.0,1.0,80000.0,24,5.0,578.0,4,2,0.167,MORTGAGE,personal,1
APP105487,55,656000.0,2.9,564000.0,36,6.83,684.0,2,0,0.287,OWN,medical,0
APP105488,59,829000.0,7.1,1133000.0,36,7.99,685.0,2,1,0.456,OWN,personal,1
APP105489,37,711000.0,1.6,111000.0,60,8.29,819.0,1,0,0.031,MORTGAGE,debt_consolidation,0
APP105490,42,278000.0,1.8,85000.0,60,5.64,731.0,1,0,0.061,RENT,business,0
APP105491,56,715000.0,3.0,462000.0,60,5.0,667.0,1,0,0.129,OWN,business,0
APP105492,28,351000.0,2.1,128000.0,36,8.51,645.0,1,1,0.122,RENT,home_improvement,0
APP105493,30,907000.0,3.2,376000.0,12,7.05,643.0,0,2,0.415,RENT,debt_consolidation,1
APP105494,55,840000.0,4.4,846000.0,48,6.64,718.0,1,1,0.252,MORTGAGE,home_improvement,0
APP105495,29,700000.0,1.7,278000.0,48,11.14,703.0,1,1,0.099,MORTGAGE,debt_consolidation,0
APP105496,55,738000.0,3.1,794000.0,24,6.86,729.0,2,0,0.538,RENT,education,1
APP105497,43,622000.0,4.7,919000.0,48,6.36,709.0,1,0,0.369,OWN,debt_consolidation,0
APP105498,65,608000.0,2.4,293000.0,24,5.0,634.0,0,0,0.241,MORTGAGE,home_improvement,0
APP105499,22,309000.0,1.4,141000.0,48,5.12,719.0,0,1,0.114,MORTGAGE,education,0
APP105500,63,538000.0,2.5,90000.0,48,9.43,668.0,1,0,0.042,OWN,business,1
APP105501,31,572000.0,3.6,98000.0,12,5.9,742.0,1,0,0.171,MORTGAGE,home_improvement,0
APP105502,22,627000.0,0.9,455000.0,60,8.88,648.0,0,0,0.145,RENT,medical,1
APP105503,53,601000.0,7.2,516000.0,36,5.0,710.0,2,0,0.286,RENT,business,1
APP105504,44,450000.0,3.7,187000.0,36,5.59,762.0,0,0,0.139,MORTGAGE,personal,0
APP105505,58,405000.0,2.5,250000.0,84,5.53,811.0,2,0,0.088,RENT,personal,0
APP105506,25,450000.0,1.1,159000.0,60,8.55,650.0,1,1,0.071,OWN,personal,0
APP105507,24,658000.0,6.6,749000.0,36,7.03,799.0,1,0,0.379,RENT,personal,0
APP105508,46,846000.0,10.7,609000.0,48,5.06,775.0,2,0,0.18,RENT,debt_consolidation,1
APP105509,60,853000.0,3.0,1036000.0,36,9.07,683.0,2,0,0.405,RENT,education,1
APP105510,39,740000.0,16.1,701000.0,60,8.59,730.0,2,0,0.189,OWN,business,0
APP105511,56,655000.0,4.6,457000.0,36,8.25,666.0,0,1,0.233,OWN,business,0
APP105512,61,865000.0,4.7,915000.0,36,8.15,676.0,1,0,0.353,RENT,home_improvement,0
APP105513,60,548000.0,8.7,88000.0,24,5.62,644.0,1,0,0.08,OWN,medical,0
APP105514,43,523000.0,6.8,602000.0,60,10.27,646.0,0,1,0.23,MORTGAGE,personal,1
APP105515,52,838000.0,1.6,577000.0,60,7.28,551.0,0,1,0.138,OWN,business,1
APP105516,44,388000.0,2.9,347000.0,24,8.09,683.0,2,1,0.447,RENT,business,0
APP105517,51,667000.0,9.7,606000.0,48,8.34,792.0,3,0,0.227,RENT,medical,0
APP105518,46,703000.0,,675000.0,36,5.42,,0,0,0.32,RENT,debt_consolidation,0
APP105519,44,721000.0,16.2,842000.0,24,11.67,743.0,1,0,0.584,OWN,education,0
APP105520,40,737000.0,6.2,229000.0,12,7.44,668.0,0,1,0.311,MORTGAGE,personal,0
APP105521,50,864000.0,7.1,742000.0,60,7.57,808.0,0,1,0.172,MORTGAGE,personal,0
APP105522,54,676000.0,2.5,183000.0,36,6.59,779.0,0,0,0.09,RENT,debt_consolidation,0
APP105523,62,958000.0,10.6,469000.0,36,10.03,668.0,0,0,0.163,MORTGAGE,home_improvement,0
APP105524,48,403000.0,0.4,171000.0,60,10.12,768.0,1,2,0.085,OWN,debt_consolidation,0
APP105525,25,440000.0,5.3,448000.0,12,7.85,766.0,2,1,1.018,MORTGAGE,debt_consolidation,1
APP105526,47,979000.0,7.2,1007000.0,36,5.0,665.0,1,0,0.343,RENT,home_improvement,1
APP105527,35,822000.0,5.9,1114000.0,84,7.14,736.0,1,1,0.194,RENT,personal,0
APP105528,22,246000.0,4.6,223000.0,60,7.36,652.0,1,2,0.181,MORTGAGE,debt_consolidation,0
APP105529,24,442000.0,4.2,544000.0,24,6.51,618.0,0,0,0.615,RENT,personal,0
APP105530,47,609000.0,4.7,876000.0,24,5.34,659.0,2,0,0.719,RENT,home_improvement,1
APP105531,63,713000.0,1.9,245000.0,60,5.0,764.0,0,0,0.069,MORTGAGE,personal,0
APP105532,43,769000.0,5.8,919000.0,12,10.74,738.0,3,0,1.195,MORTGAGE,education,1
APP105533,41,802000.0,,502000.0,48,9.13,848.0,3,0,0.156,RENT,business,0
APP105534,24,436000.0,3.0,241000.0,24,7.58,706.0,0,1,0.276,RENT,home_improvement,1
APP105535,51,745000.0,1.7,1152000.0,60,6.07,585.0,1,1,0.309,MORTGAGE,debt_consolidation,1
APP105536,23,798000.0,26.1,359000.0,36,8.29,679.0,1,1,0.15,RENT,personal,0
APP105537,58,661000.0,5.5,976000.0,36,7.95,704.0,0,0,0.492,RENT,debt_consolidation,0
APP105538,57,354000.0,1.4,476000.0,60,6.62,695.0,1,0,0.269,RENT,home_improvement,0
APP105539,65,854000.0,5.1,1216000.0,12,8.36,626.0,3,2,1.424,RENT,debt_consolidation,1
APP105540,33,665000.0,10.5,665000.0,48,8.63,756.0,0,0,0.25,RENT,business,0
APP105541,28,546000.0,5.8,545000.0,84,9.01,784.0,3,0,0.143,RENT,business,0
APP105542,34,361000.0,4.5,265000.0,48,5.55,730.0,2,0,0.184,RENT,personal,0
APP105543,56,909000.0,2.4,665000.0,12,8.45,542.0,2,2,0.732,OWN,debt_consolidation,1
APP105544,30,522000.0,5.8,722000.0,60,10.09,731.0,2,0,0.277,RENT,personal,1
APP105545,60,535000.0,8.0,381000.0,24,8.15,616.0,2,0,0.356,RENT,business,0
APP105546,27,314000.0,8.1,269000.0,36,12.36,697.0,0,0,0.286,OWN,education,1
APP105547,23,554000.0,5.4,884000.0,24,7.1,786.0,1,1,0.798,RENT,personal,0
APP105548,30,601000.0,5.4,399000.0,48,5.0,559.0,0,2,0.166,RENT,personal,1
APP105549,54,646000.0,11.8,867000.0,24,5.63,810.0,1,1,0.671,RENT,personal,0
APP105550,48,738000.0,10.9,407000.0,24,6.03,758.0,1,0,0.276,MORTGAGE,personal,0
APP105551,36,614000.0,4.0,114000.0,36,8.73,715.0,3,0,0.062,RENT,medical,0
APP105552,50,753000.0,15.2,761000.0,36,9.33,644.0,0,1,0.337,OWN,business,1
APP105553,50,462000.0,1.4,390000.0,60,7.8,723.0,0,0,0.169,OWN,personal,0
APP105554,45,731000.0,5.6,943000.0,36,8.14,681.0,2,0,0.43,RENT,education,0
APP105555,44,712000.0,6.0,111000.0,36,11.71,652.0,3,0,0.052,MORTGAGE,home_improvement,0
APP105556,25,512000.0,2.2,129000.0,24,5.67,695.0,2,0,0.126,MORTGAGE,personal,0
APP105557,32,330000.0,1.1,461000.0,60,7.34,819.0,0,1,0.279,RENT,education,0
APP105558,44,342000.0,2.3,290000.0,36,6.5,754.0,1,0,0.283,MORTGAGE,business,1
APP105559,27,534000.0,9.2,472000.0,36,5.0,693.0,0,1,0.295,RENT,medical,0
APP105560,42,754000.0,9.4,359000.0,24,5.0,754.0,0,0,0.238,MORTGAGE,education,0
APP105561,26,654000.0,7.7,976000.0,84,10.35,698.0,1,0,0.213,OWN,home_improvement,1
APP105562,56,705000.0,2.6,1041000.0,48,5.82,713.0,2,1,0.369,OWN,education,0
APP105563,25,446000.0,9.5,401000.0,12,6.95,649.0,2,0,0.899,MORTGAGE,education,1
APP105564,25,312000.0,2.7,145000.0,24,8.45,759.0,1,0,0.232,MORTGAGE,business,0
APP105565,49,611000.0,5.8,962000.0,36,5.0,634.0,1,0,0.525,RENT,medical,0
APP105566,30,485000.0,4.7,700000.0,24,5.66,700.0,1,0,0.722,RENT,education,1
APP105567,36,674000.0,3.5,611000.0,48,7.45,756.0,3,0,0.227,RENT,debt_consolidation,1
APP105568,35,478000.0,7.5,506000.0,36,6.54,830.0,0,0,0.353,OWN,personal,0
APP105569,30,473000.0,8.5,372000.0,36,5.0,581.0,0,1,0.262,OWN,education,0
APP105570,55,918000.0,2.5,412000.0,60,8.84,571.0,0,3,0.09,MORTGAGE,personal,1
APP105571,52,853000.0,4.9,971000.0,36,6.48,689.0,1,1,0.379,MORTGAGE,debt_consolidation,0
APP105572,31,402000.0,8.2,450000.0,24,7.8,763.0,1,0,0.56,OWN,debt_consolidation,1
APP105573,51,779000.0,0.2,735000.0,36,7.63,683.0,0,0,0.315,RENT,personal,0
APP105574,53,477000.0,6.4,635000.0,60,9.63,690.0,1,1,0.266,MORTGAGE,personal,0
APP105575,45,556000.0,8.4,448000.0,60,8.28,735.0,0,0,0.161,MORTGAGE,education,0
APP105576,47,563000.0,6.6,787000.0,48,5.6,688.0,1,1,0.349,RENT,medical,1
APP105577,63,699000.0,6.9,325000.0,60,10.06,692.0,1,1,0.093,OWN,medical,0
APP105578,41,643000.0,4.5,993000.0,12,6.46,710.0,2,0,1.544,MORTGAGE,medical,1
APP105579,38,590000.0,8.0,264000.0,24,5.71,815.0,1,0,0.224,RENT,education,0
APP105580,45,631000.0,1.6,241000.0,12,5.38,711.0,0,0,0.382,OWN,personal,0
APP105581,58,565000.0,2.3,579000.0,24,5.0,784.0,1,0,0.512,RENT,personal,1
APP105582,52,700000.0,6.8,199000.0,60,6.16,665.0,1,2,0.057,RENT,education,1
APP105583,24,502000.0,8.0,198000.0,12,8.37,696.0,0,0,0.394,RENT,business,0
APP105584,41,415000.0,10.6,501000.0,36,5.0,689.0,1,1,0.402,MORTGAGE,personal,0
APP105585,54,811000.0,13.7,484000.0,24,11.26,652.0,0,0,0.298,OWN,personal,0
APP105586,31,482000.0,2.6,632000.0,60,5.0,656.0,1,0,0.262,MORTGAGE,business,0
APP105587,65,555000.0,1.8,208000.0,60,5.78,674.0,1,0,0.075,MORTGAGE,education,0
APP105588,57,637000.0,9.1,451000.0,60,5.0,671.0,2,2,0.142,RENT,business,0
APP105589,59,584000.0,3.3,415000.0,36,9.52,799.0,2,0,0.237,OWN,debt_consolidation,0
APP105590,24,412000.0,4.6,349000.0,60,8.94,663.0,2,1,0.169,MORTGAGE,debt_consolidation,0
APP105591,47,897000.0,8.4,668000.0,60,6.91,642.0,1,1,0.149,RENT,personal,0
APP105592,44,895000.0,,636000.0,48,5.0,777.0,0,0,0.178,RENT,personal,0
APP105593,49,229000.0,7.8,143000.0,48,5.0,719.0,3,0,0.156,MORTGAGE,home_improvement,0
APP105594,59,706000.0,2.4,121000.0,36,8.05,697.0,4,2,0.057,OWN,business,0
APP105595,36,682000.0,6.1,712000.0,48,6.01,786.0,0,0,0.261,MORTGAGE,personal,0
APP105596,45,560000.0,6.0,468000.0,60,6.26,763.0,0,0,0.167,MORTGAGE,debt_consolidation,0
APP105597,51,821000.0,10.5,568000.0,36,7.34,733.0,0,1,0.231,RENT,home_improvement,0
APP105598,54,967000.0,12.1,441000.0,36,6.59,761.0,1,1,0.152,RENT,personal,0
APP105599,55,414000.0,3.3,597000.0,24,5.0,665.0,3,3,0.721,RENT,personal,1
APP105600,36,510000.0,2.0,252000.0,84,5.0,748.0,0,1,0.071,RENT,debt_consolidation,0
APP105601,65,1031000.0,8.1,1531000.0,36,5.0,751.0,4,0,0.495,OWN,medical,0
APP105602,21,202000.0,1.0,94000.0,84,5.9,709.0,1,0,0.066,RENT,personal,0
APP105603,43,593000.0,8.5,924000.0,48,7.7,664.0,0,1,0.39,MORTGAGE,personal,1
APP105604,48,579000.0,9.0,439000.0,36,7.61,722.0,2,0,0.253,MORTGAGE,personal,0
APP105605,23,583000.0,3.1,538000.0,48,10.11,704.0,0,0,0.231,RENT,home_improvement,0
APP105606,41,678000.0,0.3,395000.0,24,5.0,633.0,1,1,0.291,OWN,home_improvement,0
APP105607,47,672000.0,9.6,1016000.0,36,8.17,809.0,2,0,0.504,MORTGAGE,home_improvement,0
APP105608,48,695000.0,12.7,389000.0,36,5.77,736.0,1,0,0.187,RENT,debt_consolidation,0
APP105609,26,293000.0,12.1,354000.0,36,11.85,640.0,2,1,0.403,MORTGAGE,debt_consolidation,0
APP105610,33,810000.0,12.4,146000.0,36,7.27,809.0,1,0,0.06,RENT,personal,0
APP105611,32,407000.0,1.5,391000.0,36,6.26,711.0,2,0,0.32,RENT,personal,0
APP105612,49,584000.0,5.1,716000.0,60,8.1,767.0,2,0,0.245,OWN,personal,0
APP105613,35,677000.0,5.9,564000.0,24,7.93,703.0,1,0,0.417,MORTGAGE,education,0
APP105614,46,619000.0,5.3,670000.0,60,6.66,754.0,1,0,0.216,RENT,education,0
APP105615,53,812000.0,7.8,1026000.0,36,8.81,762.0,1,0,0.421,MORTGAGE,debt_consolidation,0
APP105616,56,699000.0,1.9,612000.0,48,10.82,693.0,1,1,0.219,OWN,business,0
APP105617,29,467000.0,1.0,218000.0,24,9.52,678.0,1,0,0.233,RENT,home_improvement,1
APP105618,61,671000.0,0.7,487000.0,24,7.17,697.0,2,1,0.363,RENT,personal,1
APP105619,28,367000.0,9.8,444000.0,48,11.41,773.0,0,0,0.302,RENT,personal,0
APP105620,21,370000.0,1.4,201000.0,60,8.56,630.0,3,0,0.109,RENT,personal,0
APP105621,23,614000.0,5.3,655000.0,36,5.09,846.0,2,0,0.356,MORTGAGE,personal,0
APP105622,30,331000.0,3.0,121000.0,24,7.62,760.0,0,2,0.183,RENT,personal,1
APP105623,60,540000.0,3.1,809000.0,60,7.02,707.0,3,0,0.3,RENT,business,1
APP105624,30,347000.0,4.1,355000.0,60,6.31,766.0,1,0,0.205,RENT,home_improvement,0
APP105625,52,623000.0,3.2,516000.0,48,8.19,716.0,1,0,0.207,OWN,home_improvement,0
APP105626,39,706000.0,1.0,937000.0,24,5.0,678.0,1,0,0.664,RENT,home_improvement,1
APP105627,22,513000.0,4.1,670000.0,36,11.03,753.0,3,0,0.435,MORTGAGE,personal,1
APP105628,40,193000.0,2.5,56000.0,60,8.85,643.0,1,1,0.058,RENT,personal,1
APP105629,22,507000.0,2.3,302000.0,24,5.0,689.0,0,2,0.298,OWN,medical,0
APP105630,42,617000.0,15.1,503000.0,24,8.82,705.0,1,0,0.408,RENT,debt_consolidation,0
APP105631,46,617000.0,1.2,397000.0,48,8.48,658.0,2,0,0.161,RENT,medical,0
APP105632,44,540000.0,4.0,329000.0,36,10.72,652.0,0,3,0.203,MORTGAGE,home_improvement,0
APP105633,33,386000.0,5.6,255000.0,24,11.29,780.0,1,0,0.33,OWN,debt_consolidation,1
APP105634,55,750000.0,15.1,267000.0,48,11.66,765.0,0,0,0.089,OWN,business,0
APP105635,47,486000.0,1.7,157000.0,60,6.89,718.0,1,0,0.065,RENT,personal,0
APP105636,32,629000.0,11.7,332000.0,60,8.69,645.0,0,0,0.106,RENT,home_improvement,0
APP105637,40,406000.0,4.1,102000.0,12,6.44,689.0,0,1,0.251,RENT,business,0
APP105638,25,282000.0,4.2,251000.0,60,9.65,651.0,0,0,0.178,OWN,debt_consolidation,1
APP105639,62,822000.0,7.5,306000.0,48,5.0,664.0,2,2,0.093,RENT,business,0
APP105640,54,895000.0,12.9,222000.0,24,5.0,700.0,2,1,0.124,RENT,debt_consolidation,0
APP105641,33,573000.0,3.2,781000.0,12,6.55,696.0,3,0,1.363,RENT,medical,1
APP105642,51,529000.0,5.9,530000.0,84,7.37,721.0,1,0,0.143,MORTGAGE,debt_consolidation,1
APP105643,51,509000.0,5.3,739000.0,12,7.86,730.0,0,1,1.452,OWN,medical,1
APP105644,48,497000.0,5.1,783000.0,24,10.3,734.0,3,0,0.788,OWN,personal,0
APP105645,23,624000.0,8.5,631000.0,48,6.07,672.0,0,3,0.253,OWN,business,0
APP105646,60,517000.0,2.6,674000.0,48,5.0,751.0,0,1,0.326,RENT,personal,0
APP105647,64,809000.0,3.5,309000.0,24,6.65,585.0,1,0,0.191,RENT,home_improvement,0
APP105648,64,742000.0,1.0,863000.0,48,6.17,649.0,2,0,0.291,OWN,home_improvement,0
APP105649,65,911000.0,7.1,863000.0,60,8.72,740.0,2,0,0.189,MORTGAGE,debt_consolidation,0
APP105650,62,841000.0,5.0,951000.0,60,10.86,730.0,0,0,0.226,MORTGAGE,home_improvement,0
APP105651,54,808000.0,12.7,244000.0,48,10.66,670.0,0,1,0.075,OWN,personal,0
APP105652,23,188000.0,1.7,283000.0,12,9.9,720.0,3,0,1.505,MORTGAGE,debt_consolidation,1
APP105653,41,784000.0,16.4,592000.0,60,6.25,747.0,2,1,0.151,OWN,business,0
APP105654,32,555000.0,8.0,708000.0,36,7.14,694.0,0,0,0.425,RENT,business,0
APP105655,30,466000.0,7.7,739000.0,36,8.43,664.0,4,0,0.529,OWN,medical,1
APP105656,58,837000.0,2.9,1185000.0,12,5.8,599.0,1,1,1.416,MORTGAGE,medical,1
APP105657,57,615000.0,3.8,370000.0,48,6.01,713.0,1,0,0.15,RENT,education,0
APP105658,44,474000.0,3.3,347000.0,24,8.32,706.0,2,0,0.366,MORTGAGE,home_improvement,1
APP105659,54,877000.0,,956000.0,36,5.0,647.0,1,1,0.363,OWN,personal,1
APP105660,26,355000.0,0.8,330000.0,24,9.9,684.0,1,0,0.465,OWN,personal,0
APP105661,30,395000.0,4.3,294000.0,48,6.62,726.0,0,0,0.186,OWN,home_improvement,1
APP105662,59,490000.0,4.6,538000.0,12,8.69,744.0,4,0,1.098,OWN,medical,1
APP105663,41,411000.0,3.2,604000.0,48,7.95,659.0,2,1,0.367,MORTGAGE,medical,1
APP105664,45,435000.0,2.1,260000.0,48,10.26,637.0,1,1,0.149,RENT,business,1
APP105665,41,594000.0,0.4,200000.0,36,5.0,775.0,3,0,0.112,MORTGAGE,personal,0
APP105666,30,329000.0,4.3,372000.0,60,10.27,767.0,0,0,0.226,RENT,home_improvement,0
APP105667,58,405000.0,7.1,407000.0,36,10.22,654.0,1,0,0.335,OWN,home_improvement,0
APP105668,55,685000.0,5.0,1002000.0,48,8.12,742.0,3,0,0.366,OWN,education,1
APP105669,51,486000.0,2.1,596000.0,36,8.65,659.0,4,0,0.409,MORTGAGE,home_improvement,1
APP105670,36,519000.0,4.6,377000.0,60,8.81,777.0,1,0,0.145,RENT,medical,0
APP105671,49,890000.0,12.8,951000.0,60,5.52,658.0,1,2,0.214,RENT,medical,0
APP105672,63,671000.0,2.7,940000.0,36,7.62,627.0,0,0,0.467,RENT,personal,0
APP105673,50,842000.0,5.5,551000.0,84,9.46,673.0,3,0,0.093,RENT,debt_consolidation,0
APP105674,43,571000.0,6.1,97000.0,24,5.0,666.0,2,0,0.085,MORTGAGE,medical,0
APP105675,33,615000.0,1.3,651000.0,60,8.54,686.0,0,0,0.212,RENT,debt_consolidation,0
APP105676,44,476000.0,3.7,89000.0,36,7.69,508.0,1,3,0.062,OWN,medical,1
APP105677,37,533000.0,3.7,804000.0,24,8.88,665.0,0,2,0.754,MORTGAGE,personal,1
APP105678,48,456000.0,4.8,180000.0,48,5.0,572.0,2,1,0.099,OWN,home_improvement,1
APP105679,23,397000.0,10.9,275000.0,24,5.86,735.0,0,0,0.346,MORTGAGE,home_improvement,0
APP105680,29,410000.0,1.6,624000.0,60,5.0,563.0,3,0,0.304,RENT,debt_consolidation,1
APP105681,56,524000.0,11.4,139000.0,60,5.0,682.0,0,0,0.053,MORTGAGE,home_improvement,0
APP105682,38,592000.0,7.5,93000.0,48,9.33,719.0,2,1,0.039,MORTGAGE,home_improvement,0
APP105683,40,645000.0,16.7,194000.0,24,6.2,774.0,2,0,0.15,MORTGAGE,personal,0
APP105684,45,562000.0,0.6,888000.0,84,6.04,565.0,0,4,0.226,RENT,personal,1
APP105685,40,568000.0,22.9,886000.0,60,9.9,796.0,0,0,0.312,RENT,business,0
APP105686,55,701000.0,1.3,496000.0,48,6.74,604.0,2,0,0.177,RENT,business,1
APP105687,32,724000.0,2.3,888000.0,36,9.62,760.0,2,0,0.409,RENT,home_improvement,0
APP105688,55,831000.0,2.3,1011000.0,36,5.19,696.0,1,3,0.406,RENT,business,1
APP105689,30,802000.0,7.2,236000.0,36,6.74,723.0,0,0,0.098,OWN,personal,0
APP105690,37,525000.0,3.9,258000.0,60,5.51,704.0,0,0,0.098,RENT,debt_consolidation,0
APP105691,47,510000.0,2.6,734000.0,36,8.71,569.0,3,0,0.48,RENT,medical,1
APP105692,60,860000.0,14.7,336000.0,24,7.04,737.0,1,0,0.195,MORTGAGE,home_improvement,0
APP105693,31,406000.0,0.5,368000.0,24,9.11,748.0,1,0,0.453,MORTGAGE,home_improvement,0
APP105694,47,385000.0,9.5,194000.0,36,7.84,759.0,0,0,0.168,RENT,personal,0
APP105695,23,565000.0,4.5,542000.0,48,5.0,728.0,1,0,0.24,OWN,medical,1
APP105696,24,390000.0,2.6,170000.0,60,6.92,609.0,1,1,0.087,MORTGAGE,personal,0
APP105697,55,393000.0,2.8,182000.0,60,5.0,724.0,1,0,0.093,RENT,personal,0
APP105698,53,535000.0,3.6,117000.0,12,8.26,643.0,1,1,0.219,OWN,personal,0
APP105699,37,468000.0,2.3,742000.0,12,8.72,747.0,0,2,1.585,RENT,personal,1
APP105700,49,648000.0,8.5,203000.0,36,8.95,770.0,0,0,0.104,RENT,home_improvement,0
APP105701,38,522000.0,3.4,393000.0,60,7.23,732.0,1,0,0.151,RENT,medical,1
APP105702,33,745000.0,7.6,563000.0,60,5.0,682.0,3,1,0.151,OWN,education,0
APP105703,40,332000.0,2.9,196000.0,24,7.96,600.0,2,2,0.295,MORTGAGE,personal,0
APP105704,35,503000.0,5.5,655000.0,36,8.4,658.0,0,1,0.434,RENT,education,1
APP105705,57,526000.0,5.5,336000.0,60,7.1,836.0,0,0,0.128,RENT,debt_consolidation,0
APP105706,39,730000.0,4.8,772000.0,36,7.69,671.0,1,0,0.353,MORTGAGE,debt_consolidation,1
APP105707,35,515000.0,11.6,483000.0,36,5.0,744.0,0,0,0.313,MORTGAGE,education,0
APP105708,45,617000.0,12.4,866000.0,24,7.65,722.0,0,1,0.702,RENT,home_improvement,0
APP105709,55,836000.0,8.2,1119000.0,24,7.26,699.0,1,1,0.669,MORTGAGE,debt_consolidation,0
APP105710,33,768000.0,10.1,358000.0,24,5.0,,1,0,0.233,OWN,education,0
APP105711,63,944000.0,7.9,1168000.0,48,8.66,839.0,0,0,0.309,OWN,education,0
APP105712,41,288000.0,3.2,374000.0,48,6.41,698.0,4,0,0.325,OWN,education,0
APP105713,50,673000.0,4.2,998000.0,36,8.0,728.0,0,1,0.494,RENT,medical,1
APP105714,64,682000.0,0.6,1055000.0,48,8.57,695.0,1,0,0.387,MORTGAGE,home_improvement,0
APP105715,40,506000.0,2.0,617000.0,24,8.22,713.0,0,0,0.61,OWN,education,0
APP105716,29,450000.0,1.3,361000.0,12,5.0,739.0,1,0,0.802,MORTGAGE,personal,1
APP105717,54,797000.0,2.5,458000.0,12,6.65,802.0,0,0,0.575,MORTGAGE,business,1
APP105718,21,601000.0,5.8,844000.0,24,12.18,793.0,1,0,0.702,RENT,personal,1
APP105719,41,668000.0,3.1,987000.0,84,10.57,496.0,0,2,0.211,RENT,medical,1
APP105720,65,777000.0,8.8,226000.0,24,9.34,608.0,1,1,0.145,RENT,home_improvement,0
APP105721,39,850000.0,2.1,811000.0,24,8.1,801.0,1,1,0.477,OWN,personal,0
APP105722,51,585000.0,7.4,197000.0,60,5.33,668.0,1,1,0.067,OWN,personal,0
APP105723,44,294000.0,1.9,151000.0,36,7.14,703.0,0,0,0.171,MORTGAGE,debt_consolidation,0
APP105724,30,523000.0,11.1,369000.0,24,6.57,664.0,2,1,0.353,RENT,education,0
APP105725,35,494000.0,2.1,297000.0,24,7.31,615.0,1,1,0.301,RENT,education,1
APP105726,44,789000.0,6.6,937000.0,24,5.0,673.0,2,0,0.594,MORTGAGE,home_improvement,1
APP105727,25,355000.0,2.6,94000.0,12,9.6,658.0,1,1,0.265,MORTGAGE,personal,1
APP105728,39,722000.0,13.7,751000.0,48,5.0,711.0,1,0,0.26,MORTGAGE,home_improvement,0
APP105729,39,422000.0,13.3,419000.0,36,9.39,693.0,0,0,0.331,RENT,business,0
APP105730,58,838000.0,6.5,1082000.0,24,9.43,774.0,1,0,0.646,MORTGAGE,personal,0
APP105731,26,493000.0,6.4,143000.0,60,12.62,728.0,0,0,0.058,RENT,education,1
APP105732,58,656000.0,8.3,415000.0,12,6.95,690.0,3,1,0.633,MORTGAGE,debt_consolidation,1
APP105733,39,891000.0,7.3,1034000.0,36,6.36,722.0,2,0,0.387,RENT,home_improvement,0
APP105734,50,820000.0,9.1,969000.0,24,7.76,700.0,1,0,0.591,RENT,debt_consolidation,0
APP105735,46,394000.0,2.0,316000.0,12,8.73,667.0,2,0,0.802,RENT,medical,1
APP105736,34,495000.0,4.8,406000.0,36,7.3,593.0,3,1,0.273,RENT,business,0
APP105737,62,1066000.0,2.8,1651000.0,24,5.0,729.0,4,0,0.774,OWN,education,0
APP105738,31,891000.0,13.2,555000.0,12,8.73,701.0,1,1,0.623,RENT,medical,0
APP105739,22,538000.0,1.5,198000.0,36,7.5,735.0,3,1,0.123,OWN,debt_consolidation,1
APP105740,54,475000.0,14.8,728000.0,60,5.28,761.0,1,0,0.307,RENT,business,0
APP105741,48,797000.0,4.9,1055000.0,36,5.0,725.0,4,2,0.441,RENT,personal,1
APP105742,61,631000.0,9.2,312000.0,12,12.93,717.0,0,0,0.494,MORTGAGE,home_improvement,1
APP105743,41,732000.0,3.1,1020000.0,36,9.33,627.0,2,1,0.464,MORTGAGE,debt_consolidation,0
APP105744,21,284000.0,1.4,146000.0,36,8.73,797.0,0,1,0.171,MORTGAGE,home_improvement,0
APP105745,21,603000.0,12.8,814000.0,36,7.25,754.0,3,1,0.45,OWN,business,0
APP105746,40,477000.0,6.9,506000.0,36,9.02,576.0,3,1,0.354,OWN,business,0
APP105747,32,407000.0,1.6,346000.0,36,5.18,702.0,2,1,0.283,MORTGAGE,home_improvement,0
APP105748,62,768000.0,4.4,1149000.0,84,7.94,732.0,4,0,0.214,MORTGAGE,debt_consolidation,0
APP105749,26,257000.0,4.1,340000.0,60,8.03,661.0,3,1,0.265,MORTGAGE,personal,1
APP105750,60,1046000.0,6.7,354000.0,24,5.24,654.0,1,0,0.169,RENT,personal,0
APP105751,30,300000.0,2.0,352000.0,60,7.27,686.0,0,1,0.235,RENT,home_improvement,0
APP105752,26,263000.0,1.6,341000.0,36,6.59,688.0,2,1,0.432,OWN,personal,0
APP105753,33,605000.0,5.3,565000.0,60,5.82,674.0,2,0,0.187,RENT,home_improvement,0
APP105754,27,631000.0,2.1,347000.0,48,6.31,746.0,2,0,0.137,RENT,personal,1
APP105755,39,593000.0,13.1,291000.0,48,5.0,621.0,1,1,0.123,MORTGAGE,home_improvement,0
APP105756,35,402000.0,8.6,628000.0,36,9.84,654.0,1,3,0.521,MORTGAGE,debt_consolidation,1
APP105757,44,476000.0,8.4,373000.0,48,10.94,835.0,1,0,0.196,OWN,personal,0
APP105758,45,373000.0,0.6,337000.0,36,5.46,754.0,0,0,0.301,RENT,debt_consolidation,0
APP105759,21,461000.0,3.2,469000.0,48,9.94,806.0,0,0,0.254,RENT,personal,1
APP105760,26,440000.0,3.7,130000.0,36,7.43,664.0,0,2,0.098,MORTGAGE,personal,0
APP105761,28,503000.0,1.8,135000.0,12,7.48,717.0,2,0,0.268,RENT,education,0
APP105762,29,566000.0,7.3,248000.0,36,5.0,702.0,1,0,0.146,MORTGAGE,education,0
APP105763,25,603000.0,6.6,148000.0,12,6.27,702.0,1,0,0.245,RENT,home_improvement,0
APP105764,35,497000.0,8.2,722000.0,24,8.67,,1,1,0.726,MORTGAGE,personal,1
APP105765,45,528000.0,9.9,193000.0,36,5.35,660.0,0,1,0.122,OWN,medical,0
APP105766,34,593000.0,9.6,284000.0,36,5.87,757.0,0,1,0.16,OWN,debt_consolidation,1
APP105767,35,742000.0,24.2,689000.0,12,6.38,786.0,1,0,0.929,MORTGAGE,personal,0
APP105768,42,596000.0,4.7,864000.0,24,5.0,626.0,1,1,0.725,RENT,business,1
APP105769,45,462000.0,4.1,102000.0,36,8.22,754.0,0,1,0.074,RENT,business,1
APP105770,35,644000.0,7.3,298000.0,84,8.9,785.0,1,2,0.066,RENT,education,0
APP105771,30,388000.0,11.2,462000.0,36,8.3,764.0,3,0,0.397,RENT,home_improvement,1
APP105772,39,430000.0,1.0,388000.0,60,9.57,606.0,1,0,0.18,MORTGAGE,debt_consolidation,1
APP105773,22,580000.0,2.4,587000.0,36,6.52,809.0,2,1,0.337,RENT,education,0
APP105774,43,373000.0,2.9,65000.0,24,11.48,558.0,2,1,0.087,MORTGAGE,debt_consolidation,1
APP105775,63,846000.0,5.0,1190000.0,12,5.64,581.0,3,1,1.407,MORTGAGE,personal,1
APP105776,38,305000.0,3.2,302000.0,36,7.01,593.0,1,1,0.33,RENT,personal,0
APP105777,25,282000.0,10.0,383000.0,60,6.79,697.0,0,1,0.272,RENT,business,0
APP105778,52,405000.0,5.6,627000.0,36,7.91,615.0,1,0,0.516,MORTGAGE,business,1
APP105779,26,475000.0,4.3,576000.0,36,6.97,577.0,0,1,0.404,OWN,debt_consolidation,0
APP105780,29,614000.0,6.7,120000.0,48,7.27,686.0,1,0,0.049,MORTGAGE,medical,0
APP105781,27,614000.0,0.7,726000.0,48,6.01,681.0,0,0,0.296,MORTGAGE,business,1
APP105782,60,869000.0,6.4,840000.0,48,6.54,651.0,1,2,0.242,RENT,education,0
APP105783,65,796000.0,2.2,239000.0,36,5.0,750.0,0,0,0.1,OWN,personal,0
APP105784,46,507000.0,8.8,275000.0,84,9.27,809.0,1,0,0.077,RENT,home_improvement,0
APP105785,48,422000.0,0.8,167000.0,36,5.25,664.0,3,1,0.132,MORTGAGE,personal,1
APP105786,50,752000.0,7.0,1121000.0,36,6.42,702.0,0,2,0.497,RENT,debt_consolidation,1
APP105787,48,778000.0,2.2,1014000.0,60,5.17,623.0,0,3,0.261,RENT,debt_consolidation,1
APP105788,45,501000.0,11.3,584000.0,60,8.75,760.0,2,1,0.233,RENT,business,1
APP105789,65,847000.0,1.1,1065000.0,84,6.3,778.0,3,0,0.18,OWN,personal,0
APP105790,53,339000.0,4.9,346000.0,36,5.0,696.0,0,0,0.34,MORTGAGE,education,1
APP105791,24,547000.0,7.9,760000.0,60,8.12,652.0,1,0,0.278,RENT,personal,0
APP105792,38,537000.0,6.2,259000.0,24,5.86,681.0,2,0,0.241,MORTGAGE,personal,0
APP105793,64,677000.0,6.1,347000.0,60,7.45,660.0,2,1,0.103,RENT,home_improvement,0
APP105794,39,507000.0,1.5,511000.0,48,9.33,646.0,4,1,0.252,MORTGAGE,personal,1
APP105795,30,319000.0,1.4,423000.0,36,5.33,704.0,2,0,0.442,RENT,personal,0
APP105796,60,749000.0,6.0,1020000.0,24,7.39,710.0,1,0,0.681,RENT,business,0
APP105797,49,617000.0,5.3,966000.0,48,5.8,651.0,1,0,0.391,RENT,debt_consolidation,0
APP105798,46,689000.0,1.9,865000.0,36,9.67,625.0,0,3,0.418,RENT,home_improvement,0
APP105799,39,744000.0,1.8,363000.0,84,7.67,729.0,1,0,0.07,MORTGAGE,business,0
APP105800,26,478000.0,4.4,232000.0,60,7.45,811.0,0,0,0.097,OWN,personal,0
APP105801,38,397000.0,3.5,316000.0,60,5.0,694.0,0,0,0.159,MORTGAGE,home_improvement,1
APP105802,40,515000.0,16.3,563000.0,36,9.15,750.0,0,0,0.364,RENT,personal,0
APP105803,62,1018000.0,11.8,910000.0,48,9.43,642.0,1,3,0.223,RENT,home_improvement,1
APP105804,34,793000.0,8.6,197000.0,48,5.81,707.0,0,0,0.062,RENT,education,0
APP105805,27,699000.0,12.8,593000.0,36,7.84,689.0,0,1,0.283,MORTGAGE,medical,0
APP105806,40,531000.0,2.7,709000.0,12,8.79,613.0,1,0,1.335,RENT,debt_consolidation,1
APP105807,65,799000.0,3.1,398000.0,48,12.38,740.0,1,0,0.125,OWN,personal,0
APP105808,42,825000.0,10.6,883000.0,36,8.36,768.0,1,0,0.357,RENT,business,0
APP105809,38,444000.0,4.9,240000.0,24,7.5,706.0,0,0,0.27,OWN,home_improvement,0
APP105810,51,622000.0,5.1,594000.0,12,7.16,756.0,0,0,0.955,OWN,personal,1
APP105811,50,404000.0,1.7,471000.0,36,7.29,599.0,3,0,0.389,RENT,medical,1
APP105812,34,558000.0,10.3,251000.0,36,9.19,802.0,2,0,0.15,MORTGAGE,education,0
APP105813,64,952000.0,7.2,1164000.0,12,5.56,,2,0,1.223,RENT,home_improvement,1
APP105814,47,739000.0,3.8,836000.0,36,9.55,684.0,0,1,0.377,RENT,business,0
APP105815,23,445000.0,3.1,269000.0,60,5.0,776.0,0,0,0.121,MORTGAGE,medical,1
APP105816,39,218000.0,11.5,316000.0,48,8.97,598.0,4,1,0.362,MORTGAGE,debt_consolidation,0
APP105817,62,557000.0,2.8,714000.0,36,9.58,680.0,2,0,0.427,RENT,education,1
APP105818,38,508000.0,1.2,460000.0,24,9.27,672.0,1,0,0.453,RENT,personal,0
APP105819,46,636000.0,11.9,172000.0,36,8.09,726.0,2,1,0.09,RENT,home_improvement,1
APP105820,48,688000.0,12.1,543000.0,48,8.37,691.0,0,0,0.197,RENT,education,0
APP105821,52,632000.0,2.8,397000.0,60,6.62,748.0,2,0,0.126,RENT,medical,0
APP105822,60,752000.0,18.5,399000.0,60,5.03,724.0,2,1,0.106,MORTGAGE,business,0
APP105823,27,465000.0,4.5,504000.0,36,8.05,614.0,0,1,0.361,MORTGAGE,debt_consolidation,1
APP105824,44,525000.0,2.8,780000.0,24,7.65,762.0,1,0,0.743,MORTGAGE,education,0
APP105825,45,500000.0,7.1,181000.0,48,9.53,799.0,1,1,0.091,MORTGAGE,business,1
APP105826,27,706000.0,1.4,865000.0,84,7.19,626.0,2,1,0.175,OWN,debt_consolidation,0
APP105827,51,510000.0,2.1,536000.0,84,7.85,695.0,0,0,0.15,RENT,personal,0
APP105828,26,140000.0,6.0,156000.0,84,8.13,603.0,0,2,0.159,RENT,home_improvement,0
APP105829,41,826000.0,5.2,1136000.0,24,8.76,689.0,1,1,0.688,MORTGAGE,home_improvement,1
APP105830,35,443000.0,9.2,308000.0,60,9.59,779.0,2,0,0.139,OWN,home_improvement,0
APP105831,27,567000.0,1.7,562000.0,12,5.4,685.0,0,0,0.991,OWN,debt_consolidation,1
APP105832,58,693000.0,16.4,382000.0,12,9.04,673.0,0,1,0.551,OWN,medical,0
APP105833,31,562000.0,3.4,316000.0,48,7.1,769.0,3,0,0.141,OWN,personal,0
APP105834,32,496000.0,5.1,444000.0,24,8.91,669.0,2,0,0.448,RENT,business,0
APP105835,59,794000.0,3.3,128000.0,36,10.75,658.0,0,1,0.054,RENT,personal,0
APP105836,60,595000.0,1.4,303000.0,12,5.0,700.0,1,0,0.509,RENT,personal,1
APP105837,22,340000.0,4.7,126000.0,12,10.17,577.0,0,2,0.371,RENT,medical,1
APP105838,33,580000.0,7.8,188000.0,24,7.24,642.0,2,1,0.162,RENT,personal,0
APP105839,52,554000.0,4.1,392000.0,36,5.62,830.0,0,0,0.236,RENT,education,0
APP105840,56,324000.0,2.3,98000.0,36,6.54,763.0,0,0,0.101,RENT,personal,0
APP105841,65,663000.0,9.4,248000.0,36,5.23,688.0,0,3,0.125,RENT,debt_consolidation,1
APP105842,45,1067000.0,9.7,1195000.0,48,8.62,699.0,2,2,0.28,RENT,home_improvement,0
APP105843,21,150000.0,3.9,164000.0,12,5.22,724.0,1,1,1.093,RENT,business,1
APP105844,60,722000.0,6.3,1098000.0,60,10.15,709.0,0,0,0.304,MORTGAGE,personal,1
APP105845,28,494000.0,9.4,733000.0,12,9.02,725.0,1,0,1.484,OWN,education,1
APP105846,26,775000.0,7.8,1098000.0,60,8.0,699.0,0,2,0.283,RENT,business,0
APP105847,51,463000.0,6.1,533000.0,84,5.0,641.0,1,2,0.164,RENT,personal,1
APP105848,48,644000.0,7.6,346000.0,60,5.0,779.0,0,1,0.107,RENT,debt_consolidation,0
APP105849,23,570000.0,6.6,233000.0,36,7.32,604.0,4,0,0.136,RENT,debt_consolidation,1
APP105850,28,450000.0,4.9,687000.0,60,7.44,712.0,0,0,0.305,RENT,business,1
APP105851,47,436000.0,1.6,672000.0,24,9.57,775.0,1,0,0.771,RENT,personal,1
APP105852,32,463000.0,2.0,408000.0,60,5.0,743.0,4,0,0.176,RENT,personal,1
APP105853,51,591000.0,6.8,559000.0,12,5.83,688.0,2,0,0.946,OWN,personal,0
APP105854,39,477000.0,3.3,75000.0,36,9.34,716.0,0,1,0.052,RENT,education,0
APP105855,47,751000.0,6.6,274000.0,36,6.76,722.0,0,1,0.122,RENT,debt_consolidation,0
APP105856,42,582000.0,1.6,548000.0,60,6.47,843.0,0,0,0.188,OWN,education,0
APP105857,37,585000.0,2.5,242000.0,48,5.0,616.0,1,2,0.103,RENT,debt_consolidation,0
APP105858,36,565000.0,4.1,477000.0,36,9.83,740.0,0,0,0.281,OWN,debt_consolidation,1
APP105859,52,711000.0,0.4,926000.0,24,6.43,652.0,2,1,0.651,MORTGAGE,debt_consolidation,1
APP105860,44,736000.0,2.2,965000.0,60,9.91,808.0,0,0,0.262,RENT,debt_consolidation,1
APP105861,47,523000.0,2.8,732000.0,84,10.72,690.0,0,1,0.2,MORTGAGE,personal,0
APP105862,46,715000.0,5.5,352000.0,12,10.4,688.0,1,0,0.492,RENT,business,1
APP105863,30,282000.0,3.9,219000.0,48,7.43,722.0,2,1,0.194,RENT,medical,0
APP105864,62,352000.0,5.7,373000.0,36,6.43,615.0,5,1,0.353,RENT,personal,1
APP105865,46,860000.0,5.0,854000.0,36,6.28,713.0,3,0,0.331,OWN,debt_consolidation,0
APP105866,53,564000.0,3.8,902000.0,12,11.83,755.0,1,0,1.599,MORTGAGE,debt_consolidation,1
APP105867,60,681000.0,2.8,375000.0,48,7.03,612.0,2,0,0.138,OWN,education,0
APP105868,62,499000.0,5.1,126000.0,24,9.82,685.0,0,0,0.126,OWN,debt_consolidation,1
APP105869,51,500000.0,11.2,356000.0,60,8.56,811.0,1,1,0.142,MORTGAGE,debt_consolidation,0
APP105870,56,513000.0,2.8,462000.0,24,6.59,720.0,2,0,0.45,RENT,debt_consolidation,0
APP105871,42,790000.0,16.0,562000.0,48,6.94,689.0,0,0,0.178,MORTGAGE,personal,0
APP105872,54,559000.0,5.2,343000.0,36,10.1,729.0,1,0,0.205,RENT,personal,0
APP105873,35,516000.0,8.9,270000.0,48,7.57,608.0,3,0,0.131,MORTGAGE,personal,0
APP105874,53,532000.0,6.3,410000.0,24,6.5,715.0,3,0,0.385,MORTGAGE,personal,0
APP105875,24,653000.0,7.0,751000.0,36,5.72,710.0,2,1,0.383,RENT,personal,1
APP105876,62,779000.0,2.2,285000.0,36,8.2,702.0,2,0,0.122,RENT,education,1
APP105877,32,408000.0,3.2,573000.0,48,6.36,676.0,1,0,0.351,RENT,debt_consolidation,1
APP105878,50,663000.0,0.9,716000.0,36,8.81,811.0,1,0,0.36,MORTGAGE,education,0
APP105879,21,387000.0,4.0,118000.0,12,13.1,682.0,0,1,0.305,RENT,debt_consolidation,1
APP105880,28,457000.0,7.5,84000.0,12,8.64,604.0,3,0,0.184,RENT,home_improvement,1
APP105881,65,682000.0,4.1,153000.0,24,11.47,682.0,1,1,0.112,OWN,personal,0
APP105882,58,805000.0,9.2,226000.0,12,5.93,794.0,1,0,0.281,RENT,debt_consolidation,0
APP105883,31,344000.0,3.5,373000.0,24,9.0,807.0,1,0,0.542,OWN,personal,0
APP105884,26,514000.0,2.7,778000.0,12,10.26,577.0,0,0,1.514,RENT,home_improvement,1
APP105885,57,1004000.0,3.1,345000.0,36,10.54,671.0,1,0,0.115,MORTGAGE,home_improvement,1
APP105886,65,763000.0,8.0,429000.0,24,10.31,706.0,1,0,0.281,MORTGAGE,education,0
APP105887,28,588000.0,13.7,826000.0,36,7.54,748.0,1,0,0.468,OWN,debt_consolidation,1
APP105888,50,741000.0,17.0,654000.0,60,9.46,670.0,1,0,0.177,RENT,debt_consolidation,1
APP105889,33,609000.0,7.4,469000.0,60,5.26,738.0,3,0,0.154,RENT,home_improvement,0
APP105890,54,439000.0,8.9,367000.0,36,11.04,743.0,2,1,0.279,RENT,debt_consolidation,1
APP105891,39,754000.0,1.2,224000.0,12,5.41,618.0,0,2,0.297,MORTGAGE,education,0
APP105892,26,572000.0,1.6,268000.0,36,10.26,675.0,2,1,0.156,MORTGAGE,home_improvement,1
APP105893,35,391000.0,2.3,604000.0,24,9.8,741.0,0,1,0.772,RENT,medical,0
APP105894,45,665000.0,11.7,720000.0,36,9.78,832.0,1,0,0.361,MORTGAGE,home_improvement,0
APP105895,56,640000.0,11.5,362000.0,60,12.04,792.0,1,0,0.113,RENT,home_improvement,0
APP105896,21,656000.0,19.6,999000.0,48,9.82,722.0,1,0,0.381,MORTGAGE,business,0
APP105897,64,671000.0,2.3,487000.0,84,5.0,741.0,1,0,0.104,RENT,debt_consolidation,0
APP105898,50,637000.0,4.4,226000.0,24,8.8,642.0,2,2,0.177,RENT,personal,1
APP105899,60,467000.0,0.9,724000.0,24,5.0,672.0,1,0,0.775,MORTGAGE,personal,1
APP105900,62,565000.0,1.3,630000.0,24,7.3,704.0,2,1,0.558,MORTGAGE,home_improvement,0
APP105901,27,630000.0,3.8,782000.0,12,6.57,745.0,1,0,1.241,MORTGAGE,personal,1
APP105902,25,349000.0,2.4,64000.0,12,8.9,659.0,1,2,0.183,MORTGAGE,personal,1
APP105903,55,212000.0,2.4,119000.0,60,5.69,734.0,2,1,0.112,MORTGAGE,personal,0
APP105904,29,436000.0,2.9,663000.0,36,5.76,682.0,0,1,0.507,RENT,education,1
APP105905,27,925000.0,12.6,347000.0,60,8.6,722.0,2,0,0.075,MORTGAGE,debt_consolidation,0
APP105906,42,751000.0,10.1,1064000.0,60,10.08,742.0,1,0,0.283,OWN,home_improvement,0
APP105907,62,558000.0,2.0,707000.0,48,7.51,733.0,1,0,0.317,RENT,personal,0
APP105908,56,697000.0,9.9,487000.0,60,12.61,680.0,1,0,0.14,MORTGAGE,debt_consolidation,1
APP105909,44,646000.0,2.5,927000.0,24,6.74,802.0,3,0,0.717,RENT,debt_consolidation,1
APP105910,29,175000.0,1.2,260000.0,60,9.0,731.0,0,1,0.297,RENT,home_improvement,1
APP105911,36,371000.0,2.8,522000.0,48,8.25,699.0,3,0,0.352,RENT,home_improvement,0
APP105912,51,687000.0,5.9,509000.0,48,6.75,715.0,2,0,0.185,OWN,personal,0
APP105913,28,684000.0,2.2,685000.0,48,10.39,702.0,2,0,0.25,RENT,business,1
APP105914,44,536000.0,7.3,318000.0,60,5.54,,3,0,0.119,OWN,medical,0
APP105915,21,647000.0,3.0,219000.0,60,5.0,770.0,1,0,0.068,OWN,home_improvement,0
APP105916,35,421000.0,6.2,614000.0,24,7.22,740.0,3,0,0.729,MORTGAGE,home_improvement,0
APP105917,32,120000.0,2.0,189000.0,12,6.93,767.0,1,3,1.575,MORTGAGE,personal,1
APP105918,51,725000.0,4.8,170000.0,24,9.84,725.0,1,1,0.117,OWN,education,0
APP105919,62,731000.0,2.3,839000.0,60,5.0,629.0,2,1,0.23,RENT,debt_consolidation,1
APP105920,27,569000.0,3.9,869000.0,12,8.65,760.0,1,0,1.527,RENT,personal,0
APP105921,56,884000.0,16.1,912000.0,48,8.39,782.0,0,0,0.258,OWN,education,0
APP105922,50,618000.0,3.3,135000.0,36,8.21,803.0,0,0,0.073,RENT,home_improvement,0
APP105923,64,613000.0,1.5,105000.0,60,9.8,690.0,2,2,0.034,RENT,home_improvement,0
APP105924,62,649000.0,5.0,572000.0,60,7.45,729.0,1,0,0.176,RENT,education,0
APP105925,25,392000.0,5.1,593000.0,36,7.61,783.0,0,0,0.504,RENT,debt_consolidation,0
APP105926,54,574000.0,5.0,318000.0,36,8.49,629.0,1,0,0.185,OWN,education,0
APP105927,47,344000.0,7.0,226000.0,60,7.28,760.0,0,0,0.131,OWN,personal,0
APP105928,26,262000.0,3.2,342000.0,24,5.0,731.0,3,0,0.653,MORTGAGE,personal,1
APP105929,32,507000.0,7.5,665000.0,36,6.6,653.0,1,0,0.437,OWN,education,1
APP105930,62,341000.0,4.6,518000.0,60,6.93,699.0,1,1,0.304,RENT,business,1
APP105931,45,236000.0,1.4,322000.0,48,6.26,686.0,0,0,0.341,RENT,personal,1
APP105932,36,515000.0,8.3,521000.0,60,6.8,667.0,2,1,0.202,MORTGAGE,personal,0
APP105933,35,506000.0,5.4,765000.0,36,7.9,764.0,2,0,0.504,MORTGAGE,education,1
APP105934,58,637000.0,7.2,663000.0,48,6.9,632.0,2,1,0.26,MORTGAGE,medical,0
APP105935,33,120000.0,1.6,123000.0,84,9.38,702.0,1,0,0.146,MORTGAGE,personal,0
APP105936,28,754000.0,8.6,130000.0,48,9.41,630.0,0,2,0.043,MORTGAGE,personal,0
APP105937,46,539000.0,19.0,437000.0,60,5.0,761.0,1,0,0.162,OWN,home_improvement,0
APP105938,65,535000.0,1.5,114000.0,60,5.0,741.0,0,0,0.043,RENT,education,0
APP105939,29,349000.0,9.5,507000.0,12,5.0,668.0,0,0,1.453,MORTGAGE,personal,1
APP105940,32,702000.0,5.4,116000.0,24,6.9,685.0,3,0,0.083,RENT,education,0
APP105941,42,622000.0,4.7,370000.0,48,6.76,719.0,0,0,0.149,MORTGAGE,medical,0
APP105942,29,457000.0,8.7,728000.0,60,7.83,735.0,1,0,0.319,OWN,education,0
APP105943,50,564000.0,8.0,735000.0,60,9.35,742.0,2,1,0.261,OWN,home_improvement,0
APP105944,32,602000.0,11.1,752000.0,36,7.41,653.0,1,1,0.416,RENT,home_improvement,1
APP105945,26,239000.0,1.7,283000.0,48,6.17,683.0,2,0,0.296,OWN,personal,0
APP105946,32,636000.0,11.4,143000.0,48,7.49,760.0,3,1,0.056,MORTGAGE,education,0
APP105947,62,614000.0,6.2,349000.0,36,6.41,729.0,2,1,0.189,OWN,business,0
APP105948,63,718000.0,1.0,939000.0,48,5.0,669.0,0,0,0.327,MORTGAGE,debt_consolidation,0
APP105949,43,622000.0,3.4,901000.0,84,9.61,675.0,2,1,0.207,RENT,education,0
APP105950,39,461000.0,5.5,303000.0,36,8.43,699.0,3,1,0.219,MORTGAGE,personal,0
APP105951,57,324000.0,3.3,170000.0,24,10.69,729.0,2,1,0.262,MORTGAGE,debt_consolidation,1
APP105952,29,437000.0,4.2,215000.0,36,5.0,746.0,0,0,0.164,MORTGAGE,home_improvement,0
APP105953,50,367000.0,2.9,347000.0,24,5.0,739.0,1,0,0.473,OWN,business,0
APP105954,51,875000.0,25.6,501000.0,48,5.44,721.0,2,2,0.143,RENT,business,0
APP105955,52,615000.0,7.6,111000.0,60,8.38,711.0,3,0,0.036,RENT,home_improvement,0
APP105956,30,402000.0,5.0,288000.0,48,9.39,625.0,2,0,0.179,RENT,business,0
APP105957,53,396000.0,1.9,377000.0,60,8.13,650.0,2,1,0.19,MORTGAGE,business,0
APP105958,48,849000.0,11.1,908000.0,48,7.82,736.0,2,2,0.267,RENT,debt_consolidation,0
APP105959,60,625000.0,6.9,405000.0,36,9.38,772.0,1,0,0.216,RENT,personal,0
APP105960,28,796000.0,2.1,482000.0,36,6.49,686.0,1,1,0.202,MORTGAGE,business,0
APP105961,48,568000.0,2.1,319000.0,36,9.82,693.0,2,0,0.187,RENT,home_improvement,1
APP105962,58,702000.0,4.3,740000.0,36,11.87,660.0,0,1,0.351,MORTGAGE,personal,0
APP105963,33,514000.0,5.0,288000.0,12,5.16,673.0,1,0,0.56,MORTGAGE,debt_consolidation,0
APP105964,54,715000.0,7.5,1058000.0,48,6.94,787.0,0,0,0.37,RENT,education,0
APP105965,25,618000.0,4.5,345000.0,12,5.0,638.0,2,2,0.558,RENT,home_improvement,1
APP105966,53,828000.0,7.9,1074000.0,24,5.38,752.0,0,0,0.649,RENT,business,0
APP105967,48,313000.0,3.3,192000.0,36,8.36,841.0,2,0,0.204,RENT,business,0
APP105968,29,606000.0,4.5,649000.0,84,5.0,698.0,1,1,0.153,OWN,debt_consolidation,0
APP105969,23,599000.0,11.4,697000.0,36,5.78,701.0,0,0,0.388,MORTGAGE,medical,1
APP105970,54,678000.0,8.2,273000.0,60,9.82,749.0,4,0,0.081,OWN,medical,0
APP105971,31,750000.0,4.8,526000.0,36,7.99,761.0,0,1,0.234,RENT,business,1
APP105972,43,843000.0,6.0,282000.0,24,9.19,607.0,2,0,0.167,OWN,debt_consolidation,1
APP105973,23,579000.0,4.6,516000.0,12,5.0,761.0,1,1,0.891,RENT,debt_consolidation,1
APP105974,64,568000.0,1.3,834000.0,12,7.65,571.0,2,3,1.468,RENT,debt_consolidation,1
APP105975,45,510000.0,14.1,517000.0,36,11.65,828.0,1,0,0.338,MORTGAGE,debt_consolidation,0
APP105976,62,763000.0,2.3,891000.0,36,6.04,777.0,2,0,0.389,MORTGAGE,medical,0
APP105977,28,664000.0,3.5,372000.0,48,6.43,716.0,2,0,0.14,MORTGAGE,education,0
APP105978,30,399000.0,22.8,331000.0,12,8.78,710.0,1,0,0.83,OWN,debt_consolidation,0
APP105979,48,724000.0,1.9,886000.0,36,5.52,756.0,0,1,0.408,MORTGAGE,personal,0
APP105980,48,553000.0,4.4,188000.0,12,9.08,743.0,1,0,0.34,OWN,personal,0
APP105981,56,457000.0,11.9,149000.0,60,5.0,655.0,2,1,0.065,OWN,business,0
APP105982,62,887000.0,16.2,422000.0,36,5.0,753.0,0,1,0.159,RENT,business,0
APP105983,57,810000.0,6.8,400000.0,48,8.19,654.0,2,0,0.123,RENT,home_improvement,1
APP105984,27,494000.0,11.2,763000.0,48,5.34,739.0,2,0,0.386,RENT,medical,0
APP105985,34,343000.0,4.0,130000.0,24,6.26,735.0,1,0,0.19,OWN,debt_consolidation,1
APP105986,62,881000.0,0.2,266000.0,24,9.43,682.0,1,2,0.151,RENT,home_improvement,1
APP105987,45,546000.0,10.5,191000.0,48,8.87,808.0,0,0,0.087,OWN,debt_consolidation,0
APP105988,60,840000.0,4.7,373000.0,60,5.0,693.0,1,0,0.089,OWN,debt_consolidation,1
APP105989,46,343000.0,3.7,235000.0,60,8.64,655.0,1,1,0.137,MORTGAGE,debt_consolidation,0
APP105990,23,491000.0,3.4,214000.0,36,6.84,710.0,2,0,0.145,OWN,business,1
APP105991,42,654000.0,7.8,181000.0,24,8.42,743.0,1,1,0.138,OWN,personal,0
APP105992,58,823000.0,7.8,286000.0,36,7.46,715.0,1,0,0.116,OWN,personal,0
APP105993,50,832000.0,4.8,1077000.0,24,5.0,632.0,1,0,0.647,MORTGAGE,personal,0
APP105994,26,363000.0,6.6,328000.0,84,5.93,682.0,1,1,0.129,MORTGAGE,medical,0
APP105995,30,530000.0,1.8,653000.0,12,5.0,704.0,0,1,1.232,RENT,personal,1
APP105996,59,448000.0,4.1,182000.0,24,7.91,685.0,0,0,0.203,RENT,education,0
APP105997,65,456000.0,1.9,270000.0,12,8.37,577.0,2,0,0.592,MORTGAGE,personal,0
APP105998,54,510000.0,1.9,803000.0,60,5.95,704.0,1,1,0.315,RENT,home_improvement,1
APP105999,25,536000.0,6.2,147000.0,36,7.25,651.0,1,0,0.091,RENT,home_improvement,0
APP106000,48,850000.0,5.0,668000.0,24,5.36,774.0,1,0,0.393,OWN,debt_consolidation,0
APP106001,58,916000.0,3.3,530000.0,36,10.26,844.0,1,0,0.193,RENT,personal,0
APP106002,49,538000.0,3.9,86000.0,24,5.0,670.0,1,0,0.08,MORTGAGE,home_improvement,0
APP106003,47,656000.0,6.5,624000.0,24,6.82,752.0,0,0,0.476,RENT,personal,1
APP106004,42,738000.0,7.9,699000.0,84,5.0,725.0,3,0,0.135,OWN,education,0
APP106005,32,641000.0,7.0,394000.0,48,8.02,622.0,0,1,0.154,RENT,personal,1
APP106006,33,433000.0,0.9,361000.0,48,9.78,552.0,1,1,0.208,MORTGAGE,home_improvement,0
APP106007,54,590000.0,0.4,424000.0,36,5.0,,3,0,0.24,RENT,personal,1
APP106008,24,406000.0,2.4,334000.0,36,8.94,680.0,0,1,0.274,RENT,business,1
APP106009,24,368000.0,0.4,508000.0,60,11.09,799.0,0,2,0.276,MORTGAGE,personal,0
APP106010,38,583000.0,13.0,691000.0,12,7.78,778.0,0,0,1.185,MORTGAGE,personal,1
APP106011,55,608000.0,3.8,338000.0,48,6.02,652.0,3,0,0.139,RENT,debt_consolidation,1
APP106012,50,506000.0,1.4,252000.0,36,7.42,,0,1,0.166,MORTGAGE,debt_consolidation,1
APP106013,47,407000.0,3.8,489000.0,36,6.3,634.0,0,2,0.4,OWN,personal,0
APP106014,45,658000.0,0.7,313000.0,24,11.82,609.0,1,0,0.238,MORTGAGE,debt_consolidation,1
APP106015,25,495000.0,1.5,726000.0,60,9.34,619.0,3,1,0.293,RENT,personal,1
APP106016,35,783000.0,3.5,1063000.0,60,9.48,743.0,1,0,0.272,RENT,personal,1
APP106017,24,487000.0,3.1,251000.0,12,12.24,677.0,1,1,0.515,OWN,medical,1
APP106018,55,559000.0,3.5,734000.0,24,10.46,,0,0,0.657,RENT,business,1
APP106019,54,560000.0,6.7,239000.0,48,7.23,752.0,3,0,0.107,RENT,education,0
APP106020,32,561000.0,9.3,104000.0,60,7.56,640.0,1,1,0.037,RENT,medical,0
APP106021,34,599000.0,5.2,925000.0,36,12.69,745.0,1,0,0.515,OWN,personal,0
APP106022,35,540000.0,9.7,677000.0,60,5.87,668.0,1,0,0.251,RENT,debt_consolidation,1
APP106023,61,433000.0,3.1,372000.0,60,7.12,772.0,0,0,0.172,RENT,personal,0
APP106024,42,518000.0,10.6,711000.0,24,5.27,745.0,0,0,0.686,RENT,personal,0
APP106025,55,646000.0,5.3,168000.0,24,5.0,740.0,0,0,0.13,RENT,personal,0
APP106026,41,713000.0,8.8,872000.0,12,5.56,702.0,0,1,1.223,RENT,personal,1
APP106027,52,378000.0,3.2,581000.0,60,5.61,747.0,1,0,0.307,MORTGAGE,personal,0
APP106028,44,615000.0,5.1,822000.0,36,6.12,655.0,0,1,0.446,RENT,education,1
APP106029,33,692000.0,17.6,537000.0,84,8.85,728.0,3,2,0.111,OWN,personal,0
APP106030,60,603000.0,,393000.0,48,7.47,679.0,1,1,0.163,RENT,personal,0
APP106031,52,586000.0,9.3,846000.0,48,9.72,748.0,2,0,0.361,MORTGAGE,personal,1
APP106032,55,591000.0,10.1,338000.0,24,7.83,702.0,2,2,0.286,RENT,personal,0
APP106033,63,738000.0,7.4,1114000.0,24,7.89,647.0,2,1,0.755,OWN,personal,0
APP106034,32,712000.0,8.4,437000.0,60,6.86,700.0,4,1,0.123,OWN,home_improvement,1
APP106035,25,618000.0,3.2,205000.0,36,11.78,667.0,2,0,0.111,MORTGAGE,home_improvement,0
APP106036,47,392000.0,2.4,193000.0,84,6.57,637.0,0,0,0.07,RENT,personal,1
APP106037,35,455000.0,1.9,411000.0,36,9.52,697.0,1,1,0.301,OWN,home_improvement,0
APP106038,40,239000.0,6.5,81000.0,48,5.0,852.0,0,0,0.085,RENT,medical,0
APP106039,31,512000.0,5.0,359000.0,36,6.96,,0,0,0.234,OWN,education,1
APP106040,38,641000.0,6.1,938000.0,12,11.92,760.0,0,0,1.463,RENT,home_improvement,0
APP106041,38,733000.0,1.6,210000.0,36,9.01,768.0,0,0,0.095,RENT,debt_consolidation,0
APP106042,36,230000.0,2.7,239000.0,60,5.0,653.0,1,0,0.208,RENT,business,0
APP106043,54,520000.0,9.1,382000.0,36,5.23,686.0,2,0,0.245,RENT,business,0
APP106044,47,621000.0,5.6,676000.0,36,11.02,745.0,3,1,0.363,RENT,medical,0
APP106045,42,323000.0,5.3,278000.0,48,7.69,721.0,2,1,0.215,RENT,education,1
APP106046,26,480000.0,4.0,682000.0,60,6.89,723.0,1,0,0.284,MORTGAGE,home_improvement,0
APP106047,46,649000.0,2.5,476000.0,60,5.79,629.0,1,0,0.147,OWN,home_improvement,0
APP106048,28,357000.0,10.9,317000.0,36,6.8,682.0,0,1,0.296,OWN,home_improvement,0
APP106049,35,625000.0,12.1,212000.0,36,10.61,746.0,3,0,0.113,MORTGAGE,debt_consolidation,1
APP106050,39,363000.0,5.1,313000.0,36,5.96,539.0,2,0,0.287,RENT,debt_consolidation,1
APP106051,27,671000.0,4.4,212000.0,84,6.18,717.0,0,2,0.045,RENT,debt_consolidation,0
APP106052,38,661000.0,12.7,658000.0,60,8.82,808.0,0,0,0.199,RENT,home_improvement,0
APP106053,33,386000.0,2.8,297000.0,48,5.21,816.0,1,0,0.192,OWN,education,0
APP106054,59,459000.0,3.4,590000.0,36,5.44,797.0,0,0,0.428,MORTGAGE,home_improvement,0
APP106055,59,768000.0,8.8,581000.0,60,7.51,751.0,1,0,0.151,OWN,debt_consolidation,0
APP106056,21,619000.0,3.3,659000.0,24,7.57,733.0,4,0,0.532,RENT,personal,0
APP106057,48,481000.0,4.9,113000.0,24,5.72,692.0,2,0,0.117,MORTGAGE,personal,0
APP106058,49,484000.0,0.5,571000.0,36,8.54,645.0,2,1,0.393,RENT,business,1
APP106059,38,513000.0,12.3,789000.0,48,7.98,769.0,0,0,0.385,RENT,business,0
APP106060,42,835000.0,8.3,667000.0,12,5.0,682.0,1,0,0.799,RENT,personal,1
APP106061,56,423000.0,10.3,69000.0,36,9.22,708.0,1,0,0.054,MORTGAGE,education,0
APP106062,38,697000.0,2.2,715000.0,60,6.25,836.0,1,0,0.205,MORTGAGE,personal,0
APP106063,23,501000.0,14.1,181000.0,48,9.27,690.0,2,0,0.09,MORTGAGE,home_improvement,0
APP106064,37,516000.0,4.6,428000.0,12,12.08,742.0,0,0,0.829,MORTGAGE,home_improvement,0
APP106065,32,523000.0,11.0,103000.0,24,7.35,653.0,0,0,0.098,RENT,personal,0
APP106066,38,590000.0,6.3,467000.0,48,6.08,678.0,1,0,0.198,OWN,medical,0
APP106067,31,430000.0,8.6,610000.0,24,10.53,683.0,1,0,0.709,OWN,personal,0
APP106068,27,651000.0,6.7,225000.0,12,5.65,700.0,3,0,0.346,MORTGAGE,personal,0
APP106069,65,844000.0,3.3,736000.0,84,11.66,678.0,0,0,0.125,MORTGAGE,personal,0
APP106070,26,272000.0,1.1,141000.0,48,6.48,678.0,0,1,0.13,RENT,medical,1
APP106071,52,800000.0,11.5,423000.0,36,6.12,678.0,1,1,0.176,MORTGAGE,debt_consolidation,1
APP106072,53,518000.0,0.3,561000.0,48,12.7,,2,0,0.271,OWN,education,0
APP106073,48,656000.0,9.2,810000.0,48,8.3,600.0,2,1,0.309,RENT,home_improvement,0
APP106074,62,989000.0,11.5,1401000.0,36,11.07,657.0,0,0,0.472,RENT,business,0
APP106075,21,292000.0,1.4,162000.0,48,7.44,765.0,0,0,0.139,MORTGAGE,medical,1
APP106076,34,635000.0,3.5,160000.0,48,7.29,686.0,1,0,0.063,MORTGAGE,personal,0
APP106077,29,507000.0,1.2,401000.0,24,5.0,631.0,2,3,0.395,OWN,personal,0
APP106078,46,532000.0,2.9,531000.0,36,9.73,747.0,0,0,0.333,OWN,business,0
APP106079,49,722000.0,10.2,883000.0,36,8.35,,1,0,0.408,OWN,education,0
APP106080,61,755000.0,8.5,941000.0,60,7.25,607.0,3,1,0.249,MORTGAGE,home_improvement,1
APP106081,38,397000.0,7.7,557000.0,60,8.8,613.0,1,0,0.281,RENT,business,0
APP106082,31,387000.0,3.5,76000.0,60,7.58,685.0,2,0,0.039,RENT,home_improvement,0
APP106083,62,469000.0,0.3,737000.0,36,5.42,639.0,3,2,0.524,OWN,home_improvement,0
APP106084,51,534000.0,,829000.0,36,8.3,725.0,2,2,0.517,RENT,medical,0
APP106085,55,830000.0,4.0,167000.0,48,7.08,826.0,1,0,0.05,OWN,medical,0
APP106086,41,606000.0,1.9,366000.0,36,9.13,724.0,2,0,0.201,MORTGAGE,business,0
APP106087,41,393000.0,9.3,495000.0,84,6.88,724.0,1,0,0.18,RENT,debt_consolidation,0
APP106088,38,610000.0,14.4,515000.0,36,6.47,688.0,3,1,0.281,OWN,business,0
APP106089,54,685000.0,6.3,107000.0,36,6.3,720.0,1,0,0.052,MORTGAGE,debt_consolidation,0
APP106090,30,558000.0,1.4,371000.0,60,5.56,656.0,0,1,0.133,OWN,personal,0
APP106091,64,678000.0,11.8,671000.0,48,6.35,817.0,0,0,0.247,RENT,personal,0
APP106092,28,296000.0,5.3,422000.0,36,8.45,651.0,0,2,0.475,OWN,business,0
APP106093,41,545000.0,4.8,737000.0,36,5.85,711.0,4,0,0.451,OWN,education,1
APP106094,35,633000.0,7.3,964000.0,48,5.0,705.0,2,1,0.381,RENT,business,1
APP106095,49,598000.0,1.6,495000.0,36,9.24,575.0,2,0,0.276,OWN,personal,1
APP106096,51,465000.0,3.5,608000.0,48,7.2,669.0,0,0,0.327,MORTGAGE,education,0
APP106097,62,939000.0,4.5,278000.0,60,9.19,738.0,1,0,0.059,MORTGAGE,debt_consolidation,0
APP106098,56,642000.0,,579000.0,24,7.02,725.0,2,2,0.451,MORTGAGE,education,0
APP106099,32,548000.0,6.4,811000.0,48,6.24,697.0,2,1,0.37,OWN,debt_consolidation,0
APP106100,30,418000.0,7.3,571000.0,12,5.0,762.0,1,0,1.366,MORTGAGE,business,1
APP106101,60,812000.0,3.0,894000.0,48,5.01,638.0,3,0,0.275,RENT,home_improvement,0
APP106102,42,599000.0,0.9,219000.0,24,5.58,705.0,2,0,0.183,MORTGAGE,education,1
APP106103,25,495000.0,4.0,205000.0,36,8.12,654.0,1,0,0.138,RENT,medical,0
APP106104,58,478000.0,4.4,542000.0,24,7.26,688.0,3,2,0.567,RENT,medical,1
APP106105,50,724000.0,0.8,450000.0,36,5.24,724.0,0,0,0.207,OWN,home_improvement,0
APP106106,22,529000.0,2.8,332000.0,48,5.0,812.0,1,0,0.157,RENT,personal,1
APP106107,56,804000.0,5.5,1109000.0,36,8.52,684.0,2,1,0.46,MORTGAGE,medical,0
APP106108,48,582000.0,3.2,105000.0,36,9.43,594.0,2,1,0.06,RENT,personal,1
APP106109,48,590000.0,5.3,424000.0,84,9.62,740.0,1,0,0.103,MORTGAGE,home_improvement,0
APP106110,59,614000.0,3.1,304000.0,24,5.38,664.0,1,1,0.248,MORTGAGE,personal,0
APP106111,43,941000.0,7.6,178000.0,36,9.76,751.0,1,1,0.063,MORTGAGE,medical,1
APP106112,41,440000.0,2.1,204000.0,36,8.75,675.0,1,0,0.155,RENT,education,0
APP106113,48,418000.0,4.8,174000.0,60,8.73,789.0,1,0,0.083,RENT,education,0
APP106114,29,428000.0,5.0,377000.0,36,6.16,589.0,1,2,0.294,OWN,personal,1
APP106115,27,441000.0,9.1,344000.0,36,7.21,816.0,0,0,0.26,MORTGAGE,home_improvement,0
APP106116,58,831000.0,3.7,693000.0,60,11.53,652.0,0,0,0.167,RENT,personal,0
APP106117,30,398000.0,14.3,566000.0,36,11.19,696.0,1,0,0.474,RENT,business,0
APP106118,43,591000.0,13.9,512000.0,60,7.39,758.0,3,0,0.173,MORTGAGE,debt_consolidation,0
APP106119,33,503000.0,2.2,542000.0,12,7.92,805.0,1,1,1.078,OWN,business,1
APP106120,31,683000.0,4.7,744000.0,36,5.0,716.0,2,0,0.363,RENT,business,1
APP106121,47,657000.0,1.5,591000.0,36,10.15,610.0,4,0,0.3,RENT,personal,0
APP106122,57,918000.0,6.9,543000.0,24,9.14,587.0,2,0,0.296,MORTGAGE,home_improvement,0
APP106123,40,580000.0,3.2,847000.0,36,8.26,752.0,3,0,0.487,RENT,education,0
APP106124,27,445000.0,5.3,349000.0,12,6.17,812.0,1,0,0.784,RENT,medical,0
APP106125,32,617000.0,3.9,604000.0,36,7.65,742.0,2,1,0.326,MORTGAGE,medical,0
APP106126,28,513000.0,25.0,493000.0,60,10.72,742.0,1,1,0.192,MORTGAGE,personal,0
APP106127,60,405000.0,4.3,547000.0,84,8.3,603.0,0,3,0.193,OWN,personal,0
APP106128,35,654000.0,4.0,605000.0,36,13.29,738.0,2,0,0.308,OWN,business,0
APP106129,37,618000.0,9.5,502000.0,12,9.29,740.0,2,0,0.812,RENT,debt_consolidation,1
APP106130,24,663000.0,10.4,542000.0,60,5.48,823.0,3,0,0.163,RENT,personal,0
APP106131,41,439000.0,5.9,562000.0,36,6.6,760.0,0,0,0.427,OWN,education,0
APP106132,62,942000.0,10.6,592000.0,48,5.94,781.0,1,0,0.157,RENT,education,0
APP106133,39,852000.0,22.3,1283000.0,60,9.39,758.0,0,0,0.301,OWN,personal,0
APP106134,50,591000.0,3.8,814000.0,36,10.04,646.0,3,0,0.459,OWN,education,0
APP106135,29,476000.0,1.7,167000.0,36,11.28,703.0,2,0,0.117,MORTGAGE,medical,1
APP106136,27,542000.0,6.5,331000.0,60,6.77,544.0,0,2,0.122,RENT,debt_consolidation,1
APP106137,53,559000.0,10.0,818000.0,36,8.53,721.0,2,0,0.488,RENT,personal,0
APP106138,23,492000.0,13.5,272000.0,48,10.32,727.0,1,1,0.138,RENT,medical,0
APP106139,41,633000.0,7.3,387000.0,60,10.91,686.0,2,0,0.122,MORTGAGE,education,0
APP106140,35,455000.0,4.9,212000.0,36,5.0,731.0,2,0,0.155,OWN,debt_consolidation,0
APP106141,21,186000.0,2.5,50000.0,60,8.86,775.0,1,0,0.054,MORTGAGE,debt_consolidation,0
APP106142,44,697000.0,11.6,588000.0,36,5.0,750.0,0,0,0.281,OWN,debt_consolidation,0
APP106143,64,833000.0,6.1,1037000.0,60,6.18,644.0,3,2,0.249,RENT,education,0
APP106144,24,565000.0,0.9,625000.0,36,5.0,682.0,2,0,0.369,OWN,personal,0
APP106145,57,883000.0,17.6,168000.0,24,6.13,732.0,1,0,0.095,OWN,personal,0
APP106146,45,664000.0,1.8,604000.0,48,5.0,823.0,1,0,0.227,MORTGAGE,debt_consolidation,0
APP106147,53,837000.0,10.1,526000.0,60,5.0,668.0,0,1,0.126,RENT,education,0
APP106148,25,480000.0,5.7,519000.0,60,5.51,687.0,1,0,0.216,OWN,home_improvement,0
APP106149,60,304000.0,1.0,224000.0,48,8.17,765.0,1,0,0.184,RENT,personal,0
APP106150,21,604000.0,4.5,949000.0,84,7.57,641.0,2,1,0.224,RENT,personal,0
APP106151,61,528000.0,3.8,713000.0,36,5.0,739.0,1,1,0.45,MORTGAGE,business,0
APP106152,50,395000.0,1.2,460000.0,60,13.53,644.0,3,0,0.233,OWN,business,1
APP106153,36,382000.0,6.8,343000.0,12,6.43,733.0,0,0,0.898,RENT,education,0
APP106154,21,858000.0,9.1,864000.0,24,5.0,743.0,2,1,0.503,OWN,medical,0
APP106155,48,660000.0,4.7,522000.0,24,8.78,653.0,1,0,0.395,MORTGAGE,medical,1
APP106156,24,282000.0,3.7,367000.0,84,7.49,768.0,0,0,0.186,OWN,debt_consolidation,0
APP106157,48,522000.0,7.2,766000.0,24,5.71,775.0,1,0,0.734,RENT,business,1
APP106158,55,582000.0,0.2,930000.0,36,8.36,688.0,2,0,0.533,RENT,education,1
APP106159,33,570000.0,3.4,580000.0,12,6.02,788.0,1,0,1.018,RENT,personal,0
APP106160,31,521000.0,3.6,593000.0,12,6.85,700.0,2,0,1.138,RENT,debt_consolidation,1
APP106161,30,350000.0,4.9,255000.0,48,10.72,715.0,1,0,0.182,RENT,personal,0
APP106162,31,497000.0,1.1,81000.0,12,7.77,744.0,2,0,0.163,RENT,debt_consolidation,0
APP106163,26,322000.0,0.6,377000.0,60,8.85,780.0,1,0,0.234,MORTGAGE,education,1
APP106164,32,622000.0,1.9,936000.0,60,6.35,568.0,0,0,0.301,OWN,medical,0
APP106165,50,640000.0,6.8,894000.0,48,7.84,591.0,0,1,0.349,RENT,business,0
APP106166,34,382000.0,3.5,544000.0,36,5.8,629.0,3,0,0.475,RENT,business,1
APP106167,56,712000.0,1.9,522000.0,60,5.71,758.0,0,0,0.147,MORTGAGE,personal,0
APP106168,57,839000.0,15.8,994000.0,36,6.59,755.0,1,0,0.395,RENT,personal,0
APP106169,55,553000.0,3.7,595000.0,24,5.97,615.0,1,0,0.538,OWN,debt_consolidation,0
APP106170,45,688000.0,4.9,643000.0,36,9.78,836.0,0,0,0.312,MORTGAGE,business,0
APP106171,35,692000.0,11.5,256000.0,36,8.77,774.0,0,0,0.123,MORTGAGE,debt_consolidation,0
APP106172,62,867000.0,5.4,853000.0,36,5.0,680.0,1,1,0.328,MORTGAGE,home_improvement,1
APP106173,30,623000.0,7.2,363000.0,36,11.29,753.0,1,0,0.194,OWN,debt_consolidation,0
APP106174,41,493000.0,2.4,577000.0,60,8.91,634.0,2,2,0.234,OWN,business,1
APP106175,41,304000.0,5.1,462000.0,48,10.02,790.0,0,0,0.38,OWN,education,0
APP106176,54,776000.0,14.5,935000.0,24,7.12,777.0,2,1,0.602,RENT,home_improvement,0
APP106177,45,649000.0,6.5,342000.0,36,5.0,782.0,1,1,0.176,OWN,medical,0
APP106178,56,663000.0,5.8,547000.0,48,5.0,749.0,1,0,0.206,RENT,debt_consolidation,0
APP106179,62,218000.0,4.0,211000.0,24,11.26,734.0,0,0,0.484,OWN,personal,0
APP106180,38,598000.0,1.5,719000.0,12,5.0,771.0,1,0,1.202,OWN,personal,1
APP106181,60,600000.0,10.6,219000.0,48,5.0,817.0,2,0,0.091,OWN,medical,0
APP106182,28,576000.0,4.6,525000.0,36,6.55,697.0,2,0,0.304,MORTGAGE,education,0
APP106183,62,910000.0,2.7,1271000.0,24,5.0,760.0,2,1,0.698,OWN,medical,0
APP106184,29,402000.0,1.3,76000.0,36,8.67,646.0,2,1,0.063,MORTGAGE,medical,1
APP106185,59,743000.0,6.1,895000.0,36,8.84,643.0,2,1,0.402,MORTGAGE,personal,0
APP106186,38,503000.0,1.7,718000.0,12,8.41,726.0,2,0,1.427,RENT,debt_consolidation,1
APP106187,64,841000.0,10.7,1097000.0,60,6.15,692.0,1,0,0.261,OWN,home_improvement,0
APP106188,26,455000.0,2.8,683000.0,36,8.14,603.0,2,0,0.5,RENT,debt_consolidation,1
APP106189,41,481000.0,5.2,618000.0,12,11.42,692.0,0,1,1.285,RENT,medical,1
APP106190,61,557000.0,6.4,502000.0,60,5.0,848.0,2,0,0.18,OWN,education,0
APP106191,23,697000.0,5.9,587000.0,48,9.96,621.0,1,0,0.211,RENT,business,0
APP106192,32,617000.0,9.1,121000.0,84,9.28,777.0,1,0,0.028,RENT,personal,0
APP106193,24,556000.0,3.1,98000.0,36,7.27,703.0,1,0,0.059,OWN,business,0
APP106194,35,579000.0,4.9,624000.0,36,7.87,,3,0,0.359,MORTGAGE,debt_consolidation,0
APP106195,38,714000.0,7.5,392000.0,48,8.28,680.0,1,0,0.137,RENT,home_improvement,0
APP106196,48,566000.0,13.5,337000.0,60,5.35,744.0,1,0,0.119,OWN,debt_consolidation,0
APP106197,32,559000.0,8.7,738000.0,60,5.0,695.0,3,0,0.264,OWN,personal,0
APP106198,28,613000.0,9.9,191000.0,48,9.49,773.0,0,0,0.078,RENT,personal,0
APP106199,28,658000.0,3.8,370000.0,60,5.0,784.0,1,2,0.112,MORTGAGE,home_improvement,0
APP106200,63,1107000.0,6.5,1266000.0,12,5.1,718.0,0,1,1.144,MORTGAGE,debt_consolidation,0
APP106201,63,836000.0,12.2,162000.0,48,6.37,711.0,0,0,0.048,OWN,education,0
APP106202,30,387000.0,4.7,350000.0,36,8.13,742.0,1,0,0.301,OWN,business,0
APP106203,29,323000.0,6.5,88000.0,24,6.4,698.0,0,0,0.136,RENT,medical,0
APP106204,23,264000.0,1.0,331000.0,24,5.91,697.0,0,0,0.627,MORTGAGE,home_improvement,1
APP106205,64,614000.0,8.0,657000.0,36,9.6,671.0,0,1,0.357,RENT,debt_consolidation,1
APP106206,52,196000.0,5.8,202000.0,24,6.77,784.0,0,0,0.515,MORTGAGE,home_improvement,0
APP106207,55,570000.0,7.6,268000.0,24,5.74,765.0,2,0,0.235,MORTGAGE,business,0
APP106208,34,607000.0,3.8,729000.0,12,8.37,681.0,1,1,1.201,MORTGAGE,home_improvement,1
APP106209,49,565000.0,0.8,332000.0,48,7.63,595.0,2,1,0.147,RENT,home_improvement,0
APP106210,23,448000.0,8.2,438000.0,36,7.56,660.0,0,1,0.326,OWN,personal,1
APP106211,51,345000.0,2.7,98000.0,24,8.48,714.0,1,0,0.142,MORTGAGE,home_improvement,0
APP106212,47,703000.0,1.1,203000.0,48,7.2,750.0,1,1,0.072,RENT,debt_consolidation,0
APP106213,35,603000.0,5.5,260000.0,24,9.36,565.0,0,0,0.216,RENT,personal,0
APP106214,52,736000.0,14.7,341000.0,36,5.0,727.0,4,0,0.154,RENT,business,0
APP106215,50,247000.0,2.3,82000.0,60,10.23,734.0,0,1,0.066,OWN,personal,0
APP106216,40,450000.0,2.8,145000.0,60,5.49,755.0,1,0,0.064,RENT,business,0
APP106217,29,591000.0,8.5,842000.0,48,5.0,777.0,0,0,0.356,RENT,business,1
APP106218,22,427000.0,4.1,407000.0,48,5.77,787.0,0,0,0.238,MORTGAGE,personal,0
APP106219,63,755000.0,8.2,794000.0,12,6.73,715.0,1,0,1.052,OWN,personal,0
APP106220,33,599000.0,4.0,340000.0,36,5.88,705.0,4,1,0.189,OWN,personal,0
APP106221,34,519000.0,3.5,120000.0,36,5.38,607.0,2,0,0.077,RENT,debt_consolidation,1
APP106222,51,682000.0,2.4,1060000.0,36,9.72,673.0,3,0,0.518,RENT,business,1
APP106223,32,390000.0,6.2,89000.0,84,5.58,751.0,0,0,0.033,RENT,education,0
APP106224,37,317000.0,2.4,426000.0,60,5.0,661.0,1,1,0.269,RENT,debt_consolidation,1
APP106225,53,679000.0,3.3,757000.0,48,6.73,662.0,1,0,0.279,RENT,debt_consolidation,0
APP106226,47,762000.0,10.6,565000.0,48,12.0,697.0,1,0,0.185,RENT,business,1
APP106227,50,856000.0,19.0,1055000.0,48,5.16,777.0,2,0,0.308,RENT,personal,0
APP106228,21,477000.0,6.8,600000.0,36,5.52,700.0,0,1,0.419,RENT,business,1
APP106229,41,578000.0,10.9,823000.0,60,6.61,740.0,0,0,0.285,MORTGAGE,education,1
APP106230,42,577000.0,3.6,542000.0,48,10.9,722.0,3,0,0.235,MORTGAGE,personal,0
APP106231,49,649000.0,4.0,298000.0,48,6.71,715.0,0,1,0.115,RENT,debt_consolidation,0
APP106232,27,546000.0,5.7,535000.0,12,5.25,803.0,1,0,0.98,MORTGAGE,personal,1
APP106233,28,841000.0,2.7,247000.0,36,8.3,781.0,1,0,0.098,MORTGAGE,education,0
APP106234,55,483000.0,3.4,336000.0,36,8.14,648.0,2,3,0.232,RENT,personal,1
APP106235,51,1136000.0,8.0,1176000.0,12,8.57,693.0,0,1,1.035,OWN,education,1
APP106236,57,463000.0,5.0,239000.0,48,5.16,805.0,0,0,0.129,MORTGAGE,personal,0
APP106237,33,559000.0,4.4,785000.0,60,6.26,757.0,1,2,0.281,MORTGAGE,business,1
APP106238,65,511000.0,4.2,800000.0,48,9.98,635.0,1,0,0.391,RENT,home_improvement,0
APP106239,33,518000.0,2.0,135000.0,12,8.4,711.0,1,0,0.261,OWN,personal,0
APP106240,50,763000.0,5.5,342000.0,12,9.28,666.0,0,2,0.448,RENT,home_improvement,1
APP106241,28,455000.0,2.7,380000.0,36,7.38,673.0,0,0,0.278,RENT,business,1
APP106242,62,780000.0,1.0,160000.0,24,9.82,687.0,1,0,0.103,OWN,debt_consolidation,0
APP106243,35,417000.0,1.7,119000.0,12,8.14,704.0,0,0,0.285,RENT,business,0
APP106244,57,336000.0,4.3,489000.0,12,6.35,751.0,1,1,1.455,RENT,debt_consolidation,1
APP106245,35,645000.0,7.6,139000.0,36,9.14,642.0,2,0,0.072,RENT,education,0
APP106246,56,699000.0,9.0,356000.0,24,5.57,752.0,0,0,0.255,MORTGAGE,home_improvement,0
APP106247,41,440000.0,1.3,336000.0,24,10.9,681.0,0,0,0.382,RENT,personal,0
APP106248,23,410000.0,7.0,74000.0,60,9.72,794.0,1,0,0.036,MORTGAGE,personal,0
APP106249,29,669000.0,15.3,887000.0,84,6.86,748.0,1,0,0.189,MORTGAGE,home_improvement,0
APP106250,51,545000.0,9.3,738000.0,60,7.09,791.0,0,0,0.271,OWN,home_improvement,0
APP106251,29,545000.0,5.4,394000.0,24,7.79,737.0,0,0,0.361,RENT,business,0
APP106252,33,695000.0,5.7,308000.0,24,7.12,625.0,2,0,0.222,MORTGAGE,debt_consolidation,1
APP106253,45,893000.0,5.3,1289000.0,36,10.4,,0,1,0.481,OWN,home_improvement,0
APP106254,32,691000.0,3.2,784000.0,60,6.31,757.0,1,2,0.227,OWN,business,0
APP106255,26,547000.0,9.7,498000.0,48,5.0,763.0,1,0,0.228,OWN,business,0
APP106256,49,608000.0,2.1,437000.0,60,6.93,827.0,1,0,0.144,RENT,home_improvement,1
APP106257,52,569000.0,5.6,530000.0,36,9.16,789.0,0,1,0.31,MORTGAGE,personal,0
APP106258,53,510000.0,1.0,261000.0,84,9.73,680.0,1,0,0.073,OWN,personal,0
APP106259,63,882000.0,10.3,707000.0,60,7.75,641.0,0,1,0.16,MORTGAGE,education,0
APP106260,26,425000.0,5.4,486000.0,12,6.11,793.0,0,0,1.144,OWN,home_improvement,1
APP106261,40,559000.0,1.2,417000.0,36,7.4,762.0,2,0,0.249,RENT,debt_consolidation,1
APP106262,31,444000.0,12.7,508000.0,36,6.06,720.0,0,1,0.381,OWN,personal,1
APP106263,61,876000.0,4.5,1070000.0,24,5.0,640.0,1,0,0.611,OWN,personal,1
APP106264,45,490000.0,,609000.0,36,5.63,666.0,0,1,0.414,RENT,personal,1
APP106265,25,758000.0,16.2,739000.0,48,8.62,753.0,1,0,0.244,OWN,personal,0
APP106266,52,504000.0,4.0,210000.0,36,6.9,,0,0,0.139,MORTGAGE,home_improvement,0
APP106267,22,298000.0,2.5,347000.0,60,6.82,634.0,1,1,0.233,MORTGAGE,debt_consolidation,0
APP106268,33,717000.0,5.8,959000.0,24,9.94,724.0,1,2,0.669,MORTGAGE,business,0
APP106269,53,494000.0,1.7,142000.0,60,5.38,712.0,0,2,0.057,OWN,business,0
APP106270,43,311000.0,3.2,451000.0,36,5.59,771.0,0,0,0.483,MORTGAGE,debt_consolidation,0
APP106271,55,564000.0,11.7,854000.0,60,8.23,719.0,6,0,0.303,RENT,debt_consolidation,0
APP106272,46,703000.0,4.0,787000.0,24,5.93,572.0,1,1,0.56,RENT,education,0
APP106273,58,792000.0,6.7,246000.0,36,5.92,742.0,1,0,0.104,OWN,personal,0
APP106274,46,556000.0,12.0,610000.0,60,10.91,714.0,1,0,0.219,MORTGAGE,personal,0
APP106275,23,340000.0,3.9,227000.0,24,5.14,742.0,2,0,0.334,OWN,home_improvement,0
APP106276,24,524000.0,2.4,309000.0,60,5.89,628.0,1,0,0.118,MORTGAGE,home_improvement,0
APP106277,55,870000.0,7.7,177000.0,36,8.47,607.0,2,0,0.068,RENT,medical,1
APP106278,22,390000.0,1.5,468000.0,36,7.39,747.0,1,0,0.4,RENT,personal,0
APP106279,37,582000.0,2.2,566000.0,48,5.0,666.0,1,0,0.243,MORTGAGE,home_improvement,1
APP106280,21,521000.0,1.2,419000.0,24,11.42,549.0,0,2,0.402,OWN,business,0
APP106281,34,915000.0,11.5,653000.0,48,5.75,685.0,0,0,0.178,RENT,education,1
APP106282,47,420000.0,5.1,314000.0,24,6.96,712.0,1,0,0.374,RENT,debt_consolidation,0
APP106283,28,412000.0,7.9,332000.0,48,8.46,753.0,5,0,0.201,RENT,personal,0
APP106284,41,448000.0,2.3,377000.0,48,12.26,718.0,1,0,0.21,RENT,education,0
APP106285,65,842000.0,,246000.0,24,6.6,701.0,0,0,0.146,MORTGAGE,education,0
APP106286,24,437000.0,6.7,307000.0,24,5.48,691.0,0,1,0.351,RENT,debt_consolidation,0
APP106287,23,629000.0,16.2,153000.0,48,8.59,776.0,2,0,0.061,RENT,debt_consolidation,0
APP106288,33,555000.0,7.4,708000.0,24,12.09,729.0,4,0,0.638,MORTGAGE,home_improvement,0
APP106289,58,706000.0,9.0,641000.0,48,7.8,768.0,1,0,0.227,MORTGAGE,medical,0
APP106290,39,565000.0,5.4,740000.0,84,6.87,827.0,0,0,0.187,RENT,personal,0
APP106291,49,701000.0,0.2,542000.0,24,8.36,705.0,2,0,0.387,RENT,debt_consolidation,0
APP106292,22,310000.0,6.1,115000.0,36,5.0,743.0,0,1,0.124,RENT,personal,0
APP106293,54,602000.0,4.2,352000.0,60,6.15,602.0,1,0,0.117,OWN,personal,0
APP106294,24,261000.0,4.1,128000.0,60,5.0,655.0,3,2,0.098,RENT,medical,1
APP106295,53,642000.0,3.3,506000.0,12,6.71,615.0,1,1,0.788,RENT,business,1
APP106296,27,432000.0,4.1,559000.0,60,6.37,657.0,1,1,0.259,RENT,business,1
APP106297,59,798000.0,2.8,255000.0,24,5.0,682.0,2,0,0.16,MORTGAGE,business,0
APP106298,34,554000.0,8.4,405000.0,48,7.89,737.0,0,0,0.183,OWN,medical,0
APP106299,29,381000.0,2.0,108000.0,36,8.86,655.0,1,1,0.094,MORTGAGE,medical,0
APP106300,36,607000.0,14.8,436000.0,24,7.07,729.0,0,0,0.359,MORTGAGE,personal,0
APP106301,21,729000.0,7.9,725000.0,36,5.0,745.0,3,0,0.332,MORTGAGE,personal,0
APP106302,28,302000.0,10.0,76000.0,24,10.28,736.0,1,0,0.126,RENT,personal,0
APP106303,47,463000.0,2.1,114000.0,36,11.67,665.0,0,2,0.082,MORTGAGE,personal,0
APP106304,34,497000.0,3.1,601000.0,36,8.38,708.0,2,0,0.403,MORTGAGE,personal,1
APP106305,36,434000.0,5.3,322000.0,84,6.72,681.0,1,1,0.106,OWN,personal,0
APP106306,57,724000.0,4.9,477000.0,36,6.75,784.0,0,0,0.22,MORTGAGE,debt_consolidation,0
APP106307,26,492000.0,7.9,563000.0,48,8.45,731.0,0,0,0.286,MORTGAGE,business,0
APP106308,38,575000.0,4.9,157000.0,24,7.7,854.0,0,0,0.137,MORTGAGE,personal,0
APP106309,29,625000.0,15.3,873000.0,84,8.46,720.0,0,2,0.2,RENT,business,0
APP106310,42,513000.0,2.2,654000.0,36,8.49,,0,1,0.425,MORTGAGE,debt_consolidation,0
APP106311,35,288000.0,1.8,206000.0,12,5.88,706.0,0,0,0.715,RENT,debt_consolidation,1
APP106312,23,450000.0,3.0,373000.0,48,5.69,747.0,1,0,0.207,MORTGAGE,home_improvement,0
APP106313,24,179000.0,4.1,130000.0,36,6.88,784.0,0,0,0.242,MORTGAGE,education,0
APP106314,59,630000.0,10.6,812000.0,36,8.53,651.0,2,3,0.43,RENT,personal,1
APP106315,23,538000.0,6.4,103000.0,36,5.0,703.0,1,0,0.064,OWN,debt_consolidation,1
APP106316,56,768000.0,0.3,863000.0,36,7.0,772.0,1,0,0.375,MORTGAGE,personal,0
APP106317,62,978000.0,0.3,576000.0,36,7.42,791.0,1,1,0.196,RENT,debt_consolidation,0
APP106318,41,485000.0,4.4,621000.0,60,6.43,619.0,0,1,0.256,MORTGAGE,debt_consolidation,0
APP106319,35,371000.0,3.4,585000.0,24,10.59,692.0,1,0,0.788,RENT,medical,0
APP106320,55,712000.0,4.5,395000.0,24,10.21,690.0,1,1,0.277,OWN,medical,1
APP106321,65,970000.0,4.1,773000.0,24,8.41,699.0,1,0,0.398,MORTGAGE,personal,0
APP106322,26,802000.0,13.8,757000.0,36,11.39,735.0,1,0,0.315,OWN,debt_consolidation,0
APP106323,64,593000.0,9.5,563000.0,24,9.43,675.0,1,0,0.475,RENT,medical,0
APP106324,63,645000.0,3.2,243000.0,12,7.8,722.0,0,2,0.377,OWN,personal,0
APP106325,27,597000.0,4.8,594000.0,36,6.45,722.0,1,0,0.332,RENT,education,1
APP106326,23,572000.0,3.8,686000.0,84,6.63,,2,0,0.171,MORTGAGE,business,1
APP106327,53,664000.0,0.6,1009000.0,12,8.34,697.0,1,0,1.52,MORTGAGE,medical,1
APP106328,24,366000.0,3.3,440000.0,12,6.68,680.0,1,0,1.202,MORTGAGE,education,1
APP106329,48,665000.0,3.3,681000.0,48,5.0,653.0,1,1,0.256,OWN,medical,0
APP106330,23,560000.0,2.7,273000.0,36,6.66,814.0,0,0,0.162,MORTGAGE,education,1
APP106331,52,461000.0,3.2,135000.0,24,9.76,654.0,2,0,0.146,RENT,debt_consolidation,1
APP106332,31,682000.0,3.9,730000.0,60,5.0,678.0,0,1,0.214,RENT,personal,0
APP106333,25,630000.0,6.8,666000.0,48,10.59,588.0,2,1,0.264,OWN,medical,1
APP106334,23,312000.0,2.9,427000.0,36,8.76,715.0,1,1,0.456,OWN,debt_consolidation,1
APP106335,29,703000.0,11.7,560000.0,36,6.98,783.0,1,0,0.266,RENT,medical,0
APP106336,45,667000.0,2.1,266000.0,60,8.13,610.0,2,0,0.08,RENT,business,1
APP106337,24,646000.0,10.4,307000.0,12,9.61,673.0,0,1,0.475,RENT,business,1
APP106338,57,900000.0,6.0,757000.0,60,7.57,661.0,3,0,0.168,RENT,home_improvement,0
APP106339,48,556000.0,1.6,335000.0,24,9.59,639.0,1,2,0.301,RENT,medical,1
APP106340,34,549000.0,3.8,226000.0,36,9.37,712.0,2,1,0.137,MORTGAGE,personal,0
APP106341,65,415000.0,14.2,127000.0,24,7.89,719.0,0,1,0.153,OWN,debt_consolidation,1
APP106342,50,744000.0,2.2,556000.0,48,5.06,715.0,1,0,0.187,OWN,home_improvement,0
APP106343,51,883000.0,14.5,565000.0,60,7.28,662.0,1,0,0.128,RENT,debt_consolidation,0
APP106344,28,704000.0,6.9,1091000.0,48,5.0,703.0,0,1,0.387,MORTGAGE,education,0
APP106345,52,495000.0,6.1,689000.0,24,8.48,776.0,1,0,0.696,RENT,education,0
APP106346,46,751000.0,6.7,312000.0,60,6.58,711.0,0,1,0.083,OWN,personal,0
APP106347,65,837000.0,3.7,1040000.0,84,6.15,,1,0,0.178,RENT,personal,0
APP106348,42,432000.0,2.3,366000.0,24,8.94,776.0,2,0,0.424,OWN,medical,0
APP106349,51,774000.0,5.0,1155000.0,24,5.0,804.0,0,0,0.746,RENT,home_improvement,0
APP106350,36,611000.0,6.3,630000.0,36,7.75,755.0,1,0,0.344,RENT,personal,1
APP106351,22,214000.0,7.2,95000.0,48,6.75,768.0,2,0,0.111,MORTGAGE,personal,0
APP106352,26,578000.0,7.0,251000.0,24,7.1,695.0,1,2,0.217,RENT,education,0
APP106353,60,595000.0,8.3,924000.0,12,8.13,745.0,0,1,1.553,RENT,home_improvement,1
APP106354,54,541000.0,18.2,801000.0,36,11.51,,0,0,0.494,RENT,personal,0
APP106355,37,598000.0,5.9,508000.0,60,8.38,738.0,1,1,0.17,RENT,business,1
APP106356,52,688000.0,11.3,666000.0,36,10.49,611.0,1,0,0.323,RENT,education,0
APP106357,21,675000.0,7.4,637000.0,48,10.57,689.0,1,1,0.236,MORTGAGE,personal,1
APP106358,22,643000.0,19.5,808000.0,60,9.19,773.0,4,0,0.251,OWN,debt_consolidation,0
APP106359,43,688000.0,5.3,577000.0,12,5.0,811.0,0,0,0.839,OWN,debt_consolidation,1
APP106360,49,678000.0,4.8,222000.0,36,6.97,744.0,1,0,0.109,MORTGAGE,personal,0
APP106361,63,911000.0,10.8,565000.0,36,5.1,799.0,1,0,0.207,RENT,medical,0
APP106362,55,577000.0,10.8,562000.0,48,13.8,711.0,0,1,0.244,RENT,personal,0
APP106363,32,520000.0,4.0,343000.0,48,5.29,679.0,0,3,0.165,RENT,medical,0
APP106364,57,657000.0,7.2,874000.0,60,5.0,700.0,2,2,0.266,RENT,personal,0
APP106365,43,707000.0,8.4,1078000.0,36,5.0,579.0,0,1,0.508,RENT,personal,1
APP106366,58,732000.0,8.0,367000.0,24,5.22,715.0,4,1,0.251,OWN,medical,1
APP106367,28,406000.0,6.7,584000.0,36,7.77,722.0,2,0,0.479,RENT,home_improvement,0
APP106368,22,342000.0,0.9,406000.0,36,9.89,706.0,0,1,0.396,RENT,education,1
APP106369,23,732000.0,8.1,733000.0,48,5.15,711.0,2,2,0.25,RENT,personal,1
APP106370,65,487000.0,8.4,165000.0,84,10.08,642.0,1,2,0.048,OWN,business,0
APP106371,24,583000.0,6.9,435000.0,36,7.36,661.0,2,2,0.249,RENT,debt_consolidation,1
APP106372,63,857000.0,3.6,1365000.0,48,6.43,667.0,4,1,0.398,RENT,education,1
APP106373,53,814000.0,13.3,887000.0,24,7.88,740.0,0,1,0.545,RENT,debt_consolidation,0
APP106374,27,734000.0,2.2,740000.0,36,10.62,606.0,0,0,0.336,OWN,personal,1
APP106375,59,877000.0,11.0,177000.0,48,7.61,770.0,1,0,0.05,RENT,education,0
APP106376,27,496000.0,2.2,305000.0,60,5.06,,2,4,0.123,RENT,personal,0
APP106377,27,463000.0,10.1,397000.0,84,8.43,659.0,1,0,0.122,RENT,home_improvement,0
APP106378,46,614000.0,2.3,663000.0,84,8.4,656.0,0,1,0.154,MORTGAGE,debt_consolidation,0
APP106379,33,667000.0,9.7,929000.0,36,7.08,746.0,0,2,0.464,OWN,business,1
APP106380,34,638000.0,15.3,519000.0,60,9.75,669.0,0,1,0.163,RENT,medical,1
APP106381,29,496000.0,15.3,272000.0,48,5.0,797.0,4,0,0.137,MORTGAGE,business,0
APP106382,48,515000.0,13.1,287000.0,36,8.29,686.0,1,0,0.186,MORTGAGE,home_improvement,0
APP106383,22,472000.0,5.2,165000.0,12,9.23,756.0,0,1,0.35,MORTGAGE,medical,0
APP106384,32,258000.0,3.2,93000.0,84,5.0,617.0,0,2,0.051,OWN,debt_consolidation,0
APP106385,45,504000.0,4.6,299000.0,84,5.0,766.0,1,0,0.085,OWN,education,0
APP106386,42,262000.0,10.4,331000.0,36,9.7,744.0,1,0,0.421,MORTGAGE,education,0
APP106387,52,783000.0,8.0,587000.0,36,10.08,,2,1,0.25,RENT,debt_consolidation,1
APP106388,30,852000.0,20.7,1190000.0,24,10.49,668.0,1,1,0.698,OWN,home_improvement,1
APP106389,50,603000.0,3.4,920000.0,12,5.98,661.0,1,2,1.526,MORTGAGE,personal,1
APP106390,55,1047000.0,16.0,272000.0,60,7.94,709.0,0,0,0.052,MORTGAGE,medical,0
APP106391,38,739000.0,4.9,873000.0,36,8.23,653.0,0,1,0.394,RENT,debt_consolidation,1
APP106392,32,540000.0,2.2,148000.0,36,5.0,779.0,2,0,0.091,MORTGAGE,medical,1
APP106393,45,581000.0,6.5,148000.0,36,7.85,881.0,1,0,0.085,RENT,personal,0
APP106394,47,574000.0,7.9,316000.0,48,7.81,694.0,0,0,0.138,MORTGAGE,business,0
APP106395,25,632000.0,12.3,188000.0,48,9.14,759.0,1,0,0.074,OWN,personal,0
APP106396,46,546000.0,3.4,607000.0,60,6.24,779.0,0,0,0.222,MORTGAGE,personal,0
APP106397,27,572000.0,6.5,680000.0,36,10.25,670.0,0,1,0.396,OWN,personal,1
APP106398,46,683000.0,5.3,736000.0,36,7.68,664.0,2,0,0.359,OWN,debt_consolidation,0
APP106399,62,636000.0,4.0,626000.0,12,11.26,700.0,0,1,0.984,RENT,business,1
APP106400,45,863000.0,14.9,1107000.0,60,9.14,696.0,3,1,0.257,RENT,education,1
APP106401,55,642000.0,8.0,815000.0,60,8.11,560.0,1,1,0.254,OWN,medical,0
APP106402,34,463000.0,0.5,654000.0,36,5.0,679.0,0,2,0.471,MORTGAGE,medical,1
APP106403,62,555000.0,6.6,641000.0,24,5.0,749.0,0,1,0.577,RENT,personal,0
APP106404,57,566000.0,1.2,377000.0,48,11.02,749.0,0,0,0.167,RENT,medical,0
APP106405,62,1019000.0,6.1,928000.0,48,9.43,718.0,0,0,0.228,RENT,medical,1
APP106406,54,456000.0,1.4,393000.0,48,6.87,607.0,4,0,0.215,OWN,business,0
APP106407,50,712000.0,8.0,218000.0,12,6.58,761.0,0,0,0.306,RENT,personal,0
APP106408,44,459000.0,1.1,609000.0,84,7.99,671.0,1,0,0.19,MORTGAGE,debt_consolidation,1
APP106409,62,318000.0,2.3,469000.0,36,5.0,670.0,1,1,0.492,RENT,medical,1
APP106410,59,799000.0,9.3,1260000.0,48,6.47,702.0,1,1,0.394,OWN,personal,0
APP106411,39,463000.0,5.2,236000.0,12,8.85,729.0,2,1,0.51,MORTGAGE,business,1
APP106412,24,460000.0,1.5,133000.0,12,9.14,771.0,1,0,0.289,RENT,medical,1
APP106413,21,696000.0,14.3,216000.0,24,6.69,732.0,0,1,0.155,RENT,personal,1
APP106414,31,517000.0,,680000.0,36,11.02,720.0,1,0,0.438,OWN,debt_consolidation,1
APP106415,23,489000.0,4.3,521000.0,84,9.8,725.0,2,1,0.152,RENT,business,0
APP106416,30,355000.0,4.6,442000.0,48,5.81,635.0,2,1,0.311,RENT,home_improvement,1
APP106417,25,607000.0,8.4,888000.0,84,5.0,671.0,0,1,0.209,RENT,debt_consolidation,1
APP106418,65,660000.0,4.0,316000.0,48,8.81,753.0,3,1,0.12,OWN,medical,0
APP106419,25,158000.0,4.8,107000.0,12,6.51,801.0,1,0,0.677,RENT,debt_consolidation,0
APP106420,49,806000.0,11.5,1047000.0,48,6.09,581.0,1,2,0.325,MORTGAGE,personal,1
APP106421,36,762000.0,10.5,401000.0,48,7.99,668.0,2,1,0.132,RENT,personal,1
APP106422,28,694000.0,4.5,613000.0,60,9.08,780.0,0,0,0.177,MORTGAGE,personal,0
APP106423,52,944000.0,4.7,749000.0,36,9.24,732.0,2,0,0.264,MORTGAGE,personal,0
APP106424,64,754000.0,0.3,764000.0,24,7.62,685.0,3,0,0.507,MORTGAGE,home_improvement,0
APP106425,56,735000.0,6.0,1163000.0,48,5.0,628.0,1,1,0.396,MORTGAGE,personal,0
APP106426,64,912000.0,9.5,274000.0,48,9.6,711.0,0,0,0.075,MORTGAGE,personal,0
APP106427,47,446000.0,3.9,380000.0,36,5.73,653.0,0,1,0.284,MORTGAGE,personal,0
APP106428,51,460000.0,12.9,709000.0,12,8.18,812.0,1,0,1.541,RENT,home_improvement,1
APP106429,27,352000.0,1.0,230000.0,36,7.23,652.0,0,1,0.218,MORTGAGE,debt_consolidation,0
APP106430,59,826000.0,2.5,1011000.0,60,12.44,695.0,1,1,0.245,MORTGAGE,personal,1
APP106431,54,621000.0,12.2,930000.0,36,12.03,767.0,0,0,0.499,MORTGAGE,personal,1
APP106432,32,623000.0,9.3,311000.0,48,6.49,696.0,1,1,0.125,OWN,personal,0
APP106433,36,563000.0,0.9,151000.0,24,5.0,646.0,2,2,0.134,MORTGAGE,business,0
APP106434,48,589000.0,1.2,153000.0,36,5.0,634.0,2,0,0.087,OWN,medical,0
APP106435,21,282000.0,8.1,72000.0,36,8.1,687.0,0,1,0.085,RENT,home_improvement,0
APP106436,57,726000.0,6.9,478000.0,24,6.31,707.0,1,0,0.329,RENT,debt_consolidation,1
APP106437,33,436000.0,4.3,145000.0,36,5.06,658.0,1,1,0.111,OWN,personal,0
APP106438,24,801000.0,12.6,591000.0,48,6.35,804.0,2,0,0.184,RENT,education,0
APP106439,35,667000.0,3.0,829000.0,36,8.49,814.0,2,0,0.414,RENT,personal,0
APP106440,58,546000.0,0.5,318000.0,36,7.33,738.0,1,1,0.194,RENT,education,1
APP106441,33,814000.0,8.4,688000.0,48,6.44,820.0,0,0,0.211,RENT,home_improvement,0
APP106442,45,689000.0,9.8,231000.0,36,6.71,705.0,0,0,0.112,MORTGAGE,medical,0
APP106443,57,380000.0,3.2,442000.0,36,7.14,697.0,2,0,0.388,RENT,home_improvement,1
APP106444,22,393000.0,1.9,240000.0,60,7.99,667.0,1,0,0.122,MORTGAGE,business,1
APP106445,55,832000.0,0.6,288000.0,36,8.12,663.0,1,2,0.115,RENT,debt_consolidation,0
APP106446,33,387000.0,5.2,594000.0,36,5.0,681.0,0,0,0.512,RENT,business,1
APP106447,52,632000.0,6.7,800000.0,12,7.87,647.0,0,1,1.266,MORTGAGE,personal,1
APP106448,29,344000.0,10.3,377000.0,36,6.7,581.0,1,0,0.365,MORTGAGE,debt_consolidation,1
APP106449,27,316000.0,7.0,379000.0,24,5.27,732.0,3,0,0.6,OWN,home_improvement,1
APP106450,56,502000.0,3.4,385000.0,60,6.68,792.0,0,0,0.153,RENT,education,0
APP106451,57,480000.0,6.0,280000.0,12,10.04,791.0,0,0,0.583,RENT,personal,0
APP106452,65,676000.0,10.7,591000.0,48,9.28,756.0,0,1,0.219,RENT,home_improvement,0
APP106453,51,896000.0,6.6,1207000.0,48,7.71,741.0,1,1,0.337,MORTGAGE,business,0
APP106454,41,606000.0,9.6,938000.0,36,5.53,686.0,4,0,0.516,OWN,medical,0
APP106455,29,566000.0,2.0,582000.0,24,5.0,600.0,1,1,0.514,MORTGAGE,education,1
APP106456,34,716000.0,8.2,498000.0,24,5.43,677.0,0,0,0.348,OWN,business,0
APP106457,50,468000.0,7.0,558000.0,24,7.53,717.0,0,0,0.596,MORTGAGE,personal,0
APP106458,36,389000.0,4.0,452000.0,60,7.57,563.0,2,1,0.232,MORTGAGE,business,1
APP106459,42,746000.0,10.8,380000.0,12,6.07,727.0,2,1,0.509,RENT,debt_consolidation,0
APP106460,28,540000.0,18.1,422000.0,36,9.43,724.0,3,1,0.26,RENT,debt_consolidation,0
APP106461,40,606000.0,0.9,209000.0,24,8.35,733.0,2,0,0.172,RENT,education,0
APP106462,31,738000.0,4.2,541000.0,48,5.0,761.0,2,0,0.183,RENT,medical,0
APP106463,26,246000.0,4.9,309000.0,36,7.74,622.0,1,0,0.419,RENT,debt_consolidation,1
APP106464,26,415000.0,5.2,251000.0,36,9.16,659.0,0,1,0.202,MORTGAGE,business,1
APP106465,44,521000.0,3.1,556000.0,12,7.95,653.0,1,0,1.067,RENT,personal,1
APP106466,37,406000.0,1.1,254000.0,60,8.78,682.0,1,0,0.125,OWN,education,0
APP106467,25,360000.0,4.3,131000.0,36,6.92,690.0,0,0,0.121,MORTGAGE,personal,0
APP106468,44,499000.0,4.9,611000.0,12,7.36,574.0,1,1,1.224,RENT,debt_consolidation,1
APP106469,28,464000.0,4.0,466000.0,48,7.4,,1,4,0.251,OWN,personal,1
APP106470,21,461000.0,5.0,621000.0,60,7.9,795.0,1,0,0.269,OWN,education,1
APP106471,26,622000.0,6.1,706000.0,36,6.23,655.0,1,1,0.378,MORTGAGE,education,0
APP106472,41,546000.0,4.5,729000.0,84,9.9,657.0,1,1,0.191,MORTGAGE,debt_consolidation,1
APP106473,63,832000.0,3.0,312000.0,24,10.63,763.0,1,0,0.188,MORTGAGE,personal,0
APP106474,31,407000.0,5.0,424000.0,60,6.33,670.0,0,2,0.208,RENT,personal,0
APP106475,33,346000.0,6.5,236000.0,60,5.0,680.0,0,3,0.136,MORTGAGE,debt_consolidation,1
APP106476,31,455000.0,5.4,561000.0,36,5.0,675.0,0,0,0.411,MORTGAGE,personal,0
APP106477,36,762000.0,18.9,755000.0,36,8.39,745.0,2,1,0.33,OWN,personal,0
APP106478,53,779000.0,6.8,178000.0,24,8.79,755.0,0,0,0.114,OWN,business,0
APP106479,35,741000.0,5.2,684000.0,24,8.4,678.0,0,1,0.462,RENT,personal,1
APP106480,50,626000.0,2.7,769000.0,36,8.59,714.0,1,0,0.409,MORTGAGE,home_improvement,1
APP106481,61,761000.0,2.7,404000.0,60,6.25,608.0,0,0,0.106,RENT,debt_consolidation,0
APP106482,63,881000.0,4.0,968000.0,24,5.0,704.0,1,0,0.549,OWN,debt_consolidation,0
APP106483,46,458000.0,4.1,627000.0,36,6.41,702.0,0,1,0.456,OWN,debt_consolidation,0
APP106484,53,584000.0,4.0,143000.0,12,11.14,678.0,3,0,0.245,MORTGAGE,debt_consolidation,0
APP106485,62,1122000.0,7.0,1109000.0,36,8.08,669.0,2,0,0.329,MORTGAGE,debt_consolidation,0
APP106486,56,842000.0,10.6,1210000.0,36,8.43,789.0,0,1,0.479,OWN,personal,0
APP106487,34,633000.0,8.5,211000.0,84,9.49,750.0,3,1,0.048,RENT,business,0
APP106488,26,634000.0,7.8,343000.0,24,5.65,729.0,1,0,0.271,MORTGAGE,education,1
APP106489,26,234000.0,2.4,247000.0,24,7.99,736.0,1,0,0.528,RENT,education,0
APP106490,60,652000.0,11.6,651000.0,12,8.63,616.0,3,0,0.998,MORTGAGE,education,1
APP106491,46,405000.0,2.6,527000.0,36,5.45,663.0,0,0,0.434,RENT,business,0
APP106492,34,594000.0,6.4,631000.0,36,8.3,707.0,0,0,0.354,RENT,education,1
APP106493,36,501000.0,7.5,493000.0,24,10.35,668.0,1,0,0.492,RENT,education,1
APP106494,33,605000.0,11.9,487000.0,24,6.62,781.0,2,0,0.402,OWN,education,0
APP106495,57,746000.0,16.7,197000.0,36,5.0,682.0,1,1,0.088,OWN,home_improvement,0
APP106496,48,341000.0,3.9,343000.0,12,7.88,587.0,2,2,1.006,RENT,home_improvement,1
APP106497,60,815000.0,6.0,307000.0,60,6.06,833.0,1,0,0.075,RENT,personal,0
APP106498,34,323000.0,11.1,515000.0,60,7.9,807.0,1,1,0.319,MORTGAGE,debt_consolidation,0
APP106499,42,604000.0,17.6,159000.0,36,5.65,787.0,1,0,0.088,RENT,personal,0
APP106500,26,260000.0,4.3,68000.0,36,7.63,604.0,2,0,0.087,MORTGAGE,education,1
APP106501,64,532000.0,2.5,687000.0,36,10.2,806.0,0,0,0.43,MORTGAGE,personal,1
APP106502,44,562000.0,1.5,167000.0,12,7.44,793.0,1,0,0.297,RENT,business,1
APP106503,45,716000.0,0.9,528000.0,48,5.0,627.0,0,0,0.184,MORTGAGE,debt_consolidation,1
APP106504,39,285000.0,2.9,426000.0,48,8.33,583.0,2,0,0.374,RENT,personal,0
APP106505,33,481000.0,9.7,622000.0,36,7.54,607.0,2,3,0.431,RENT,business,1
APP106506,63,487000.0,10.1,237000.0,24,7.97,751.0,1,0,0.243,RENT,home_improvement,0
APP106507,43,499000.0,6.8,256000.0,24,9.64,756.0,0,2,0.257,MORTGAGE,business,0
APP106508,51,616000.0,4.1,621000.0,36,6.34,616.0,1,0,0.336,RENT,debt_consolidation,0
APP106509,22,582000.0,7.1,498000.0,36,6.87,807.0,3,0,0.285,RENT,business,0
APP106510,33,195000.0,5.4,62000.0,48,5.24,593.0,2,1,0.079,MORTGAGE,education,0
APP106511,57,726000.0,4.3,276000.0,24,7.93,739.0,1,1,0.19,RENT,personal,0
APP106512,24,327000.0,6.6,430000.0,48,7.87,677.0,3,1,0.329,RENT,business,1
APP106513,25,266000.0,4.0,173000.0,84,6.93,779.0,2,0,0.093,MORTGAGE,personal,0
APP106514,57,681000.0,6.6,891000.0,24,9.14,736.0,2,0,0.654,MORTGAGE,home_improvement,1
APP106515,34,636000.0,7.3,270000.0,36,5.22,685.0,2,1,0.142,OWN,home_improvement,0
APP106516,33,536000.0,8.6,546000.0,36,7.78,766.0,1,0,0.34,RENT,education,0
APP106517,46,376000.0,1.2,332000.0,48,8.82,633.0,2,1,0.221,MORTGAGE,business,1
APP106518,29,549000.0,11.7,342000.0,60,6.31,737.0,0,0,0.125,RENT,home_improvement,0
APP106519,22,332000.0,4.9,343000.0,60,5.0,656.0,0,0,0.207,RENT,business,0
APP106520,21,668000.0,16.8,221000.0,36,5.0,794.0,0,0,0.11,OWN,personal,0
APP106521,24,672000.0,9.7,935000.0,48,7.84,804.0,0,0,0.348,OWN,debt_consolidation,0
APP106522,28,601000.0,2.6,738000.0,36,11.23,741.0,1,0,0.409,OWN,debt_consolidation,1
APP106523,52,654000.0,7.9,370000.0,60,6.16,721.0,3,0,0.113,OWN,business,0
APP106524,34,757000.0,11.2,750000.0,60,8.49,698.0,0,1,0.198,MORTGAGE,personal,0
APP106525,24,294000.0,4.4,429000.0,48,5.0,806.0,3,1,0.365,RENT,medical,0
APP106526,21,672000.0,2.4,512000.0,12,8.32,714.0,1,0,0.762,RENT,debt_consolidation,1
APP106527,42,373000.0,2.1,252000.0,24,5.11,592.0,2,1,0.338,RENT,home_improvement,1
APP106528,58,311000.0,1.5,407000.0,60,6.63,698.0,0,2,0.262,RENT,home_improvement,0
APP106529,36,678000.0,0.6,103000.0,12,7.67,715.0,1,0,0.152,RENT,business,1
APP106530,23,341000.0,5.0,391000.0,36,5.0,798.0,2,1,0.382,RENT,personal,0
APP106531,31,480000.0,2.2,222000.0,48,14.42,696.0,0,1,0.116,RENT,personal,1
APP106532,43,392000.0,3.2,453000.0,60,6.17,634.0,2,0,0.231,MORTGAGE,medical,0
APP106533,29,984000.0,17.1,772000.0,60,8.84,848.0,0,0,0.157,RENT,personal,0
APP106534,65,1002000.0,7.4,180000.0,12,10.78,751.0,0,0,0.18,MORTGAGE,debt_consolidation,0
APP106535,55,842000.0,2.5,1194000.0,48,8.15,639.0,3,1,0.355,MORTGAGE,personal,0
APP106536,36,747000.0,22.3,704000.0,60,5.0,871.0,2,0,0.188,MORTGAGE,business,0
APP106537,63,853000.0,6.5,516000.0,24,7.73,694.0,1,1,0.302,OWN,home_improvement,1
APP106538,35,704000.0,21.0,824000.0,36,5.0,731.0,0,0,0.39,OWN,education,0
APP106539,27,753000.0,14.4,654000.0,48,6.77,773.0,0,1,0.217,MORTGAGE,debt_consolidation,0
APP106540,63,647000.0,6.7,130000.0,36,11.19,759.0,3,0,0.067,RENT,personal,0
APP106541,64,932000.0,5.0,1019000.0,36,5.0,781.0,0,0,0.364,RENT,home_improvement,0
APP106542,35,506000.0,9.6,787000.0,24,5.69,813.0,0,0,0.778,RENT,medical,0
APP106543,47,556000.0,6.3,262000.0,60,11.58,610.0,2,0,0.094,MORTGAGE,personal,0
APP106544,28,392000.0,3.7,549000.0,24,7.12,736.0,1,1,0.7,RENT,education,0
APP106545,49,615000.0,3.5,646000.0,36,5.53,731.0,0,0,0.35,MORTGAGE,personal,0
APP106546,52,632000.0,10.7,166000.0,36,8.36,721.0,0,1,0.088,OWN,personal,0
APP106547,52,665000.0,2.5,804000.0,12,6.47,641.0,0,2,1.209,MORTGAGE,home_improvement,1
APP106548,46,581000.0,10.6,459000.0,36,5.0,691.0,3,0,0.263,MORTGAGE,personal,0
APP106549,52,748000.0,5.6,973000.0,24,5.0,681.0,1,1,0.65,RENT,debt_consolidation,1
APP106550,45,762000.0,1.2,817000.0,24,12.03,702.0,0,1,0.536,OWN,personal,1
APP106551,57,737000.0,11.1,114000.0,36,8.22,612.0,1,0,0.052,RENT,debt_consolidation,1
APP106552,29,788000.0,2.6,263000.0,36,10.72,765.0,0,0,0.111,RENT,debt_consolidation,0
APP106553,42,706000.0,2.9,467000.0,36,5.24,753.0,3,0,0.22,OWN,medical,0
APP106554,39,860000.0,4.6,730000.0,12,7.38,746.0,1,0,0.849,RENT,business,0
APP106555,45,573000.0,5.2,860000.0,36,7.13,763.0,0,0,0.5,OWN,medical,0
APP106556,27,243000.0,6.7,326000.0,12,6.3,760.0,3,0,1.342,OWN,education,1
APP106557,35,484000.0,10.8,635000.0,24,7.96,746.0,1,0,0.656,RENT,debt_consolidation,1
APP106558,63,663000.0,10.5,618000.0,12,5.05,824.0,1,1,0.932,RENT,debt_consolidation,0
APP106559,25,298000.0,3.4,85000.0,24,10.16,727.0,0,0,0.143,MORTGAGE,education,0
APP106560,49,257000.0,3.5,316000.0,36,8.53,744.0,1,1,0.41,RENT,education,0
APP106561,50,824000.0,10.0,227000.0,60,7.12,682.0,1,0,0.055,RENT,home_improvement,0
APP106562,42,249000.0,2.2,70000.0,24,7.79,699.0,2,0,0.141,RENT,personal,0
APP106563,22,587000.0,5.5,305000.0,48,6.83,792.0,0,0,0.13,OWN,business,0
APP106564,22,874000.0,13.7,1300000.0,12,5.0,710.0,0,1,1.487,OWN,personal,1
APP106565,33,378000.0,3.9,468000.0,36,5.32,679.0,2,0,0.413,RENT,education,0
APP106566,25,475000.0,1.4,124000.0,36,7.1,705.0,1,1,0.087,RENT,personal,0
APP106567,25,371000.0,2.6,550000.0,24,6.72,673.0,3,1,0.741,OWN,medical,1
APP106568,28,574000.0,2.7,738000.0,48,8.92,600.0,2,2,0.321,RENT,medical,0
APP106569,29,274000.0,2.4,281000.0,24,8.73,686.0,2,0,0.513,OWN,home_improvement,0
APP106570,58,631000.0,4.4,211000.0,60,6.27,741.0,0,0,0.067,RENT,medical,0
APP106571,49,962000.0,20.8,591000.0,48,5.39,619.0,1,0,0.154,RENT,debt_consolidation,1
APP106572,22,467000.0,7.7,274000.0,48,9.16,738.0,0,0,0.147,MORTGAGE,personal,0
APP106573,49,357000.0,4.8,385000.0,24,7.92,680.0,0,0,0.539,OWN,education,1
APP106574,27,659000.0,5.1,661000.0,36,6.13,716.0,0,0,0.334,RENT,debt_consolidation,0
APP106575,39,327000.0,3.1,181000.0,48,5.0,638.0,2,0,0.138,RENT,personal,0
APP106576,22,455000.0,5.1,273000.0,36,6.01,701.0,1,0,0.2,OWN,home_improvement,0
APP106577,25,647000.0,13.3,583000.0,48,8.36,799.0,2,1,0.225,RENT,personal,0
APP106578,26,492000.0,5.7,677000.0,36,11.21,666.0,1,0,0.459,RENT,education,0
APP106579,40,997000.0,10.5,332000.0,48,7.03,695.0,1,0,0.083,OWN,debt_consolidation,0
APP106580,41,720000.0,9.5,866000.0,48,5.67,718.0,0,0,0.301,OWN,personal,0
APP106581,36,678000.0,20.2,1081000.0,36,12.25,615.0,0,1,0.531,RENT,personal,1
APP106582,48,741000.0,9.4,917000.0,60,6.68,643.0,0,0,0.248,MORTGAGE,education,0
APP106583,53,830000.0,19.2,656000.0,48,5.75,779.0,1,0,0.198,MORTGAGE,education,0
APP106584,53,707000.0,11.0,856000.0,12,6.6,709.0,0,0,1.211,OWN,business,0
APP106585,47,649000.0,6.7,907000.0,12,6.49,832.0,0,0,1.398,OWN,medical,1
APP106586,45,488000.0,2.8,617000.0,48,10.3,673.0,0,0,0.316,RENT,debt_consolidation,0
APP106587,43,665000.0,10.4,112000.0,48,5.0,842.0,0,0,0.042,RENT,debt_consolidation,0
APP106588,31,492000.0,11.0,168000.0,60,8.81,589.0,0,2,0.068,MORTGAGE,debt_consolidation,1
APP106589,42,352000.0,11.2,107000.0,48,7.48,724.0,1,0,0.076,MORTGAGE,debt_consolidation,1
APP106590,21,549000.0,0.2,108000.0,24,6.28,643.0,3,0,0.098,MORTGAGE,home_improvement,0
APP106591,64,595000.0,3.8,706000.0,12,6.76,769.0,0,0,1.187,MORTGAGE,education,1
APP106592,37,586000.0,7.7,315000.0,36,6.95,689.0,1,0,0.179,MORTGAGE,debt_consolidation,1
APP106593,55,514000.0,4.0,615000.0,36,7.69,660.0,1,1,0.399,OWN,personal,0
APP106594,64,566000.0,3.5,632000.0,60,6.51,675.0,2,1,0.223,RENT,debt_consolidation,0
APP106595,43,388000.0,3.0,353000.0,48,7.36,839.0,3,0,0.227,MORTGAGE,debt_consolidation,0
APP106596,59,761000.0,1.2,180000.0,60,5.79,798.0,0,0,0.047,MORTGAGE,home_improvement,1
APP106597,42,769000.0,7.4,456000.0,48,12.3,708.0,0,0,0.148,RENT,home_improvement,0
APP106598,26,449000.0,3.3,85000.0,48,9.72,628.0,5,0,0.047,RENT,debt_consolidation,0
APP106599,22,348000.0,3.9,511000.0,36,8.57,641.0,1,1,0.489,OWN,debt_consolidation,0
APP106600,27,216000.0,4.8,129000.0,48,6.52,641.0,3,0,0.149,MORTGAGE,business,0
APP106601,63,846000.0,8.2,243000.0,36,9.31,736.0,0,2,0.096,RENT,debt_consolidation,0
APP106602,42,480000.0,6.6,74000.0,60,8.16,654.0,1,1,0.031,OWN,medical,0
APP106603,35,369000.0,6.4,383000.0,24,7.76,780.0,2,0,0.519,OWN,debt_consolidation,1
APP106604,41,506000.0,0.5,532000.0,60,6.33,777.0,1,0,0.21,RENT,home_improvement,0
APP106605,32,519000.0,10.6,827000.0,36,8.1,648.0,0,3,0.531,OWN,debt_consolidation,1
APP106606,60,575000.0,16.1,327000.0,36,11.2,633.0,1,1,0.19,RENT,personal,1
APP106607,65,508000.0,6.3,110000.0,24,7.68,719.0,0,2,0.108,RENT,education,0
APP106608,24,470000.0,2.1,602000.0,24,6.92,617.0,1,1,0.64,RENT,education,1
APP106609,53,513000.0,3.6,304000.0,48,7.72,699.0,0,1,0.148,OWN,home_improvement,0
APP106610,36,569000.0,2.2,358000.0,24,7.6,798.0,1,0,0.315,OWN,business,0
APP106611,23,589000.0,14.9,864000.0,12,6.3,607.0,1,0,1.467,RENT,personal,1
APP106612,62,826000.0,3.9,813000.0,24,5.87,657.0,3,1,0.492,MORTGAGE,education,0
APP106613,23,341000.0,6.5,249000.0,36,9.25,670.0,3,0,0.243,RENT,debt_consolidation,0
APP106614,30,520000.0,4.6,795000.0,84,10.15,676.0,3,0,0.218,RENT,business,1
APP106615,22,574000.0,8.0,307000.0,48,12.48,649.0,1,0,0.134,OWN,home_improvement,0
APP106616,42,440000.0,2.7,80000.0,36,8.51,803.0,1,1,0.061,OWN,personal,0
APP106617,47,777000.0,6.3,377000.0,84,7.76,733.0,1,0,0.069,MORTGAGE,medical,0
APP106618,35,257000.0,3.9,55000.0,36,9.48,606.0,1,0,0.071,MORTGAGE,debt_consolidation,0
APP106619,24,408000.0,11.6,302000.0,84,5.5,736.0,3,0,0.106,MORTGAGE,debt_consolidation,0
APP106620,26,158000.0,0.6,214000.0,84,8.91,755.0,0,1,0.193,MORTGAGE,debt_consolidation,0
APP106621,63,568000.0,4.2,888000.0,48,9.79,640.0,0,3,0.391,RENT,debt_consolidation,0
APP106622,57,698000.0,10.8,813000.0,36,9.75,803.0,0,1,0.388,RENT,education,0
APP106623,63,873000.0,10.0,1303000.0,60,11.17,532.0,1,3,0.299,RENT,medical,1
APP106624,44,506000.0,1.3,376000.0,36,6.18,776.0,1,0,0.248,RENT,home_improvement,0
APP106625,45,541000.0,9.2,319000.0,36,6.42,724.0,0,0,0.197,OWN,personal,0
APP106626,56,384000.0,2.5,143000.0,24,7.03,630.0,2,1,0.186,OWN,home_improvement,0
APP106627,48,393000.0,3.1,344000.0,24,5.05,742.0,0,1,0.438,RENT,home_improvement,0
APP106628,40,661000.0,10.4,413000.0,24,8.68,755.0,0,1,0.312,MORTGAGE,business,0
APP106629,34,637000.0,4.2,195000.0,60,8.99,812.0,0,0,0.061,MORTGAGE,debt_consolidation,0
APP106630,42,454000.0,1.2,682000.0,12,8.74,785.0,2,0,1.502,OWN,home_improvement,1
APP106631,23,592000.0,1.9,195000.0,36,7.83,691.0,1,1,0.11,RENT,personal,0
APP106632,29,349000.0,5.6,427000.0,36,9.71,570.0,5,1,0.408,MORTGAGE,personal,1
APP106633,54,565000.0,4.1,141000.0,36,8.77,610.0,2,0,0.083,RENT,debt_consolidation,0
APP106634,60,612000.0,4.0,560000.0,60,6.17,624.0,1,0,0.183,OWN,education,0
APP106635,25,724000.0,,817000.0,60,5.0,,0,3,0.226,RENT,personal,1
APP106636,25,503000.0,6.9,247000.0,48,6.77,738.0,1,0,0.123,RENT,business,0
APP106637,24,176000.0,4.3,50000.0,48,7.59,722.0,1,1,0.071,OWN,home_improvement,0
APP106638,56,850000.0,10.1,859000.0,60,7.6,699.0,5,1,0.202,RENT,business,0
APP106639,35,832000.0,7.9,852000.0,36,7.11,681.0,1,0,0.341,OWN,home_improvement,0
APP106640,35,502000.0,6.6,302000.0,36,6.32,781.0,0,1,0.201,MORTGAGE,medical,0
APP106641,21,285000.0,3.6,198000.0,24,5.64,779.0,1,1,0.347,MORTGAGE,debt_consolidation,0
APP106642,64,898000.0,11.2,194000.0,24,5.23,641.0,2,1,0.108,OWN,home_improvement,0
APP106643,40,833000.0,4.0,482000.0,60,8.46,722.0,0,0,0.116,RENT,medical,0
APP106644,56,765000.0,4.3,1094000.0,60,9.89,730.0,4,0,0.286,RENT,home_improvement,0
APP106645,52,500000.0,15.1,199000.0,36,5.0,793.0,1,1,0.133,MORTGAGE,personal,0
APP106646,27,556000.0,2.6,461000.0,12,7.37,675.0,3,2,0.829,MORTGAGE,debt_consolidation,1
APP106647,57,684000.0,2.6,774000.0,48,9.24,683.0,1,0,0.283,RENT,education,1
APP106648,45,430000.0,4.4,565000.0,84,7.08,607.0,1,2,0.188,OWN,personal,0
APP106649,48,757000.0,2.1,203000.0,60,9.08,628.0,1,1,0.054,MORTGAGE,education,0
APP106650,30,522000.0,2.2,526000.0,48,9.87,710.0,0,0,0.252,MORTGAGE,home_improvement,0
APP106651,59,979000.0,14.8,1037000.0,48,8.37,721.0,0,0,0.265,RENT,personal,1
APP106652,62,514000.0,4.3,224000.0,24,6.41,649.0,1,0,0.218,RENT,education,0
APP106653,39,624000.0,6.7,122000.0,12,10.39,773.0,0,0,0.196,OWN,personal,0
APP106654,25,284000.0,1.5,390000.0,24,6.91,695.0,1,0,0.687,RENT,personal,1
APP106655,59,670000.0,2.4,528000.0,36,6.91,740.0,1,0,0.263,OWN,personal,1
APP106656,60,1026000.0,16.2,244000.0,60,8.63,635.0,2,1,0.048,RENT,medical,0
APP106657,43,319000.0,2.1,315000.0,60,6.84,744.0,4,0,0.197,RENT,personal,1
APP106658,47,409000.0,6.9,285000.0,36,7.01,779.0,0,0,0.232,RENT,debt_consolidation,0
APP106659,31,582000.0,0.2,155000.0,36,6.68,766.0,2,0,0.089,OWN,personal,0
APP106660,24,409000.0,1.4,232000.0,36,7.1,670.0,2,1,0.189,OWN,personal,0
APP106661,63,855000.0,4.3,533000.0,36,7.93,698.0,2,0,0.208,MORTGAGE,education,0
APP106662,42,500000.0,9.9,492000.0,60,5.0,747.0,3,0,0.197,RENT,business,0
APP106663,33,520000.0,5.4,382000.0,60,7.28,747.0,3,1,0.147,RENT,home_improvement,0
APP106664,52,720000.0,4.6,220000.0,60,5.0,710.0,2,0,0.061,MORTGAGE,personal,1
APP106665,22,514000.0,8.4,551000.0,36,6.61,633.0,2,0,0.357,RENT,personal,0
APP106666,24,200000.0,6.2,241000.0,48,8.24,661.0,2,1,0.301,RENT,personal,1
APP106667,31,871000.0,1.0,771000.0,84,6.78,787.0,1,0,0.126,MORTGAGE,debt_consolidation,0
APP106668,41,589000.0,5.1,142000.0,48,9.05,773.0,0,0,0.06,RENT,medical,0
APP106669,37,314000.0,3.6,94000.0,24,8.26,716.0,0,1,0.15,OWN,home_improvement,0
APP106670,29,524000.0,4.4,796000.0,36,5.0,678.0,3,0,0.506,MORTGAGE,debt_consolidation,0
APP106671,36,572000.0,3.5,243000.0,12,10.14,793.0,0,1,0.425,RENT,home_improvement,0
APP106672,36,677000.0,5.2,403000.0,24,8.05,674.0,0,0,0.298,RENT,medical,0
APP106673,44,738000.0,7.1,846000.0,36,6.25,651.0,0,3,0.382,MORTGAGE,debt_consolidation,0
APP106674,46,514000.0,1.7,667000.0,48,6.47,723.0,3,0,0.324,RENT,personal,0
APP106675,60,388000.0,3.0,571000.0,24,5.0,750.0,0,0,0.736,MORTGAGE,personal,0
APP106676,57,760000.0,8.2,549000.0,36,7.98,647.0,2,1,0.241,OWN,medical,0
APP106677,34,314000.0,8.9,499000.0,36,8.93,765.0,2,0,0.53,MORTGAGE,personal,0
APP106678,61,959000.0,13.4,288000.0,60,6.0,771.0,1,0,0.06,RENT,debt_consolidation,0
APP106679,44,469000.0,5.4,632000.0,24,5.51,714.0,3,0,0.674,MORTGAGE,education,1
APP106680,29,553000.0,2.8,301000.0,12,7.81,749.0,0,0,0.544,OWN,debt_consolidation,0
APP106681,36,404000.0,3.0,610000.0,48,10.13,688.0,1,0,0.377,MORTGAGE,home_improvement,1
APP106682,54,564000.0,5.3,795000.0,36,9.9,787.0,2,1,0.47,RENT,home_improvement,1
APP106683,57,501000.0,2.4,629000.0,12,9.32,799.0,0,0,1.255,RENT,business,0
APP106684,37,733000.0,12.8,752000.0,60,11.94,664.0,2,1,0.205,RENT,debt_consolidation,1
APP106685,28,367000.0,3.5,169000.0,36,9.53,672.0,2,1,0.153,MORTGAGE,debt_consolidation,0
APP106686,29,678000.0,11.6,556000.0,36,10.04,807.0,0,0,0.273,OWN,personal,1
APP106687,25,336000.0,2.1,67000.0,48,7.69,752.0,1,0,0.05,OWN,personal,0
APP106688,52,581000.0,4.5,685000.0,12,6.74,737.0,0,0,1.179,RENT,debt_consolidation,1
APP106689,43,560000.0,3.9,178000.0,24,10.0,665.0,1,0,0.159,RENT,personal,0
APP106690,41,536000.0,1.4,281000.0,36,5.34,648.0,3,0,0.175,RENT,business,1
APP106691,51,468000.0,4.2,236000.0,24,8.43,725.0,1,0,0.252,RENT,debt_consolidation,0
APP106692,58,778000.0,6.2,1006000.0,24,6.16,808.0,2,0,0.647,OWN,personal,0
APP106693,56,551000.0,0.5,403000.0,36,8.25,787.0,0,0,0.244,MORTGAGE,personal,0
APP106694,27,584000.0,7.5,540000.0,36,8.09,762.0,1,0,0.308,RENT,debt_consolidation,0
APP106695,47,609000.0,6.6,276000.0,60,7.86,758.0,2,0,0.091,RENT,home_improvement,0
APP106696,60,759000.0,5.1,482000.0,48,7.46,606.0,0,0,0.159,OWN,education,0
APP106697,55,621000.0,8.6,554000.0,60,8.67,701.0,3,1,0.178,OWN,education,0
APP106698,35,451000.0,9.1,195000.0,36,9.02,757.0,0,0,0.144,OWN,debt_consolidation,0
APP106699,38,848000.0,25.5,975000.0,36,5.0,674.0,2,0,0.383,MORTGAGE,personal,1
APP106700,61,559000.0,1.4,448000.0,36,7.4,838.0,1,0,0.267,RENT,medical,0
APP106701,22,770000.0,14.1,1214000.0,12,6.58,740.0,4,0,1.577,RENT,medical,1
APP106702,44,647000.0,10.2,328000.0,24,7.93,765.0,1,0,0.253,MORTGAGE,business,0
APP106703,26,279000.0,6.6,202000.0,12,6.58,676.0,2,0,0.724,RENT,medical,1
APP106704,61,553000.0,2.1,824000.0,48,10.31,723.0,2,0,0.373,RENT,personal,1
APP106705,22,277000.0,3.7,397000.0,36,7.35,738.0,0,0,0.478,RENT,home_improvement,1
APP106706,22,583000.0,3.3,497000.0,12,9.67,835.0,0,0,0.852,OWN,business,1
APP106707,35,632000.0,4.7,208000.0,48,5.41,719.0,1,2,0.082,MORTGAGE,business,0
APP106708,30,522000.0,8.4,388000.0,24,6.88,722.0,0,1,0.372,RENT,debt_consolidation,1
APP106709,43,699000.0,12.3,700000.0,60,6.15,635.0,0,1,0.2,MORTGAGE,home_improvement,0
APP106710,34,642000.0,,333000.0,60,8.37,678.0,1,0,0.104,RENT,medical,0
APP106711,37,645000.0,3.7,276000.0,36,5.0,588.0,0,0,0.143,OWN,debt_consolidation,0
APP106712,46,674000.0,5.8,620000.0,24,5.0,650.0,1,2,0.46,RENT,debt_consolidation,0
APP106713,46,661000.0,2.5,268000.0,84,6.12,746.0,1,0,0.058,RENT,personal,0
APP106714,63,726000.0,10.6,1030000.0,60,8.73,701.0,2,1,0.284,MORTGAGE,education,0
APP106715,42,490000.0,6.9,126000.0,60,5.72,725.0,2,1,0.051,OWN,home_improvement,0
APP106716,46,677000.0,4.3,1071000.0,12,8.08,830.0,2,0,1.582,MORTGAGE,home_improvement,0
APP106717,51,804000.0,1.3,748000.0,48,6.08,672.0,0,0,0.233,RENT,personal,0
APP106718,28,655000.0,5.9,1032000.0,24,5.0,672.0,1,0,0.788,OWN,medical,0
APP106719,51,870000.0,6.4,1079000.0,36,9.37,732.0,1,0,0.413,RENT,medical,0
APP106720,59,639000.0,0.9,238000.0,12,8.93,609.0,0,1,0.372,MORTGAGE,education,0
APP106721,35,335000.0,1.7,161000.0,48,7.41,694.0,0,1,0.12,OWN,personal,0
APP106722,29,361000.0,5.8,110000.0,36,7.59,690.0,2,0,0.102,OWN,home_improvement,0
APP106723,36,863000.0,15.8,1042000.0,60,7.04,683.0,0,0,0.241,RENT,debt_consolidation,0
APP106724,33,304000.0,11.3,120000.0,24,5.23,664.0,1,0,0.197,RENT,debt_consolidation,1
APP106725,47,811000.0,4.4,962000.0,84,10.37,701.0,0,0,0.169,OWN,personal,0
APP106726,59,533000.0,3.9,744000.0,36,7.28,691.0,0,0,0.465,RENT,education,1
APP106727,47,855000.0,2.9,639000.0,84,8.3,708.0,0,0,0.107,RENT,home_improvement,0
APP106728,26,427000.0,2.6,473000.0,48,6.4,755.0,2,1,0.277,MORTGAGE,business,1
APP106729,35,619000.0,,896000.0,24,8.47,770.0,2,0,0.724,MORTGAGE,debt_consolidation,1
APP106730,52,1148000.0,19.0,1426000.0,60,10.02,781.0,0,0,0.248,RENT,debt_consolidation,0
APP106731,35,457000.0,3.9,155000.0,36,7.87,739.0,0,1,0.113,MORTGAGE,personal,0
APP106732,47,542000.0,5.2,311000.0,24,8.29,667.0,1,0,0.287,MORTGAGE,personal,0
APP106733,52,479000.0,1.8,444000.0,24,9.43,722.0,1,1,0.463,MORTGAGE,business,1
APP106734,35,403000.0,7.8,215000.0,84,9.06,645.0,1,1,0.076,RENT,medical,0
APP106735,50,562000.0,5.1,497000.0,84,9.8,737.0,3,0,0.126,MORTGAGE,personal,0
APP106736,38,439000.0,3.7,672000.0,36,8.21,820.0,1,0,0.51,OWN,personal,1
APP106737,27,251000.0,2.2,203000.0,24,8.2,781.0,0,0,0.404,OWN,business,0
APP106738,37,473000.0,2.7,250000.0,36,8.03,776.0,0,0,0.176,RENT,personal,1
APP106739,40,599000.0,3.5,217000.0,24,9.4,670.0,0,0,0.181,RENT,personal,0
APP106740,21,286000.0,3.7,417000.0,48,6.55,683.0,2,1,0.365,RENT,debt_consolidation,1
APP106741,61,618000.0,2.2,299000.0,36,8.67,733.0,1,0,0.161,MORTGAGE,home_improvement,0
APP106742,44,781000.0,4.7,336000.0,36,12.55,715.0,2,2,0.143,RENT,debt_consolidation,1
APP106743,22,241000.0,6.0,229000.0,60,8.29,649.0,2,1,0.19,MORTGAGE,personal,1
APP106744,60,1004000.0,8.7,823000.0,84,5.0,726.0,1,0,0.117,MORTGAGE,personal,0
APP106745,59,686000.0,15.3,487000.0,24,6.86,834.0,1,0,0.355,RENT,home_improvement,0
APP106746,21,417000.0,0.9,412000.0,36,8.87,691.0,1,1,0.329,RENT,medical,0
APP106747,28,690000.0,6.7,673000.0,36,6.02,613.0,0,0,0.325,OWN,debt_consolidation,0
APP106748,37,759000.0,4.1,189000.0,24,5.35,576.0,1,3,0.125,RENT,debt_consolidation,1
APP106749,43,586000.0,0.6,440000.0,36,5.0,679.0,1,0,0.25,OWN,education,0
APP106750,53,501000.0,3.1,599000.0,12,7.04,628.0,2,1,1.196,RENT,debt_consolidation,1
APP106751,40,470000.0,8.1,331000.0,12,11.05,726.0,0,1,0.704,RENT,personal,1
APP106752,48,541000.0,7.4,864000.0,60,6.33,793.0,1,0,0.319,OWN,personal,0
APP106753,21,727000.0,5.6,357000.0,36,9.43,790.0,2,0,0.164,OWN,education,0
APP106754,50,526000.0,2.8,457000.0,48,6.89,760.0,2,1,0.217,MORTGAGE,debt_consolidation,0
APP106755,62,822000.0,12.6,927000.0,12,6.65,699.0,2,0,1.128,MORTGAGE,business,1
APP106756,44,381000.0,2.0,360000.0,48,8.64,698.0,2,0,0.236,RENT,business,0
APP106757,41,368000.0,3.8,76000.0,48,5.0,662.0,1,2,0.052,OWN,medical,1
APP106758,34,510000.0,4.3,456000.0,60,11.17,866.0,0,1,0.179,RENT,personal,0
APP106759,63,637000.0,4.8,988000.0,24,8.68,728.0,0,1,0.776,OWN,medical,0
APP106760,22,601000.0,21.4,445000.0,36,9.81,723.0,1,1,0.247,RENT,home_improvement,0
APP106761,33,399000.0,14.4,127000.0,60,6.93,667.0,1,1,0.064,RENT,business,0
APP106762,27,487000.0,7.2,88000.0,24,8.59,759.0,2,1,0.09,MORTGAGE,business,0
APP106763,59,898000.0,5.1,672000.0,24,9.55,666.0,0,0,0.374,RENT,medical,0
APP106764,42,435000.0,5.1,182000.0,36,7.3,721.0,0,1,0.139,RENT,debt_consolidation,0
APP106765,62,859000.0,8.5,1169000.0,84,5.58,728.0,1,0,0.194,MORTGAGE,medical,0
APP106766,50,162000.0,11.0,248000.0,24,5.43,700.0,0,1,0.765,RENT,home_improvement,1
APP106767,46,428000.0,1.9,648000.0,24,6.57,805.0,0,1,0.757,OWN,business,0
APP106768,44,412000.0,15.4,286000.0,84,8.0,758.0,3,0,0.099,RENT,debt_consolidation,0
APP106769,30,699000.0,7.0,566000.0,36,7.14,767.0,0,1,0.27,RENT,personal,1
APP106770,46,697000.0,3.3,423000.0,24,6.42,657.0,1,0,0.303,RENT,home_improvement,0
APP106771,51,456000.0,4.6,154000.0,36,8.99,790.0,0,0,0.113,RENT,personal,0
APP106772,64,764000.0,7.2,734000.0,12,6.49,750.0,1,2,0.961,RENT,debt_consolidation,1
APP106773,45,790000.0,7.5,332000.0,36,6.19,726.0,0,1,0.14,OWN,debt_consolidation,0
APP106774,63,858000.0,2.2,203000.0,12,9.57,676.0,3,0,0.237,RENT,education,1
APP106775,63,626000.0,4.9,865000.0,36,8.71,679.0,1,0,0.461,RENT,home_improvement,0
APP106776,44,255000.0,6.0,334000.0,48,5.0,671.0,1,2,0.327,RENT,personal,1
APP106777,40,490000.0,11.2,732000.0,12,5.0,689.0,2,1,1.494,MORTGAGE,home_improvement,1
APP106778,27,671000.0,12.0,419000.0,36,5.06,696.0,2,0,0.208,MORTGAGE,debt_consolidation,1
APP106779,33,783000.0,1.7,1106000.0,84,7.43,735.0,2,0,0.202,MORTGAGE,personal,1
APP106780,60,665000.0,5.3,484000.0,36,10.09,717.0,0,1,0.243,RENT,education,0
APP106781,27,359000.0,3.2,92000.0,84,10.68,690.0,2,0,0.037,OWN,personal,0
APP106782,38,923000.0,7.1,751000.0,84,9.15,717.0,0,0,0.116,RENT,medical,0
APP106783,52,871000.0,20.7,830000.0,24,11.71,670.0,0,0,0.476,OWN,home_improvement,1
APP106784,31,375000.0,10.3,291000.0,36,7.94,716.0,2,0,0.259,OWN,education,0
APP106785,64,707000.0,7.6,911000.0,60,9.94,632.0,1,1,0.258,OWN,education,1
APP106786,50,809000.0,9.1,534000.0,48,6.24,682.0,1,1,0.165,RENT,medical,0
APP106787,22,536000.0,13.7,796000.0,60,5.0,757.0,1,0,0.297,RENT,personal,1
APP106788,32,678000.0,9.7,175000.0,24,6.82,613.0,3,0,0.129,OWN,debt_consolidation,0
APP106789,54,357000.0,2.0,426000.0,60,7.22,701.0,1,0,0.239,MORTGAGE,personal,0
APP106790,59,582000.0,16.1,871000.0,24,13.19,773.0,0,0,0.748,RENT,home_improvement,0
APP106791,62,580000.0,5.7,552000.0,48,7.5,556.0,1,3,0.238,OWN,personal,1
APP106792,59,644000.0,6.9,917000.0,60,5.26,665.0,1,1,0.285,MORTGAGE,business,1
APP106793,24,588000.0,12.0,678000.0,36,9.62,663.0,1,0,0.384,RENT,debt_consolidation,1
APP106794,53,904000.0,20.0,155000.0,36,5.83,809.0,0,0,0.057,RENT,medical,0
APP106795,25,816000.0,3.8,917000.0,48,7.82,694.0,0,0,0.281,RENT,personal,0
APP106796,24,421000.0,11.5,464000.0,60,9.43,623.0,0,3,0.22,OWN,personal,0
APP106797,52,558000.0,3.6,84000.0,36,5.45,738.0,1,1,0.05,RENT,business,0
APP106798,42,473000.0,6.5,352000.0,48,10.84,702.0,2,0,0.186,MORTGAGE,business,0
APP106799,50,729000.0,1.4,150000.0,24,9.98,786.0,1,1,0.103,OWN,debt_consolidation,0
APP106800,59,817000.0,3.6,470000.0,12,8.28,,0,1,0.575,OWN,debt_consolidation,1
APP106801,24,402000.0,6.3,635000.0,12,11.35,694.0,4,1,1.58,OWN,home_improvement,1
APP106802,44,919000.0,7.9,1391000.0,36,6.66,726.0,1,1,0.505,RENT,personal,1
APP106803,58,583000.0,7.6,666000.0,36,9.25,798.0,1,0,0.381,RENT,business,1
APP106804,40,770000.0,10.5,525000.0,12,8.11,515.0,3,1,0.682,RENT,personal,1
APP106805,44,780000.0,4.0,565000.0,24,6.1,730.0,4,0,0.362,MORTGAGE,personal,0
APP106806,43,364000.0,5.0,75000.0,24,6.16,648.0,1,1,0.103,RENT,debt_consolidation,0
APP106807,61,765000.0,5.2,490000.0,60,11.97,,0,0,0.128,RENT,personal,1
APP106808,23,120000.0,4.3,154000.0,12,9.83,675.0,2,1,1.283,OWN,debt_consolidation,1
APP106809,60,765000.0,2.6,691000.0,36,9.46,693.0,0,1,0.301,OWN,personal,0
APP106810,57,495000.0,5.7,416000.0,60,6.12,,1,1,0.168,MORTGAGE,personal,1
APP106811,57,790000.0,9.4,223000.0,60,9.06,627.0,2,1,0.056,RENT,medical,1
APP106812,39,679000.0,6.8,1007000.0,48,6.69,536.0,4,3,0.371,RENT,personal,1
APP106813,44,729000.0,3.9,409000.0,24,11.24,664.0,2,0,0.281,OWN,home_improvement,1
APP106814,37,675000.0,5.8,476000.0,24,10.17,741.0,2,0,0.353,RENT,debt_consolidation,1
APP106815,32,495000.0,3.7,312000.0,24,9.52,688.0,2,0,0.315,RENT,business,0
APP106816,60,649000.0,8.0,407000.0,60,9.3,715.0,1,1,0.125,OWN,personal,0
APP106817,43,612000.0,9.6,624000.0,36,7.31,687.0,1,0,0.34,RENT,debt_consolidation,1
APP106818,53,518000.0,9.8,549000.0,36,8.57,815.0,0,0,0.353,RENT,education,1
APP106819,25,423000.0,4.6,431000.0,24,10.89,639.0,1,2,0.509,RENT,medical,1
APP106820,56,587000.0,3.7,146000.0,36,8.53,777.0,0,0,0.083,OWN,education,0
APP106821,50,558000.0,10.5,868000.0,36,5.65,717.0,3,0,0.519,RENT,debt_consolidation,0
APP106822,65,430000.0,4.3,510000.0,36,10.26,649.0,1,1,0.395,MORTGAGE,personal,1
APP106823,27,290000.0,5.8,415000.0,12,6.01,814.0,1,1,1.431,OWN,personal,1
APP106824,45,129000.0,6.8,50000.0,36,7.43,802.0,0,0,0.129,MORTGAGE,education,0
APP106825,44,533000.0,5.4,800000.0,24,6.46,691.0,0,1,0.75,RENT,home_improvement,1
APP106826,45,680000.0,8.8,814000.0,36,5.0,788.0,0,0,0.399,OWN,personal,0
APP106827,23,120000.0,1.6,105000.0,48,7.89,722.0,0,0,0.219,MORTGAGE,business,0
APP106828,42,628000.0,7.5,115000.0,36,12.28,702.0,2,0,0.061,RENT,debt_consolidation,0
APP106829,34,470000.0,2.9,243000.0,24,8.2,687.0,0,0,0.259,MORTGAGE,business,0
APP106830,48,409000.0,4.0,559000.0,48,14.02,718.0,1,0,0.342,RENT,medical,1
APP106831,31,446000.0,6.2,312000.0,36,7.16,657.0,1,3,0.233,RENT,home_improvement,0
APP106832,40,662000.0,1.2,750000.0,36,7.99,688.0,2,1,0.378,MORTGAGE,debt_consolidation,0
APP106833,48,449000.0,4.8,543000.0,24,7.27,744.0,2,0,0.605,MORTGAGE,business,0
APP106834,23,450000.0,4.2,574000.0,84,7.63,700.0,3,0,0.182,MORTGAGE,medical,0
APP106835,56,698000.0,5.0,492000.0,36,8.31,612.0,2,1,0.235,RENT,personal,0
APP106836,53,493000.0,4.0,724000.0,36,10.82,741.0,1,0,0.49,RENT,medical,0
APP106837,23,609000.0,5.8,349000.0,12,5.65,691.0,0,0,0.573,OWN,business,0
APP106838,23,492000.0,3.6,670000.0,48,7.52,626.0,1,0,0.34,MORTGAGE,business,0
APP106839,59,630000.0,5.3,482000.0,36,8.85,642.0,2,2,0.255,OWN,medical,0
APP106840,33,877000.0,6.2,429000.0,48,10.32,693.0,1,0,0.122,OWN,debt_consolidation,0
APP106841,59,885000.0,10.8,573000.0,12,5.0,666.0,3,0,0.647,RENT,debt_consolidation,0
APP106842,43,404000.0,12.4,529000.0,36,5.0,653.0,2,0,0.436,OWN,medical,0
APP106843,36,428000.0,1.7,446000.0,48,7.59,682.0,3,1,0.261,MORTGAGE,personal,0
APP106844,33,955000.0,11.4,333000.0,36,9.96,704.0,0,0,0.116,MORTGAGE,personal,0
APP106845,50,434000.0,2.6,143000.0,12,6.44,643.0,0,1,0.329,OWN,business,1
APP106846,25,474000.0,5.3,543000.0,60,8.97,750.0,0,0,0.229,RENT,personal,1
APP106847,39,684000.0,1.3,340000.0,84,11.85,681.0,0,1,0.071,RENT,personal,1
APP106848,36,573000.0,0.8,259000.0,36,7.52,702.0,1,1,0.151,OWN,home_improvement,0
APP106849,27,770000.0,19.9,952000.0,48,7.0,720.0,0,1,0.309,RENT,personal,0
APP106850,36,641000.0,5.4,396000.0,36,8.54,738.0,1,0,0.206,OWN,personal,0
APP106851,44,573000.0,4.6,143000.0,36,7.9,618.0,0,1,0.083,OWN,debt_consolidation,0
APP106852,51,518000.0,6.7,397000.0,48,8.06,764.0,2,1,0.192,OWN,home_improvement,0
APP106853,24,514000.0,4.6,501000.0,48,7.1,603.0,0,1,0.244,OWN,home_improvement,1
APP106854,60,664000.0,9.5,679000.0,36,6.93,765.0,2,0,0.341,RENT,business,0
APP106855,60,615000.0,6.4,144000.0,24,5.29,714.0,1,0,0.117,OWN,business,0
APP106856,52,886000.0,8.5,716000.0,36,8.85,808.0,2,1,0.269,RENT,medical,0
APP106857,62,600000.0,2.9,403000.0,48,5.21,708.0,2,0,0.168,MORTGAGE,personal,0
APP106858,40,764000.0,1.5,612000.0,36,5.7,748.0,1,0,0.267,RENT,debt_consolidation,0
APP106859,57,754000.0,10.3,159000.0,24,5.0,624.0,0,0,0.105,MORTGAGE,debt_consolidation,0
APP106860,53,627000.0,6.9,363000.0,36,6.78,782.0,2,0,0.193,MORTGAGE,personal,0
APP106861,46,277000.0,2.0,300000.0,48,7.56,729.0,2,0,0.271,OWN,home_improvement,0
APP106862,29,766000.0,2.0,255000.0,24,5.08,596.0,3,0,0.166,MORTGAGE,personal,1
APP106863,46,596000.0,5.9,918000.0,60,6.91,619.0,2,2,0.308,OWN,home_improvement,1
APP106864,61,373000.0,8.1,594000.0,36,7.86,708.0,1,0,0.531,RENT,home_improvement,0
APP106865,65,819000.0,2.6,551000.0,60,5.0,783.0,0,0,0.135,RENT,business,0
APP106866,41,659000.0,14.2,750000.0,36,5.83,666.0,1,2,0.379,MORTGAGE,home_improvement,1
APP106867,32,408000.0,,437000.0,36,11.47,618.0,2,1,0.357,OWN,debt_consolidation,1
APP106868,54,843000.0,10.8,331000.0,84,5.94,714.0,0,0,0.056,MORTGAGE,business,0
APP106869,24,120000.0,5.8,86000.0,36,9.06,742.0,2,0,0.239,MORTGAGE,personal,0
APP106870,27,370000.0,5.4,582000.0,24,6.38,714.0,1,0,0.786,RENT,business,1
APP106871,46,503000.0,1.8,169000.0,84,7.94,740.0,2,0,0.048,MORTGAGE,home_improvement,0
APP106872,65,803000.0,2.9,790000.0,36,5.75,572.0,2,0,0.328,RENT,education,0
APP106873,35,855000.0,,871000.0,48,5.0,735.0,1,3,0.255,MORTGAGE,debt_consolidation,1
APP106874,40,537000.0,7.0,211000.0,24,6.53,693.0,1,1,0.196,RENT,medical,1
APP106875,35,603000.0,6.2,558000.0,60,8.47,720.0,0,1,0.185,RENT,education,0
APP106876,40,913000.0,0.9,1352000.0,84,8.99,730.0,1,1,0.212,RENT,debt_consolidation,0
APP106877,21,406000.0,2.4,129000.0,36,7.81,756.0,1,1,0.106,MORTGAGE,medical,1
APP106878,47,679000.0,6.4,289000.0,24,5.79,776.0,2,0,0.213,OWN,personal,0
APP106879,47,432000.0,7.1,225000.0,36,9.52,,0,0,0.174,RENT,education,0
APP106880,35,802000.0,4.0,994000.0,24,5.91,625.0,1,0,0.62,RENT,personal,1
APP106881,32,435000.0,8.3,429000.0,36,6.05,754.0,1,0,0.329,MORTGAGE,debt_consolidation,0
APP106882,55,719000.0,8.2,633000.0,48,5.34,765.0,4,0,0.22,RENT,education,0
APP106883,29,688000.0,19.0,893000.0,24,6.57,784.0,0,0,0.649,MORTGAGE,medical,1
APP106884,23,467000.0,5.5,732000.0,84,6.85,587.0,0,1,0.224,MORTGAGE,education,1
APP106885,22,362000.0,3.8,157000.0,48,8.15,821.0,2,0,0.108,RENT,medical,0
APP106886,60,677000.0,2.6,899000.0,36,5.0,659.0,1,1,0.443,OWN,business,1
APP106887,37,755000.0,1.6,518000.0,36,6.49,742.0,0,1,0.229,MORTGAGE,education,0
APP106888,25,838000.0,8.0,303000.0,60,5.74,584.0,2,1,0.072,RENT,personal,1
APP106889,60,673000.0,7.4,351000.0,36,8.44,802.0,1,0,0.174,MORTGAGE,home_improvement,0
APP106890,27,366000.0,1.8,267000.0,84,8.17,750.0,0,1,0.104,RENT,education,0
APP106891,36,441000.0,8.0,641000.0,12,5.24,694.0,2,0,1.454,OWN,debt_consolidation,1
APP106892,21,851000.0,6.0,718000.0,24,8.58,802.0,0,0,0.422,OWN,medical,0
APP106893,51,627000.0,4.3,653000.0,36,7.38,738.0,0,0,0.347,RENT,debt_consolidation,0
APP106894,52,739000.0,0.8,146000.0,24,9.24,749.0,2,0,0.099,RENT,debt_consolidation,1
APP106895,55,772000.0,7.3,187000.0,36,6.08,700.0,0,1,0.081,MORTGAGE,debt_consolidation,0
APP106896,32,959000.0,15.5,1449000.0,36,8.8,657.0,3,1,0.504,RENT,business,0
APP106897,35,458000.0,2.9,625000.0,24,9.4,797.0,0,1,0.682,OWN,personal,0
APP106898,63,534000.0,6.0,459000.0,24,7.65,749.0,1,0,0.43,RENT,business,1
APP106899,57,963000.0,7.7,424000.0,24,12.12,650.0,1,0,0.22,MORTGAGE,medical,0
APP106900,22,523000.0,0.5,109000.0,12,8.58,692.0,1,1,0.208,MORTGAGE,personal,0
APP106901,52,660000.0,2.5,1032000.0,24,11.38,726.0,1,1,0.782,RENT,medical,1
APP106902,57,839000.0,1.4,133000.0,12,13.05,747.0,1,1,0.159,RENT,home_improvement,0
APP106903,46,788000.0,15.4,390000.0,84,5.0,841.0,3,0,0.071,RENT,business,0
APP106904,49,784000.0,0.4,895000.0,24,10.03,727.0,0,1,0.571,RENT,debt_consolidation,0
APP106905,21,465000.0,4.3,702000.0,12,8.64,688.0,0,0,1.51,RENT,debt_consolidation,1
APP106906,22,595000.0,6.5,190000.0,84,8.04,666.0,3,1,0.046,RENT,home_improvement,1
APP106907,22,495000.0,2.8,630000.0,48,6.05,769.0,0,1,0.318,RENT,business,1
APP106908,28,376000.0,0.6,237000.0,24,5.54,665.0,2,0,0.315,RENT,business,0
APP106909,65,662000.0,4.4,752000.0,60,5.18,,0,0,0.227,OWN,business,0
APP106910,49,519000.0,2.8,151000.0,60,12.39,653.0,2,1,0.058,RENT,personal,1
APP106911,56,710000.0,7.0,997000.0,48,8.57,717.0,0,0,0.351,MORTGAGE,personal,0
APP106912,34,492000.0,8.9,578000.0,48,5.0,725.0,0,0,0.294,RENT,business,0
APP106913,63,715000.0,1.8,1098000.0,48,5.18,708.0,0,1,0.384,RENT,debt_consolidation,0
APP106914,29,520000.0,3.0,457000.0,84,5.0,709.0,1,0,0.126,RENT,personal,0
APP106915,61,685000.0,3.2,984000.0,36,10.12,638.0,0,0,0.479,OWN,debt_consolidation,0
APP106916,22,521000.0,8.8,486000.0,60,7.6,769.0,4,0,0.187,MORTGAGE,medical,0
APP106917,21,357000.0,5.5,319000.0,24,8.62,764.0,0,1,0.447,MORTGAGE,business,0
APP106918,24,375000.0,1.9,108000.0,48,7.51,726.0,1,0,0.072,OWN,medical,1
APP106919,56,464000.0,10.7,617000.0,84,9.59,764.0,2,1,0.19,RENT,education,0
APP106920,32,458000.0,2.8,342000.0,12,6.63,766.0,0,0,0.747,MORTGAGE,debt_consolidation,1
APP106921,41,390000.0,3.5,398000.0,24,8.15,753.0,2,0,0.51,RENT,education,1
APP106922,42,545000.0,2.3,596000.0,60,8.1,678.0,1,2,0.219,RENT,personal,1
APP106923,56,548000.0,5.8,698000.0,48,5.0,745.0,0,1,0.318,OWN,education,0
APP106924,36,206000.0,4.0,203000.0,48,5.91,588.0,0,3,0.246,MORTGAGE,home_improvement,1
APP106925,21,869000.0,12.9,911000.0,84,6.83,728.0,0,0,0.15,MORTGAGE,medical,0
APP106926,38,510000.0,5.6,462000.0,12,8.21,633.0,2,0,0.906,RENT,personal,1
APP106927,33,695000.0,2.5,723000.0,48,10.55,651.0,1,0,0.26,RENT,debt_consolidation,1
APP106928,53,550000.0,5.1,437000.0,48,7.75,781.0,2,0,0.199,MORTGAGE,business,0
APP106929,54,998000.0,14.1,1273000.0,24,7.31,771.0,0,0,0.638,MORTGAGE,debt_consolidation,0
APP106930,25,248000.0,1.7,329000.0,24,8.18,678.0,2,0,0.663,OWN,home_improvement,1
APP106931,56,700000.0,7.3,630000.0,48,7.15,682.0,0,0,0.225,RENT,personal,0
APP106932,24,240000.0,0.8,87000.0,48,7.45,618.0,0,1,0.091,OWN,home_improvement,1
APP106933,48,1076000.0,12.3,744000.0,48,10.83,669.0,1,0,0.173,RENT,medical,0
APP106934,38,484000.0,3.6,662000.0,36,7.01,628.0,1,2,0.456,OWN,business,0
APP106935,34,607000.0,2.4,898000.0,48,8.08,495.0,2,2,0.37,RENT,business,1
APP106936,42,733000.0,13.6,394000.0,36,6.08,761.0,4,0,0.179,OWN,debt_consolidation,0
APP106937,34,509000.0,4.9,771000.0,24,10.27,738.0,1,0,0.757,MORTGAGE,personal,1
APP106938,56,724000.0,5.0,399000.0,48,5.49,744.0,1,0,0.138,OWN,business,0
APP106939,64,881000.0,3.6,1306000.0,48,7.34,706.0,0,2,0.371,RENT,personal,0
APP106940,57,737000.0,3.7,1110000.0,60,9.66,717.0,1,0,0.301,RENT,personal,1
APP106941,40,523000.0,0.7,461000.0,36,5.59,715.0,2,0,0.294,OWN,medical,0
APP106942,43,672000.0,7.2,1027000.0,60,9.41,714.0,2,0,0.306,MORTGAGE,home_improvement,0
APP106943,41,800000.0,1.4,757000.0,60,5.0,803.0,0,0,0.189,MORTGAGE,personal,0
APP106944,56,641000.0,9.8,448000.0,36,5.1,653.0,1,1,0.233,OWN,personal,0
APP106945,45,266000.0,2.0,352000.0,36,7.29,715.0,3,1,0.441,MORTGAGE,medical,0
APP106946,42,402000.0,5.4,124000.0,60,12.8,671.0,0,0,0.062,MORTGAGE,personal,1
APP106947,39,368000.0,3.1,171000.0,36,7.82,653.0,1,0,0.155,MORTGAGE,medical,0
APP106948,37,383000.0,3.6,176000.0,48,7.87,628.0,2,0,0.115,MORTGAGE,personal,0
APP106949,45,443000.0,4.2,466000.0,36,10.02,613.0,1,0,0.351,OWN,debt_consolidation,0
APP106950,52,635000.0,6.4,748000.0,36,5.11,692.0,3,1,0.393,RENT,personal,1
APP106951,40,687000.0,13.3,937000.0,60,5.0,635.0,3,1,0.273,OWN,medical,1
APP106952,57,670000.0,3.5,975000.0,24,11.31,717.0,0,1,0.728,OWN,personal,0
APP106953,58,496000.0,0.6,704000.0,12,8.83,765.0,2,1,1.419,RENT,home_improvement,1
APP106954,40,776000.0,11.4,884000.0,24,6.52,689.0,0,1,0.57,RENT,personal,0
APP106955,61,792000.0,8.0,1169000.0,60,7.63,710.0,2,1,0.295,RENT,education,0
APP106956,28,679000.0,2.0,373000.0,36,9.81,772.0,1,0,0.183,OWN,education,0
APP106957,62,768000.0,1.6,923000.0,48,7.22,674.0,1,2,0.3,OWN,debt_consolidation,1
APP106958,34,482000.0,6.7,126000.0,24,7.82,740.0,0,0,0.131,RENT,debt_consolidation,0
APP106959,46,791000.0,5.8,262000.0,36,11.98,639.0,0,0,0.11,MORTGAGE,personal,1
APP106960,33,675000.0,15.5,323000.0,36,5.0,749.0,1,0,0.16,RENT,home_improvement,0
APP106961,40,697000.0,7.3,208000.0,24,8.64,759.0,1,0,0.149,RENT,debt_consolidation,0
APP106962,36,610000.0,3.0,946000.0,36,5.0,817.0,1,0,0.517,OWN,home_improvement,1
APP106963,52,572000.0,2.4,473000.0,24,10.94,696.0,1,0,0.413,MORTGAGE,home_improvement,1
APP106964,24,473000.0,5.3,693000.0,24,8.14,761.0,1,1,0.733,RENT,debt_consolidation,1
APP106965,58,588000.0,0.8,495000.0,36,5.99,687.0,0,0,0.281,RENT,home_improvement,1
APP106966,61,501000.0,1.1,583000.0,36,5.0,774.0,0,0,0.388,OWN,personal,0
APP106967,46,225000.0,1.7,139000.0,12,6.73,641.0,1,1,0.618,RENT,medical,1
APP106968,45,451000.0,2.9,689000.0,36,7.91,724.0,1,0,0.509,RENT,business,0
APP106969,52,649000.0,4.8,130000.0,36,10.05,694.0,0,0,0.067,OWN,debt_consolidation,0
APP106970,29,678000.0,7.6,787000.0,60,5.09,718.0,2,0,0.232,MORTGAGE,business,0
APP106971,54,836000.0,11.9,1277000.0,48,5.69,716.0,0,1,0.382,OWN,debt_consolidation,0
APP106972,30,513000.0,10.4,663000.0,84,6.41,718.0,0,1,0.185,RENT,personal,0
APP106973,51,566000.0,9.3,764000.0,36,5.79,668.0,3,0,0.45,RENT,medical,0
APP106974,34,469000.0,3.5,274000.0,60,6.37,706.0,2,0,0.117,OWN,personal,0
APP106975,54,458000.0,2.5,369000.0,12,5.42,744.0,0,0,0.806,OWN,home_improvement,0
APP106976,56,348000.0,6.6,121000.0,36,8.42,715.0,0,0,0.116,RENT,home_improvement,0
APP106977,30,281000.0,6.9,196000.0,36,6.44,658.0,0,1,0.233,MORTGAGE,personal,0
APP106978,48,767000.0,1.9,124000.0,48,7.52,665.0,2,0,0.04,RENT,business,0
APP106979,43,837000.0,4.2,1071000.0,60,8.17,774.0,1,0,0.256,MORTGAGE,home_improvement,0
APP106980,34,595000.0,2.3,911000.0,48,5.0,669.0,0,2,0.383,MORTGAGE,debt_consolidation,1
APP106981,47,536000.0,1.1,625000.0,12,8.81,706.0,1,3,1.166,RENT,personal,1
APP106982,65,505000.0,6.2,669000.0,48,7.96,682.0,1,1,0.331,MORTGAGE,business,0
APP106983,21,462000.0,9.2,413000.0,48,7.96,730.0,0,0,0.223,RENT,home_improvement,0
APP106984,64,901000.0,14.6,386000.0,12,7.21,752.0,3,0,0.428,OWN,education,0
APP106985,59,781000.0,4.4,933000.0,24,6.91,759.0,0,0,0.597,RENT,personal,0
APP106986,44,628000.0,0.9,367000.0,48,7.62,749.0,2,1,0.146,OWN,personal,1
APP106987,48,915000.0,16.3,747000.0,36,7.71,607.0,3,0,0.272,OWN,debt_consolidation,1
APP106988,37,971000.0,17.3,1414000.0,12,5.0,763.0,2,0,1.456,MORTGAGE,personal,1
APP106989,26,680000.0,27.9,470000.0,60,10.97,661.0,0,2,0.138,MORTGAGE,personal,0
APP106990,46,1196000.0,20.8,681000.0,84,5.97,746.0,1,0,0.081,RENT,home_improvement,0
APP106991,57,360000.0,5.9,71000.0,36,7.65,671.0,0,0,0.066,RENT,home_improvement,0
APP106992,31,379000.0,5.0,442000.0,84,10.06,733.0,1,0,0.167,MORTGAGE,personal,0
APP106993,53,700000.0,8.5,323000.0,60,6.75,669.0,1,0,0.092,OWN,debt_consolidation,0
APP106994,54,672000.0,1.3,724000.0,36,8.02,544.0,2,2,0.359,MORTGAGE,business,1
APP106995,55,586000.0,2.8,399000.0,48,5.0,662.0,0,0,0.17,OWN,personal,0
APP106996,36,446000.0,4.5,576000.0,60,5.0,774.0,2,0,0.258,MORTGAGE,debt_consolidation,0
APP106997,38,936000.0,10.6,1348000.0,48,7.44,778.0,0,0,0.36,OWN,business,1
APP106998,39,534000.0,11.0,263000.0,36,7.92,784.0,0,1,0.164,OWN,home_improvement,0
APP106999,59,507000.0,4.7,659000.0,24,9.93,621.0,0,0,0.65,RENT,debt_consolidation,1
APP107000,61,888000.0,1.5,330000.0,36,9.26,821.0,0,0,0.124,RENT,education,0
APP107001,39,721000.0,9.1,255000.0,24,5.0,860.0,1,0,0.177,MORTGAGE,home_improvement,0
APP107002,64,815000.0,1.4,629000.0,12,10.29,619.0,2,1,0.772,OWN,debt_consolidation,0
APP107003,46,594000.0,3.2,369000.0,36,5.0,729.0,2,0,0.207,OWN,personal,0
APP107004,38,342000.0,5.9,541000.0,36,9.4,697.0,0,0,0.527,MORTGAGE,home_improvement,0
APP107005,21,403000.0,1.2,530000.0,12,6.51,747.0,2,0,1.315,MORTGAGE,medical,1
APP107006,48,342000.0,2.6,493000.0,60,13.47,770.0,2,1,0.288,OWN,home_improvement,0
APP107007,50,706000.0,10.0,245000.0,24,6.2,686.0,0,0,0.174,MORTGAGE,business,0
APP107008,64,834000.0,,988000.0,48,7.34,619.0,2,1,0.296,RENT,medical,0
APP107009,53,750000.0,1.7,770000.0,36,7.85,700.0,1,0,0.342,RENT,business,0
APP107010,22,445000.0,6.4,131000.0,84,6.97,900.0,0,0,0.042,RENT,personal,0
APP107011,46,649000.0,0.9,844000.0,24,5.31,712.0,0,2,0.65,RENT,debt_consolidation,1
APP107012,54,533000.0,7.9,740000.0,24,12.35,763.0,0,0,0.694,MORTGAGE,education,0
APP107013,43,687000.0,2.8,1014000.0,48,6.16,782.0,0,0,0.369,OWN,business,0
APP107014,40,642000.0,4.2,971000.0,36,6.08,784.0,1,0,0.504,MORTGAGE,business,1
APP107015,57,537000.0,5.4,164000.0,60,7.26,619.0,2,4,0.061,OWN,education,1
APP107016,48,639000.0,1.8,913000.0,24,7.93,712.0,1,0,0.714,RENT,personal,0
APP107017,51,751000.0,2.6,1142000.0,36,5.99,665.0,0,1,0.507,RENT,personal,1
APP107018,41,688000.0,15.0,792000.0,12,9.6,725.0,1,1,1.151,RENT,medical,1
APP107019,33,373000.0,4.0,155000.0,48,7.84,763.0,0,1,0.104,MORTGAGE,home_improvement,1
APP107020,44,608000.0,5.6,445000.0,36,7.54,754.0,1,1,0.244,RENT,personal,0
APP107021,64,785000.0,5.7,220000.0,24,8.73,,1,0,0.14,OWN,debt_consolidation,0
APP107022,48,559000.0,12.1,87000.0,48,5.63,682.0,0,2,0.039,MORTGAGE,business,0
APP107023,52,518000.0,8.9,769000.0,24,6.21,663.0,1,0,0.742,OWN,debt_consolidation,0
APP107024,26,507000.0,1.9,791000.0,12,7.45,774.0,1,0,1.56,OWN,home_improvement,1
APP107025,65,922000.0,13.2,1367000.0,24,9.55,757.0,2,0,0.741,MORTGAGE,education,0
APP107026,32,962000.0,16.5,499000.0,60,6.96,692.0,2,1,0.104,RENT,home_improvement,1
APP107027,64,757000.0,1.9,795000.0,48,6.8,692.0,1,0,0.263,MORTGAGE,debt_consolidation,0
APP107028,41,360000.0,3.8,315000.0,36,5.0,637.0,1,1,0.292,MORTGAGE,personal,1
APP107029,62,983000.0,4.6,854000.0,36,5.97,706.0,0,1,0.29,OWN,debt_consolidation,1
APP107030,61,821000.0,3.9,633000.0,84,5.0,792.0,2,0,0.11,RENT,debt_consolidation,0
APP107031,54,368000.0,7.9,557000.0,12,5.0,693.0,0,0,1.514,RENT,education,1
APP107032,62,519000.0,4.3,673000.0,24,8.3,653.0,0,0,0.648,RENT,medical,1
APP107033,48,503000.0,3.2,693000.0,60,14.8,696.0,1,1,0.276,RENT,medical,0
APP107034,59,828000.0,8.2,166000.0,36,7.93,792.0,1,0,0.067,RENT,medical,0
APP107035,28,120000.0,0.6,90000.0,84,8.23,765.0,1,0,0.107,OWN,personal,0
APP107036,24,447000.0,5.9,455000.0,48,5.83,771.0,0,1,0.254,MORTGAGE,home_improvement,0
APP107037,45,725000.0,7.3,801000.0,48,5.19,706.0,0,0,0.276,RENT,personal,0
APP107038,57,318000.0,12.6,460000.0,36,12.02,776.0,2,0,0.482,RENT,personal,0
APP107039,55,756000.0,5.3,296000.0,12,5.73,751.0,0,0,0.392,RENT,personal,0
APP107040,44,655000.0,0.9,184000.0,60,5.0,698.0,1,0,0.056,RENT,personal,1
APP107041,44,454000.0,5.6,656000.0,36,8.04,724.0,1,0,0.482,RENT,home_improvement,0
APP107042,48,376000.0,0.9,333000.0,12,6.55,758.0,1,0,0.886,RENT,business,1
APP107043,60,561000.0,6.7,523000.0,24,8.81,765.0,0,0,0.466,MORTGAGE,personal,0
APP107044,58,330000.0,11.1,475000.0,36,10.95,772.0,0,0,0.48,MORTGAGE,debt_consolidation,0
APP107045,25,409000.0,4.8,506000.0,36,8.31,712.0,3,1,0.412,MORTGAGE,education,1
APP107046,47,617000.0,4.3,746000.0,12,8.0,688.0,2,0,1.209,RENT,debt_consolidation,1
APP107047,38,401000.0,8.8,168000.0,36,8.95,656.0,1,0,0.14,MORTGAGE,business,1
APP107048,56,810000.0,6.5,851000.0,60,13.45,659.0,4,0,0.21,MORTGAGE,home_improvement,1
APP107049,43,623000.0,8.3,500000.0,48,12.51,785.0,0,0,0.201,OWN,debt_consolidation,0
APP107050,65,925000.0,20.5,958000.0,36,6.8,637.0,2,1,0.345,MORTGAGE,debt_consolidation,0
APP107051,40,471000.0,3.4,464000.0,12,9.59,699.0,0,1,0.985,MORTGAGE,medical,1
APP107052,51,751000.0,7.0,141000.0,48,11.43,724.0,2,0,0.047,RENT,personal,0
APP107053,25,753000.0,13.3,488000.0,48,9.03,750.0,1,1,0.162,OWN,debt_consolidation,0
APP107054,62,723000.0,13.5,588000.0,12,7.35,631.0,2,1,0.813,RENT,education,0
APP107055,27,616000.0,7.5,539000.0,84,6.4,611.0,0,0,0.125,RENT,education,0
APP107056,38,643000.0,4.1,189000.0,24,7.72,679.0,2,0,0.147,MORTGAGE,home_improvement,0
APP107057,58,759000.0,8.2,1103000.0,24,5.0,758.0,1,0,0.727,OWN,home_improvement,0
APP107058,64,985000.0,8.3,625000.0,36,9.47,776.0,1,1,0.212,OWN,business,1
APP107059,42,505000.0,9.3,434000.0,84,10.56,674.0,0,1,0.123,MORTGAGE,home_improvement,0
APP107060,42,463000.0,2.0,515000.0,60,6.63,669.0,1,0,0.222,RENT,personal,0
APP107061,23,466000.0,16.2,556000.0,48,6.51,738.0,0,1,0.298,MORTGAGE,debt_consolidation,0
APP107062,65,908000.0,13.3,634000.0,36,5.18,861.0,0,0,0.233,OWN,business,0
APP107063,21,394000.0,4.9,133000.0,36,8.53,746.0,1,0,0.113,RENT,education,0
APP107064,22,428000.0,12.5,193000.0,36,7.48,756.0,2,0,0.15,OWN,personal,0
APP107065,42,807000.0,4.6,314000.0,36,5.0,828.0,1,0,0.13,RENT,business,0
APP107066,21,821000.0,14.5,414000.0,60,13.91,800.0,0,0,0.101,RENT,home_improvement,0
APP107067,28,435000.0,5.5,446000.0,48,5.0,694.0,2,1,0.256,OWN,home_improvement,1
APP107068,49,368000.0,2.4,341000.0,36,5.0,663.0,0,0,0.309,MORTGAGE,medical,0
APP107069,52,1066000.0,18.7,421000.0,84,9.57,752.0,1,0,0.056,OWN,personal,0
APP107070,34,634000.0,9.1,722000.0,24,8.95,769.0,1,0,0.569,RENT,medical,0
APP107071,56,702000.0,4.4,170000.0,12,5.93,654.0,2,0,0.242,RENT,medical,1
APP107072,48,737000.0,15.3,1083000.0,36,5.79,765.0,1,1,0.49,OWN,personal,0
APP107073,31,416000.0,8.3,404000.0,84,8.51,730.0,0,0,0.139,RENT,business,0
APP107074,53,554000.0,4.0,557000.0,12,8.33,707.0,1,0,1.005,MORTGAGE,business,1
APP107075,47,820000.0,15.5,463000.0,12,5.95,700.0,0,0,0.565,RENT,home_improvement,1
APP107076,57,636000.0,9.3,567000.0,36,9.69,684.0,2,2,0.297,MORTGAGE,personal,1
APP107077,27,557000.0,6.7,428000.0,84,8.76,771.0,0,0,0.11,RENT,personal,0
APP107078,31,502000.0,5.3,767000.0,36,10.44,672.0,0,0,0.509,RENT,business,1
APP107079,34,323000.0,2.3,84000.0,48,7.39,725.0,0,1,0.065,RENT,home_improvement,0
APP107080,36,713000.0,0.3,581000.0,60,9.28,761.0,1,0,0.163,MORTGAGE,personal,0
APP107081,60,804000.0,8.7,1043000.0,48,7.0,738.0,2,1,0.324,OWN,education,0
APP107082,53,640000.0,1.9,601000.0,12,8.69,643.0,1,3,0.939,MORTGAGE,business,1
APP107083,45,631000.0,2.3,612000.0,24,8.29,698.0,1,0,0.485,RENT,business,1
APP107084,45,306000.0,4.6,450000.0,24,9.37,678.0,1,1,0.735,RENT,business,1
APP107085,60,592000.0,4.7,411000.0,60,8.64,616.0,1,1,0.139,RENT,medical,0
APP107086,41,298000.0,2.6,50000.0,60,5.0,626.0,1,2,0.034,RENT,business,0
APP107087,31,559000.0,8.7,834000.0,24,6.12,693.0,0,1,0.746,RENT,personal,1
APP107088,27,473000.0,1.0,94000.0,36,7.68,660.0,2,0,0.066,RENT,personal,0
APP107089,35,584000.0,8.6,763000.0,24,8.53,745.0,0,0,0.653,RENT,debt_consolidation,1
APP107090,50,777000.0,4.2,274000.0,36,9.31,708.0,2,3,0.118,RENT,medical,1
APP107091,42,307000.0,2.5,55000.0,36,8.71,808.0,1,0,0.06,OWN,education,0
APP107092,39,377000.0,1.1,250000.0,84,5.95,653.0,1,1,0.095,OWN,debt_consolidation,1
APP107093,42,635000.0,5.9,891000.0,36,9.52,829.0,0,0,0.468,RENT,education,1
APP107094,64,694000.0,1.7,141000.0,12,5.72,768.0,2,0,0.203,OWN,business,0
APP107095,65,461000.0,1.5,245000.0,36,10.28,639.0,2,1,0.177,MORTGAGE,personal,1
APP107096,28,756000.0,13.2,419000.0,60,10.43,756.0,2,0,0.111,OWN,medical,0
APP107097,26,654000.0,1.4,188000.0,36,7.48,694.0,0,1,0.096,MORTGAGE,personal,0
APP107098,31,512000.0,1.0,146000.0,60,6.07,600.0,1,0,0.057,MORTGAGE,debt_consolidation,1
APP107099,59,475000.0,8.1,697000.0,36,5.97,629.0,1,1,0.489,RENT,home_improvement,0
APP107100,41,596000.0,,690000.0,36,5.09,744.0,0,1,0.386,RENT,education,0
APP107101,59,693000.0,3.2,417000.0,36,5.47,614.0,3,0,0.201,RENT,debt_consolidation,0
APP107102,50,536000.0,2.2,266000.0,60,7.1,824.0,0,0,0.099,RENT,debt_consolidation,0
APP107103,45,756000.0,2.8,160000.0,36,6.27,772.0,1,0,0.071,MORTGAGE,education,0
APP107104,33,470000.0,3.3,315000.0,36,5.0,736.0,0,1,0.223,MORTGAGE,business,1
APP107105,36,870000.0,7.4,510000.0,60,6.44,649.0,0,0,0.117,RENT,medical,0
APP107106,27,603000.0,6.1,892000.0,12,7.7,744.0,2,1,1.479,OWN,debt_consolidation,1
APP107107,44,601000.0,3.8,282000.0,24,6.75,725.0,3,1,0.235,MORTGAGE,personal,0
APP107108,33,632000.0,3.8,466000.0,36,5.53,722.0,3,1,0.246,OWN,personal,0
APP107109,34,783000.0,8.3,892000.0,36,5.0,751.0,1,1,0.38,RENT,debt_consolidation,1
APP107110,22,547000.0,2.5,337000.0,60,10.02,812.0,1,0,0.123,RENT,business,0
APP107111,56,588000.0,1.1,755000.0,36,7.41,654.0,0,1,0.428,RENT,education,1
APP107112,63,675000.0,12.2,812000.0,36,8.21,734.0,0,0,0.401,RENT,medical,0
APP107113,43,385000.0,3.8,78000.0,12,7.9,651.0,0,1,0.203,RENT,home_improvement,1
APP107114,45,364000.0,17.5,506000.0,84,8.59,789.0,1,0,0.199,RENT,personal,0
APP107115,62,689000.0,3.4,467000.0,36,8.03,678.0,4,0,0.226,OWN,medical,0
APP107116,44,516000.0,5.0,149000.0,24,7.72,647.0,1,0,0.144,RENT,debt_consolidation,0
APP107117,49,521000.0,2.3,606000.0,60,9.18,692.0,1,1,0.233,MORTGAGE,medical,1
APP107118,40,718000.0,6.1,886000.0,60,9.65,613.0,1,0,0.247,OWN,home_improvement,1
APP107119,44,543000.0,3.8,137000.0,36,10.54,695.0,1,1,0.084,RENT,business,0
APP107120,44,849000.0,4.2,563000.0,36,5.67,717.0,2,0,0.221,OWN,education,0
APP107121,52,542000.0,5.5,785000.0,60,8.05,688.0,2,0,0.29,OWN,debt_consolidation,1
APP107122,48,433000.0,3.4,485000.0,12,5.0,773.0,1,0,1.12,MORTGAGE,business,1
APP107123,43,391000.0,6.0,361000.0,84,6.44,586.0,2,1,0.132,MORTGAGE,business,0
APP107124,24,536000.0,2.8,472000.0,36,7.07,694.0,1,1,0.294,RENT,personal,0
APP107125,61,857000.0,5.7,885000.0,36,9.13,715.0,3,0,0.344,RENT,education,0
APP107126,60,532000.0,0.9,584000.0,12,7.24,719.0,0,0,1.098,OWN,education,0
APP107127,29,281000.0,1.4,70000.0,12,8.98,781.0,1,0,0.249,RENT,personal,0
APP107128,34,711000.0,2.3,451000.0,24,6.74,689.0,0,0,0.317,RENT,personal,0
APP107129,64,437000.0,1.7,399000.0,36,6.23,718.0,0,0,0.304,RENT,business,0
APP107130,35,633000.0,1.8,765000.0,60,5.74,729.0,0,0,0.242,OWN,debt_consolidation,0
APP107131,57,592000.0,7.1,726000.0,36,9.02,713.0,0,0,0.409,OWN,debt_consolidation,0
APP107132,56,692000.0,3.9,711000.0,36,6.67,632.0,1,0,0.342,RENT,debt_consolidation,1
APP107133,59,806000.0,3.4,806000.0,36,5.0,810.0,0,0,0.333,RENT,education,0
APP107134,21,519000.0,6.0,355000.0,24,8.9,643.0,2,1,0.342,OWN,debt_consolidation,1
APP107135,42,535000.0,6.4,728000.0,48,5.46,663.0,0,1,0.34,RENT,debt_consolidation,0
APP107136,46,773000.0,3.1,1143000.0,36,7.93,566.0,1,1,0.493,RENT,debt_consolidation,0
APP107137,58,764000.0,10.2,1052000.0,36,5.02,707.0,1,1,0.459,OWN,debt_consolidation,0
APP107138,31,1038000.0,4.1,1468000.0,48,7.53,710.0,0,1,0.354,RENT,personal,0
APP107139,34,289000.0,7.6,424000.0,36,5.0,777.0,3,0,0.489,RENT,debt_consolidation,0
APP107140,29,200000.0,2.8,89000.0,60,7.43,696.0,1,0,0.089,MORTGAGE,personal,0
APP107141,55,799000.0,5.8,715000.0,48,5.57,718.0,0,1,0.224,MORTGAGE,business,1
APP107142,65,732000.0,8.1,677000.0,24,5.0,791.0,0,0,0.462,MORTGAGE,home_improvement,0
APP107143,27,620000.0,7.4,529000.0,24,9.18,802.0,1,0,0.427,OWN,business,0
APP107144,31,355000.0,7.0,490000.0,24,7.24,718.0,1,1,0.69,RENT,medical,1
APP107145,34,495000.0,,308000.0,60,6.96,706.0,0,0,0.124,RENT,debt_consolidation,0
APP107146,61,704000.0,1.6,270000.0,60,5.91,761.0,0,1,0.077,OWN,business,0
APP107147,41,431000.0,,236000.0,84,9.47,772.0,2,0,0.078,OWN,debt_consolidation,1
APP107148,33,522000.0,3.3,187000.0,48,6.54,622.0,1,0,0.09,RENT,personal,0
APP107149,35,293000.0,3.1,216000.0,60,10.77,736.0,1,0,0.147,RENT,personal,0
APP107150,47,668000.0,6.4,213000.0,36,10.21,731.0,0,2,0.106,MORTGAGE,business,0
APP107151,38,754000.0,4.9,209000.0,48,10.64,770.0,0,0,0.069,MORTGAGE,business,1
APP107152,27,243000.0,1.4,195000.0,36,9.63,662.0,2,1,0.267,RENT,personal,1
APP107153,57,507000.0,9.1,518000.0,60,6.17,666.0,2,1,0.204,MORTGAGE,debt_consolidation,0
APP107154,40,736000.0,5.6,759000.0,84,7.62,779.0,0,1,0.147,RENT,personal,0
APP107155,32,275000.0,2.5,78000.0,48,7.05,711.0,0,1,0.071,RENT,personal,0
APP107156,53,729000.0,2.9,1136000.0,60,9.34,670.0,2,1,0.312,RENT,home_improvement,0
APP107157,54,729000.0,12.2,238000.0,60,7.48,737.0,0,0,0.065,MORTGAGE,education,0
APP107158,27,370000.0,1.7,410000.0,12,6.96,714.0,1,0,1.108,OWN,medical,1
APP107159,24,765000.0,12.6,1100000.0,36,11.15,737.0,0,0,0.479,OWN,debt_consolidation,0
APP107160,23,573000.0,3.8,821000.0,48,6.78,763.0,0,1,0.358,MORTGAGE,medical,0
APP107161,55,671000.0,4.1,599000.0,48,6.13,752.0,0,0,0.223,OWN,personal,0
APP107162,49,293000.0,6.0,162000.0,36,6.62,696.0,0,2,0.184,RENT,debt_consolidation,0
APP107163,56,706000.0,1.1,953000.0,36,9.86,656.0,3,1,0.45,OWN,business,1
APP107164,49,451000.0,5.6,468000.0,24,7.91,745.0,2,0,0.519,RENT,personal,1
APP107165,39,547000.0,8.0,709000.0,60,8.51,631.0,3,1,0.259,OWN,personal,1
APP107166,47,572000.0,3.2,418000.0,48,8.02,671.0,1,2,0.183,MORTGAGE,medical,1
APP107167,53,908000.0,4.6,1339000.0,48,5.0,584.0,0,2,0.369,MORTGAGE,debt_consolidation,1
APP107168,38,652000.0,17.7,977000.0,12,5.15,742.0,0,0,1.498,RENT,business,1
APP107169,62,512000.0,8.6,624000.0,24,6.89,,0,1,0.609,OWN,medical,0
APP107170,61,862000.0,2.1,1307000.0,36,8.19,696.0,3,0,0.505,MORTGAGE,medical,0
APP107171,57,738000.0,3.1,596000.0,24,5.33,694.0,1,0,0.404,RENT,personal,0
APP107172,65,799000.0,3.7,345000.0,24,5.27,756.0,0,0,0.216,OWN,medical,0
APP107173,38,809000.0,9.0,891000.0,12,6.81,692.0,1,0,1.101,RENT,personal,1
APP107174,26,690000.0,2.1,757000.0,36,10.42,763.0,1,0,0.366,RENT,debt_consolidation,1
APP107175,42,458000.0,7.5,395000.0,12,5.0,756.0,1,2,0.862,RENT,personal,1
APP107176,54,455000.0,7.5,240000.0,48,5.0,620.0,3,1,0.132,OWN,education,0
APP107177,56,770000.0,4.8,813000.0,48,11.32,727.0,1,1,0.264,RENT,business,0
APP107178,38,549000.0,9.2,226000.0,36,5.0,715.0,1,0,0.137,MORTGAGE,medical,1
APP107179,34,456000.0,2.3,566000.0,84,6.61,767.0,1,0,0.177,RENT,debt_consolidation,1
APP107180,41,454000.0,10.5,665000.0,36,5.0,644.0,1,1,0.488,MORTGAGE,personal,1
APP107181,57,689000.0,0.8,270000.0,60,6.83,788.0,0,0,0.078,RENT,education,0
APP107182,23,474000.0,2.1,635000.0,24,7.2,704.0,0,0,0.67,OWN,medical,1
APP107183,35,446000.0,0.8,195000.0,24,11.04,681.0,0,1,0.219,MORTGAGE,medical,1
APP107184,31,257000.0,2.4,225000.0,36,9.09,713.0,0,0,0.292,MORTGAGE,debt_consolidation,0
APP107185,57,865000.0,7.6,1295000.0,84,5.0,674.0,0,0,0.214,MORTGAGE,education,0
APP107186,42,615000.0,6.2,166000.0,60,5.0,776.0,0,0,0.054,RENT,debt_consolidation,0
APP107187,24,629000.0,5.6,176000.0,36,8.6,689.0,1,0,0.093,OWN,personal,0
APP107188,32,155000.0,2.4,239000.0,60,6.36,752.0,0,0,0.308,MORTGAGE,home_improvement,0
APP107189,22,445000.0,4.5,169000.0,24,5.91,715.0,0,0,0.19,RENT,home_improvement,1
APP107190,42,522000.0,10.6,337000.0,48,10.11,702.0,0,1,0.161,MORTGAGE,personal,0
APP107191,65,675000.0,2.5,550000.0,24,5.0,752.0,0,1,0.407,OWN,personal,0
APP107192,46,699000.0,2.6,112000.0,36,6.69,643.0,0,0,0.053,RENT,business,1
APP107193,60,698000.0,2.7,295000.0,24,8.89,599.0,0,0,0.211,RENT,home_improvement,1
APP107194,54,640000.0,5.3,865000.0,48,5.0,692.0,0,0,0.338,MORTGAGE,debt_consolidation,0
APP107195,60,697000.0,7.1,629000.0,36,10.36,720.0,1,0,0.301,RENT,business,1
APP107196,34,320000.0,8.3,231000.0,36,5.27,621.0,2,3,0.241,OWN,education,1
APP107197,63,536000.0,3.7,610000.0,24,7.35,686.0,0,0,0.569,RENT,debt_consolidation,0
APP107198,31,646000.0,3.5,401000.0,36,5.97,782.0,1,1,0.207,MORTGAGE,medical,1
APP107199,40,449000.0,2.9,353000.0,36,5.0,759.0,4,0,0.262,MORTGAGE,personal,0
APP107200,51,809000.0,,1287000.0,24,6.57,578.0,1,0,0.795,MORTGAGE,debt_consolidation,1
APP107201,33,585000.0,1.1,745000.0,36,9.24,676.0,1,0,0.425,MORTGAGE,medical,0
APP107202,32,623000.0,4.1,594000.0,24,5.22,749.0,0,0,0.477,MORTGAGE,education,0
APP107203,26,506000.0,4.2,462000.0,36,6.12,746.0,0,0,0.304,MORTGAGE,debt_consolidation,1
APP107204,21,402000.0,7.6,552000.0,36,6.36,654.0,1,1,0.458,OWN,debt_consolidation,0
APP107205,43,503000.0,1.5,514000.0,36,8.68,778.0,2,0,0.341,RENT,education,0
APP107206,65,832000.0,8.0,534000.0,36,6.71,686.0,0,0,0.214,RENT,personal,0
APP107207,30,189000.0,6.5,143000.0,24,7.55,731.0,0,0,0.378,RENT,business,0
APP107208,40,858000.0,15.1,357000.0,24,7.58,746.0,0,0,0.208,OWN,business,1
APP107209,63,713000.0,13.3,1099000.0,36,6.35,732.0,0,1,0.514,RENT,home_improvement,0
APP107210,55,688000.0,10.1,754000.0,60,11.22,700.0,1,0,0.219,RENT,debt_consolidation,1
APP107211,21,372000.0,,271000.0,12,5.24,711.0,1,1,0.728,OWN,personal,1
APP107212,43,521000.0,1.6,350000.0,12,9.05,659.0,2,0,0.672,RENT,education,0
APP107213,27,325000.0,9.2,476000.0,60,10.31,748.0,1,0,0.293,MORTGAGE,personal,0
APP107214,32,514000.0,4.1,346000.0,36,7.2,688.0,1,0,0.224,MORTGAGE,education,0
APP107215,32,690000.0,13.2,860000.0,24,7.63,823.0,0,0,0.623,RENT,personal,0
APP107216,48,290000.0,4.9,395000.0,24,8.67,688.0,0,1,0.681,MORTGAGE,home_improvement,1
APP107217,29,318000.0,7.4,467000.0,84,6.68,735.0,1,0,0.21,OWN,debt_consolidation,1
APP107218,32,660000.0,7.0,456000.0,36,5.0,729.0,1,2,0.23,OWN,home_improvement,0
APP107219,31,600000.0,4.8,756000.0,24,6.95,723.0,2,0,0.63,MORTGAGE,business,0
APP107220,37,628000.0,9.3,392000.0,36,11.12,774.0,1,0,0.208,MORTGAGE,home_improvement,0
APP107221,50,541000.0,7.8,822000.0,24,8.75,623.0,2,1,0.76,MORTGAGE,medical,1
APP107222,38,607000.0,1.8,101000.0,24,7.67,,1,0,0.083,OWN,personal,0
APP107223,35,502000.0,18.5,490000.0,84,9.16,737.0,1,0,0.139,MORTGAGE,medical,0
APP107224,44,513000.0,1.6,456000.0,36,7.18,770.0,0,0,0.296,RENT,education,0
APP107225,48,373000.0,2.6,531000.0,48,7.56,715.0,1,1,0.356,MORTGAGE,personal,0
APP107226,21,439000.0,7.3,204000.0,60,6.55,707.0,0,2,0.093,OWN,home_improvement,1
APP107227,61,537000.0,6.3,149000.0,24,8.55,771.0,0,0,0.139,MORTGAGE,business,0
APP107228,62,835000.0,8.3,1150000.0,24,6.32,737.0,0,2,0.689,MORTGAGE,business,1
APP107229,48,651000.0,4.0,428000.0,24,6.81,588.0,3,0,0.329,RENT,medical,1
APP107230,46,521000.0,6.7,324000.0,48,9.43,663.0,0,1,0.155,RENT,business,0
APP107231,52,758000.0,2.7,229000.0,36,7.07,724.0,0,0,0.101,MORTGAGE,business,0
APP107232,40,405000.0,4.9,601000.0,36,8.74,628.0,1,1,0.495,RENT,education,0
APP107233,37,613000.0,12.2,655000.0,12,8.93,713.0,2,0,1.069,RENT,personal,1
APP107234,36,393000.0,1.6,453000.0,12,7.33,688.0,2,1,1.153,RENT,medical,1
APP107235,28,646000.0,9.7,938000.0,36,6.73,817.0,1,0,0.484,OWN,home_improvement,0
APP107236,58,745000.0,4.2,1023000.0,24,5.0,768.0,0,0,0.687,RENT,business,0
APP107237,35,682000.0,2.2,549000.0,60,5.09,764.0,0,0,0.161,MORTGAGE,home_improvement,0
APP107238,33,489000.0,2.4,187000.0,84,8.84,672.0,0,2,0.055,RENT,business,0
APP107239,64,239000.0,4.1,269000.0,60,8.8,615.0,2,0,0.225,RENT,education,0
APP107240,43,565000.0,10.1,618000.0,36,5.32,672.0,0,1,0.365,MORTGAGE,personal,0
APP107241,48,853000.0,6.7,186000.0,36,8.37,570.0,2,2,0.073,OWN,debt_consolidation,1
APP107242,32,411000.0,1.5,598000.0,36,7.98,736.0,2,0,0.485,RENT,personal,1
APP107243,33,273000.0,9.4,174000.0,24,9.56,735.0,1,0,0.319,MORTGAGE,education,0
APP107244,53,735000.0,8.3,567000.0,84,12.26,748.0,0,0,0.11,MORTGAGE,personal,0
APP107245,41,584000.0,0.8,523000.0,48,8.76,740.0,1,0,0.224,MORTGAGE,business,1
APP107246,27,328000.0,2.1,483000.0,36,5.98,681.0,2,0,0.491,OWN,debt_consolidation,0
APP107247,58,691000.0,10.8,274000.0,48,9.14,661.0,1,0,0.099,OWN,personal,0
APP107248,39,415000.0,4.8,284000.0,24,5.21,697.0,1,0,0.342,MORTGAGE,business,1
APP107249,51,747000.0,9.4,655000.0,48,12.39,736.0,0,1,0.219,OWN,debt_consolidation,0
APP107250,36,479000.0,0.4,761000.0,36,5.0,627.0,0,0,0.53,RENT,business,1
APP107251,46,354000.0,0.2,279000.0,60,8.46,685.0,2,1,0.158,OWN,personal,0
APP107252,55,671000.0,7.7,488000.0,84,7.5,669.0,0,0,0.104,MORTGAGE,debt_consolidation,0
APP107253,60,536000.0,3.0,807000.0,36,6.59,750.0,1,0,0.502,OWN,education,0
APP107254,30,745000.0,8.0,826000.0,36,6.45,666.0,0,0,0.37,RENT,debt_consolidation,0
APP107255,51,803000.0,9.4,311000.0,24,10.5,754.0,0,1,0.194,MORTGAGE,personal,0
APP107256,62,640000.0,3.0,259000.0,60,8.75,649.0,0,0,0.081,OWN,debt_consolidation,0
APP107257,49,610000.0,4.5,662000.0,36,7.16,677.0,0,0,0.362,RENT,debt_consolidation,1
APP107258,27,608000.0,3.7,503000.0,84,11.31,756.0,1,0,0.118,MORTGAGE,home_improvement,0
APP107259,29,434000.0,3.0,71000.0,60,7.24,698.0,2,0,0.033,OWN,home_improvement,1
APP107260,30,612000.0,5.7,490000.0,24,9.12,596.0,3,0,0.4,RENT,debt_consolidation,1
APP107261,25,727000.0,8.8,1100000.0,24,5.0,767.0,1,0,0.757,RENT,medical,0
APP107262,54,532000.0,2.6,656000.0,48,5.0,600.0,1,0,0.308,MORTGAGE,debt_consolidation,1
APP107263,64,912000.0,2.6,875000.0,36,9.06,706.0,1,0,0.32,RENT,home_improvement,0
APP107264,44,753000.0,3.0,326000.0,24,8.18,822.0,2,0,0.216,RENT,education,0
APP107265,47,657000.0,7.3,418000.0,36,12.22,730.0,1,0,0.212,RENT,personal,0
APP107266,55,626000.0,9.4,999000.0,36,5.95,702.0,2,0,0.532,MORTGAGE,home_improvement,1
APP107267,39,564000.0,3.7,624000.0,36,8.99,723.0,0,0,0.369,MORTGAGE,medical,1
APP107268,42,473000.0,0.6,260000.0,36,6.96,577.0,0,3,0.183,OWN,debt_consolidation,1
APP107269,47,436000.0,1.9,532000.0,24,9.37,724.0,1,0,0.61,OWN,medical,0
APP107270,34,576000.0,3.5,163000.0,24,9.19,846.0,0,0,0.141,OWN,personal,0
APP107271,23,262000.0,2.3,180000.0,48,7.44,618.0,3,2,0.172,RENT,business,0
APP107272,46,493000.0,1.5,238000.0,36,5.87,641.0,1,1,0.161,MORTGAGE,business,0
APP107273,57,603000.0,5.0,874000.0,36,6.75,738.0,2,0,0.483,MORTGAGE,medical,0
APP107274,24,448000.0,21.6,545000.0,84,5.05,711.0,1,3,0.174,MORTGAGE,personal,0
APP107275,30,553000.0,2.0,482000.0,60,8.3,712.0,2,0,0.174,RENT,personal,1
APP107276,32,476000.0,5.7,353000.0,12,5.0,687.0,3,0,0.742,RENT,personal,0
APP107277,57,872000.0,7.1,1216000.0,60,6.22,738.0,3,0,0.279,MORTGAGE,home_improvement,0
APP107278,43,561000.0,7.5,243000.0,24,9.49,654.0,0,0,0.217,MORTGAGE,medical,1
APP107279,45,514000.0,4.6,133000.0,48,9.44,693.0,1,0,0.065,RENT,business,0
APP107280,50,432000.0,1.5,598000.0,24,5.0,560.0,4,0,0.692,OWN,medical,1
APP107281,33,558000.0,8.7,777000.0,24,8.78,694.0,1,1,0.696,MORTGAGE,home_improvement,1
APP107282,53,587000.0,1.0,295000.0,60,5.0,683.0,3,0,0.101,MORTGAGE,debt_consolidation,0
APP107283,22,544000.0,4.2,236000.0,36,6.67,777.0,1,0,0.145,RENT,business,1
APP107284,26,463000.0,3.9,554000.0,36,9.19,653.0,0,1,0.399,OWN,debt_consolidation,1
APP107285,57,926000.0,1.7,331000.0,60,5.35,753.0,0,1,0.071,MORTGAGE,personal,0
APP107286,50,654000.0,3.0,688000.0,36,10.64,714.0,0,0,0.351,RENT,home_improvement,0
APP107287,28,358000.0,7.3,418000.0,12,8.07,742.0,0,1,1.168,MORTGAGE,debt_consolidation,0
APP107288,40,380000.0,4.2,400000.0,36,8.52,688.0,3,2,0.351,RENT,debt_consolidation,0
APP107289,23,483000.0,1.2,371000.0,48,9.87,689.0,4,0,0.192,MORTGAGE,personal,1
APP107290,51,499000.0,8.0,665000.0,48,9.46,686.0,1,2,0.333,MORTGAGE,business,1
APP107291,55,847000.0,14.8,1269000.0,36,9.27,718.0,0,0,0.499,RENT,personal,0
APP107292,33,599000.0,1.4,703000.0,36,6.05,761.0,0,1,0.391,MORTGAGE,education,0
APP107293,36,658000.0,4.5,498000.0,36,5.06,859.0,2,0,0.252,RENT,business,1
APP107294,31,361000.0,4.6,575000.0,36,6.88,612.0,1,1,0.531,OWN,debt_consolidation,1
APP107295,38,632000.0,1.3,507000.0,12,8.54,698.0,0,1,0.802,RENT,debt_consolidation,1
APP107296,33,628000.0,11.0,200000.0,24,5.0,717.0,1,0,0.159,RENT,education,0
APP107297,32,407000.0,4.7,169000.0,48,8.78,745.0,1,0,0.104,RENT,education,1
APP107298,40,574000.0,9.0,376000.0,60,8.32,649.0,0,0,0.131,RENT,business,1
APP107299,59,747000.0,6.0,297000.0,36,7.1,665.0,1,0,0.133,MORTGAGE,personal,0
APP107300,55,607000.0,10.7,776000.0,36,7.64,836.0,0,0,0.426,MORTGAGE,home_improvement,0
APP107301,34,570000.0,5.9,97000.0,48,7.64,775.0,1,1,0.043,RENT,personal,0
APP107302,63,884000.0,3.3,653000.0,12,8.47,621.0,2,0,0.739,MORTGAGE,personal,1
APP107303,30,657000.0,6.9,935000.0,36,9.14,833.0,1,0,0.474,RENT,personal,0
APP107304,61,656000.0,2.3,210000.0,36,13.82,675.0,1,0,0.107,MORTGAGE,personal,0
APP107305,34,578000.0,7.4,570000.0,36,7.87,781.0,0,0,0.329,OWN,home_improvement,0
APP107306,45,463000.0,2.0,696000.0,12,6.08,662.0,0,2,1.503,OWN,home_improvement,1
APP107307,30,406000.0,,103000.0,84,5.0,725.0,2,0,0.036,RENT,personal,0
APP107308,55,394000.0,3.7,259000.0,24,5.0,718.0,2,0,0.329,OWN,education,0
APP107309,35,565000.0,5.6,116000.0,24,5.83,729.0,3,1,0.103,RENT,home_improvement,0
APP107310,60,856000.0,12.0,975000.0,36,9.02,708.0,1,0,0.38,MORTGAGE,personal,0
APP107311,24,418000.0,2.9,316000.0,60,6.63,793.0,1,1,0.151,OWN,business,1
APP107312,43,480000.0,8.6,731000.0,60,8.39,744.0,0,2,0.305,RENT,medical,1
APP107313,28,560000.0,11.0,645000.0,36,5.89,715.0,1,0,0.384,RENT,business,0
APP107314,61,918000.0,8.4,939000.0,36,8.5,658.0,3,2,0.341,MORTGAGE,debt_consolidation,0
APP107315,39,686000.0,5.6,1008000.0,36,9.42,685.0,3,1,0.49,RENT,business,1
APP107316,51,616000.0,5.4,208000.0,12,6.62,710.0,0,0,0.338,OWN,debt_consolidation,0
APP107317,60,951000.0,2.8,1223000.0,24,8.46,681.0,0,1,0.643,OWN,personal,0
APP107318,45,937000.0,1.0,1132000.0,36,6.53,713.0,3,1,0.403,OWN,debt_consolidation,0
APP107319,23,374000.0,4.8,421000.0,36,5.0,736.0,0,1,0.375,RENT,education,1
APP107320,30,532000.0,11.6,572000.0,48,8.72,707.0,1,0,0.269,OWN,education,0
APP107321,30,688000.0,12.8,227000.0,84,8.41,751.0,0,0,0.047,RENT,personal,1
APP107322,62,501000.0,1.3,667000.0,36,8.81,660.0,1,0,0.444,OWN,education,0
APP107323,61,893000.0,12.5,956000.0,48,9.6,803.0,1,1,0.268,RENT,business,0
APP107324,42,602000.0,7.1,764000.0,84,6.95,704.0,2,2,0.181,RENT,home_improvement,0
APP107325,61,751000.0,6.6,1067000.0,24,7.11,656.0,2,2,0.71,MORTGAGE,medical,1
APP107326,32,495000.0,,464000.0,36,6.87,745.0,1,0,0.312,RENT,debt_consolidation,1
APP107327,51,551000.0,9.4,847000.0,48,8.26,785.0,0,0,0.384,MORTGAGE,business,0
APP107328,38,204000.0,2.0,63000.0,36,7.19,612.0,0,3,0.103,OWN,personal,0
APP107329,31,689000.0,2.5,107000.0,60,7.78,716.0,1,0,0.031,MORTGAGE,business,0
APP107330,32,594000.0,0.9,373000.0,36,5.91,715.0,2,1,0.209,OWN,home_improvement,0
APP107331,39,661000.0,6.3,307000.0,60,5.24,649.0,2,0,0.093,RENT,personal,0
APP107332,36,545000.0,2.2,519000.0,24,5.5,755.0,0,0,0.476,MORTGAGE,home_improvement,0
APP107333,30,123000.0,3.2,68000.0,60,8.42,809.0,3,1,0.111,OWN,personal,0
APP107334,36,482000.0,10.7,553000.0,24,7.41,614.0,1,1,0.574,RENT,business,1
APP107335,26,452000.0,7.0,687000.0,12,6.41,775.0,1,0,1.52,RENT,personal,1
APP107336,64,557000.0,7.1,705000.0,24,8.96,612.0,3,1,0.633,MORTGAGE,personal,1
APP107337,38,444000.0,18.3,337000.0,48,10.71,653.0,0,1,0.19,OWN,business,0
APP107338,25,255000.0,0.1,403000.0,36,6.41,699.0,0,0,0.527,OWN,education,1
APP107339,46,561000.0,2.3,711000.0,24,5.12,699.0,3,1,0.634,OWN,personal,1
APP107340,60,662000.0,3.7,878000.0,48,9.58,750.0,1,0,0.332,MORTGAGE,personal,0
APP107341,37,638000.0,2.5,285000.0,36,7.53,719.0,0,0,0.149,RENT,debt_consolidation,1
APP107342,59,1020000.0,8.9,1169000.0,36,7.1,670.0,1,0,0.382,RENT,business,0
APP107343,48,690000.0,4.1,174000.0,36,9.74,702.0,2,0,0.084,RENT,debt_consolidation,1
APP107344,54,569000.0,1.8,279000.0,60,6.92,597.0,3,0,0.098,OWN,business,0
APP107345,34,795000.0,5.9,138000.0,48,8.37,741.0,1,1,0.043,OWN,personal,0
APP107346,22,225000.0,6.7,264000.0,36,7.85,685.0,3,0,0.391,RENT,business,0
APP107347,36,177000.0,1.9,50000.0,60,14.64,757.0,0,1,0.056,MORTGAGE,education,0
APP107348,62,539000.0,4.2,432000.0,60,7.2,666.0,1,0,0.16,MORTGAGE,home_improvement,1
APP107349,56,789000.0,6.8,861000.0,36,9.56,679.0,0,3,0.364,OWN,business,0
APP107350,56,744000.0,11.1,441000.0,24,6.95,636.0,1,0,0.296,OWN,debt_consolidation,0
APP107351,60,473000.0,2.7,323000.0,24,8.49,800.0,0,0,0.341,MORTGAGE,medical,0
APP107352,37,452000.0,7.4,637000.0,48,7.07,759.0,0,0,0.352,MORTGAGE,debt_consolidation,0
APP107353,35,310000.0,3.0,452000.0,60,9.25,679.0,3,0,0.292,RENT,personal,1
APP107354,62,498000.0,5.2,695000.0,12,7.29,706.0,0,0,1.396,RENT,personal,1
APP107355,46,784000.0,2.1,970000.0,36,8.61,707.0,0,0,0.412,OWN,personal,0
APP107356,34,519000.0,7.2,287000.0,24,5.84,734.0,0,0,0.276,RENT,debt_consolidation,0
APP107357,33,831000.0,9.8,215000.0,36,5.75,652.0,0,0,0.086,RENT,personal,0
APP107358,60,529000.0,4.4,454000.0,60,5.0,711.0,0,0,0.172,MORTGAGE,debt_consolidation,0
APP107359,23,510000.0,4.0,760000.0,60,8.3,702.0,1,0,0.298,RENT,home_improvement,0
APP107360,23,466000.0,3.7,221000.0,84,6.07,783.0,0,0,0.068,OWN,education,0
APP107361,54,725000.0,1.6,329000.0,36,12.33,630.0,1,2,0.151,RENT,home_improvement,1
APP107362,21,513000.0,8.2,657000.0,48,6.46,680.0,0,0,0.32,MORTGAGE,medical,1
APP107363,28,697000.0,10.9,703000.0,60,10.24,720.0,2,0,0.202,OWN,medical,1
APP107364,65,754000.0,2.6,555000.0,48,10.02,729.0,0,1,0.184,RENT,debt_consolidation,1
APP107365,40,395000.0,5.7,553000.0,84,6.96,709.0,0,1,0.2,RENT,personal,0
APP107366,53,763000.0,7.1,759000.0,24,5.88,728.0,1,0,0.497,OWN,personal,1
APP107367,42,523000.0,3.0,776000.0,24,7.2,711.0,2,0,0.742,MORTGAGE,personal,1
APP107368,25,436000.0,12.7,298000.0,24,10.0,691.0,2,1,0.342,RENT,home_improvement,1
APP107369,29,598000.0,5.8,475000.0,60,12.53,701.0,0,0,0.159,RENT,education,0
APP107370,55,734000.0,1.3,189000.0,12,5.0,652.0,3,0,0.257,MORTGAGE,home_improvement,0
APP107371,25,450000.0,10.2,307000.0,60,7.53,742.0,0,0,0.136,MORTGAGE,personal,0
APP107372,47,533000.0,4.5,219000.0,36,6.17,738.0,1,0,0.137,MORTGAGE,home_improvement,0
APP107373,36,299000.0,3.4,59000.0,48,6.7,730.0,0,0,0.049,RENT,debt_consolidation,0
APP107374,37,295000.0,7.8,154000.0,48,11.26,,0,0,0.131,OWN,debt_consolidation,0
APP107375,63,629000.0,3.1,542000.0,36,5.81,759.0,2,0,0.287,RENT,home_improvement,0
APP107376,48,803000.0,12.2,408000.0,24,5.0,669.0,0,0,0.254,RENT,medical,0
APP107377,48,577000.0,10.4,178000.0,48,7.94,659.0,1,0,0.077,OWN,personal,1
APP107378,36,840000.0,13.3,676000.0,84,8.34,671.0,2,0,0.115,RENT,home_improvement,1
APP107379,38,658000.0,17.6,240000.0,12,6.57,705.0,3,0,0.365,OWN,personal,1
APP107380,51,610000.0,7.0,168000.0,24,6.0,719.0,1,0,0.138,RENT,home_improvement,0
APP107381,22,397000.0,4.9,612000.0,60,7.85,784.0,0,0,0.308,MORTGAGE,education,0
APP107382,31,619000.0,3.0,520000.0,12,5.0,781.0,0,0,0.84,RENT,debt_consolidation,1
APP107383,48,484000.0,7.5,636000.0,12,8.43,584.0,3,1,1.314,RENT,education,1
APP107384,49,732000.0,17.3,291000.0,60,6.74,656.0,0,0,0.08,MORTGAGE,business,0
APP107385,25,337000.0,1.6,276000.0,60,10.55,764.0,2,0,0.164,MORTGAGE,personal,1
APP107386,56,575000.0,6.1,161000.0,24,8.2,695.0,3,0,0.14,MORTGAGE,debt_consolidation,0
APP107387,45,540000.0,1.2,403000.0,84,7.16,666.0,0,0,0.107,RENT,debt_consolidation,0
APP107388,31,433000.0,1.2,584000.0,48,6.99,745.0,1,0,0.337,RENT,business,1
APP107389,54,865000.0,11.1,1249000.0,24,5.0,777.0,3,0,0.722,RENT,personal,0
APP107390,65,757000.0,9.9,683000.0,36,7.23,717.0,2,1,0.301,OWN,home_improvement,0
APP107391,40,608000.0,2.9,344000.0,60,7.05,655.0,0,1,0.113,RENT,debt_consolidation,0
APP107392,33,497000.0,1.9,603000.0,48,7.61,568.0,1,1,0.303,OWN,debt_consolidation,1
APP107393,34,829000.0,13.7,892000.0,48,7.08,767.0,1,0,0.269,MORTGAGE,business,0
APP107394,47,511000.0,2.0,425000.0,36,10.64,661.0,0,2,0.277,MORTGAGE,personal,0
APP107395,23,361000.0,1.5,303000.0,24,6.91,631.0,2,1,0.42,OWN,debt_consolidation,0
APP107396,42,639000.0,2.1,553000.0,48,5.64,629.0,1,0,0.216,RENT,business,0
APP107397,22,414000.0,6.6,266000.0,24,5.0,736.0,1,0,0.321,MORTGAGE,personal,1
APP107398,22,688000.0,19.3,621000.0,60,6.52,700.0,0,1,0.181,RENT,debt_consolidation,0
APP107399,40,877000.0,3.0,205000.0,24,5.2,679.0,0,2,0.117,OWN,debt_consolidation,1
APP107400,54,559000.0,11.0,546000.0,24,5.0,774.0,2,0,0.488,RENT,personal,0
APP107401,60,903000.0,5.3,785000.0,12,6.81,675.0,2,0,0.869,RENT,personal,1
APP107402,24,327000.0,0.6,248000.0,60,10.0,838.0,0,0,0.152,OWN,personal,0
APP107403,31,674000.0,3.1,418000.0,36,9.56,627.0,1,3,0.207,OWN,business,1
APP107404,39,707000.0,10.0,743000.0,36,5.0,697.0,0,3,0.35,RENT,personal,0
APP107405,46,731000.0,9.6,624000.0,36,7.58,710.0,0,0,0.285,OWN,debt_consolidation,1
APP107406,65,650000.0,2.7,193000.0,48,8.43,,4,0,0.074,RENT,personal,1
APP107407,51,617000.0,8.2,428000.0,60,8.79,660.0,3,0,0.139,OWN,debt_consolidation,0
APP107408,45,464000.0,4.4,121000.0,36,11.03,728.0,1,1,0.087,MORTGAGE,home_improvement,0
APP107409,23,466000.0,6.4,326000.0,24,5.0,824.0,2,1,0.35,OWN,debt_consolidation,0
APP107410,24,504000.0,11.5,465000.0,60,5.55,683.0,0,0,0.185,RENT,personal,1
APP107411,27,474000.0,2.8,340000.0,36,6.04,571.0,3,0,0.239,OWN,personal,1
APP107412,50,382000.0,3.6,247000.0,36,8.31,667.0,3,0,0.216,RENT,debt_consolidation,0
APP107413,35,603000.0,11.6,336000.0,24,5.0,751.0,1,0,0.279,RENT,personal,0
APP107414,31,840000.0,17.9,591000.0,60,7.0,724.0,1,1,0.141,MORTGAGE,personal,0
APP107415,51,808000.0,9.2,202000.0,60,5.0,687.0,0,1,0.05,MORTGAGE,personal,0
APP107416,57,669000.0,6.1,1064000.0,36,7.49,745.0,2,1,0.53,RENT,business,1
APP107417,40,984000.0,9.1,940000.0,12,12.05,704.0,1,0,0.955,OWN,debt_consolidation,1
APP107418,60,561000.0,3.1,602000.0,12,9.48,775.0,0,0,1.073,OWN,home_improvement,0
APP107419,54,622000.0,5.1,258000.0,36,5.0,700.0,1,0,0.138,MORTGAGE,personal,0
APP107420,53,365000.0,1.2,543000.0,36,6.58,628.0,5,0,0.496,OWN,business,1
APP107421,60,588000.0,3.2,575000.0,36,5.54,733.0,0,0,0.326,RENT,home_improvement,0
APP107422,29,773000.0,6.7,580000.0,36,10.35,715.0,0,1,0.25,RENT,personal,0
APP107423,55,594000.0,5.7,703000.0,24,5.0,788.0,2,1,0.592,MORTGAGE,personal,1
APP107424,64,410000.0,0.4,242000.0,24,6.53,735.0,1,0,0.295,MORTGAGE,education,0
APP107425,65,819000.0,4.0,1233000.0,84,5.97,743.0,0,0,0.215,MORTGAGE,business,0
APP107426,47,658000.0,5.6,260000.0,36,5.0,729.0,1,0,0.132,RENT,debt_consolidation,1
APP107427,54,768000.0,5.8,1043000.0,84,11.15,664.0,1,1,0.194,MORTGAGE,debt_consolidation,0
APP107428,60,582000.0,1.4,903000.0,36,5.0,644.0,1,2,0.517,RENT,debt_consolidation,1
APP107429,59,553000.0,8.3,477000.0,12,5.0,,3,0,0.863,OWN,personal,0
APP107430,61,784000.0,16.3,1114000.0,48,11.01,751.0,1,0,0.355,OWN,debt_consolidation,0
APP107431,58,789000.0,9.0,200000.0,84,7.28,654.0,0,0,0.036,RENT,home_improvement,0
APP107432,38,528000.0,5.1,554000.0,60,7.11,570.0,1,2,0.21,OWN,debt_consolidation,1
APP107433,53,793000.0,13.9,529000.0,36,6.12,697.0,1,0,0.222,RENT,debt_consolidation,0
APP107434,39,441000.0,3.1,299000.0,12,7.5,678.0,0,0,0.678,MORTGAGE,education,1
APP107435,57,747000.0,7.6,600000.0,36,6.56,724.0,3,0,0.268,OWN,personal,0
APP107436,57,648000.0,4.7,658000.0,12,5.88,624.0,2,2,1.015,RENT,business,1
APP107437,63,690000.0,14.0,720000.0,36,5.0,703.0,2,2,0.348,OWN,debt_consolidation,0
APP107438,47,579000.0,2.2,320000.0,60,7.59,661.0,0,1,0.111,MORTGAGE,personal,0
APP107439,42,470000.0,2.2,332000.0,48,6.19,808.0,1,1,0.177,MORTGAGE,business,0
APP107440,28,652000.0,11.8,334000.0,60,6.47,664.0,1,2,0.102,MORTGAGE,personal,1
APP107441,49,761000.0,7.2,812000.0,36,8.95,738.0,2,0,0.356,MORTGAGE,medical,0
APP107442,46,750000.0,12.4,223000.0,24,6.39,700.0,1,0,0.149,MORTGAGE,home_improvement,0
APP107443,44,298000.0,2.4,228000.0,24,7.26,701.0,0,0,0.383,RENT,personal,1
APP107444,51,445000.0,2.8,698000.0,60,11.18,730.0,2,0,0.314,RENT,debt_consolidation,0
APP107445,59,584000.0,6.3,925000.0,36,8.34,640.0,4,2,0.528,RENT,personal,1
APP107446,27,307000.0,1.2,277000.0,36,6.31,725.0,1,1,0.301,OWN,education,0
APP107447,40,481000.0,6.0,245000.0,24,5.09,788.0,0,0,0.255,RENT,medical,0
APP107448,53,749000.0,3.5,746000.0,36,7.21,831.0,1,0,0.332,MORTGAGE,personal,0
APP107449,57,753000.0,4.7,646000.0,24,9.23,723.0,2,1,0.429,RENT,personal,0
APP107450,56,622000.0,8.3,132000.0,24,6.2,637.0,2,3,0.106,RENT,personal,0
APP107451,56,778000.0,8.6,1232000.0,60,7.4,715.0,0,0,0.317,MORTGAGE,home_improvement,0
APP107452,59,842000.0,15.7,526000.0,48,6.15,704.0,1,0,0.156,MORTGAGE,personal,1
APP107453,64,756000.0,,551000.0,60,6.6,691.0,3,0,0.146,RENT,home_improvement,0
APP107454,48,719000.0,0.7,643000.0,60,5.0,677.0,0,2,0.179,RENT,education,1
APP107455,32,370000.0,2.3,528000.0,48,7.96,780.0,1,0,0.357,RENT,debt_consolidation,0
APP107456,46,564000.0,2.5,738000.0,36,7.68,745.0,0,0,0.436,RENT,home_improvement,0
APP107457,52,522000.0,9.8,234000.0,36,10.61,715.0,1,0,0.149,MORTGAGE,education,0
APP107458,25,421000.0,14.3,501000.0,12,7.6,665.0,2,0,1.19,OWN,business,1
APP107459,55,395000.0,1.6,560000.0,60,5.79,680.0,0,0,0.284,OWN,personal,1
APP107460,45,492000.0,10.0,583000.0,60,10.55,743.0,1,0,0.237,MORTGAGE,personal,0
APP107461,63,702000.0,5.1,247000.0,36,8.16,752.0,1,0,0.117,RENT,personal,0
APP107462,30,440000.0,4.6,410000.0,36,7.77,772.0,1,0,0.311,RENT,business,0
APP107463,61,613000.0,3.1,837000.0,24,7.32,760.0,2,0,0.683,MORTGAGE,personal,1
APP107464,41,500000.0,,217000.0,12,7.69,664.0,1,0,0.434,OWN,business,0
APP107465,46,864000.0,6.0,804000.0,36,5.45,694.0,0,0,0.31,RENT,business,0
APP107466,50,420000.0,3.4,471000.0,60,7.16,774.0,0,0,0.224,MORTGAGE,debt_consolidation,0
APP107467,47,428000.0,6.9,459000.0,12,6.86,763.0,0,1,1.072,RENT,personal,0
APP107468,61,544000.0,4.6,166000.0,84,8.13,720.0,1,0,0.044,MORTGAGE,debt_consolidation,0
APP107469,28,458000.0,4.2,253000.0,36,9.8,807.0,1,0,0.184,RENT,business,0
APP107470,53,740000.0,7.9,703000.0,36,9.47,,0,0,0.317,MORTGAGE,personal,0
APP107471,64,804000.0,6.4,364000.0,24,8.47,714.0,0,2,0.226,OWN,personal,0
APP107472,30,576000.0,0.4,365000.0,12,5.0,722.0,2,0,0.634,RENT,business,1
APP107473,32,511000.0,,384000.0,36,6.39,603.0,1,1,0.25,RENT,home_improvement,0
APP107474,42,517000.0,6.2,88000.0,48,5.0,644.0,1,1,0.043,OWN,personal,0
APP107475,53,945000.0,11.0,841000.0,36,9.72,691.0,2,1,0.297,MORTGAGE,education,0
APP107476,64,293000.0,6.4,467000.0,36,7.08,822.0,0,0,0.531,RENT,personal,0
APP107477,56,642000.0,3.9,476000.0,12,7.02,801.0,0,0,0.741,OWN,debt_consolidation,0
APP107478,56,687000.0,3.0,376000.0,24,5.83,631.0,0,2,0.274,RENT,personal,1
APP107479,40,783000.0,1.0,405000.0,48,10.12,775.0,0,0,0.129,RENT,medical,0
APP107480,50,362000.0,5.1,325000.0,48,7.57,681.0,0,0,0.224,RENT,business,0
APP107481,30,397000.0,2.5,322000.0,24,7.09,572.0,1,0,0.406,RENT,personal,0
APP107482,41,439000.0,12.2,615000.0,60,7.62,841.0,1,0,0.28,RENT,home_improvement,0
APP107483,29,217000.0,5.2,234000.0,24,7.79,599.0,1,0,0.539,RENT,business,1
APP107484,22,374000.0,1.9,272000.0,60,7.05,567.0,0,0,0.145,MORTGAGE,home_improvement,1
APP107485,59,737000.0,0.7,523000.0,36,10.12,735.0,0,0,0.237,OWN,home_improvement,0
APP107486,57,786000.0,1.1,742000.0,48,10.1,659.0,2,1,0.236,RENT,personal,1
APP107487,43,509000.0,6.7,263000.0,12,7.55,753.0,0,0,0.517,RENT,personal,0
APP107488,21,634000.0,13.2,484000.0,48,5.63,802.0,2,1,0.191,RENT,personal,0
APP107489,25,464000.0,7.8,261000.0,48,8.06,762.0,3,0,0.141,RENT,business,1
APP107490,26,546000.0,4.7,490000.0,24,6.03,760.0,0,0,0.449,OWN,business,1
APP107491,53,960000.0,18.2,905000.0,24,10.48,699.0,1,0,0.471,OWN,debt_consolidation,1
APP107492,30,509000.0,9.0,701000.0,48,10.8,664.0,2,1,0.344,OWN,personal,1
APP107493,32,680000.0,6.4,350000.0,36,8.93,765.0,0,0,0.172,RENT,personal,0
APP107494,59,468000.0,3.8,684000.0,48,5.0,667.0,1,1,0.365,OWN,business,0
APP107495,60,872000.0,13.6,808000.0,12,6.32,773.0,2,0,0.927,MORTGAGE,business,1
APP107496,55,784000.0,4.1,944000.0,24,6.9,740.0,0,0,0.602,OWN,home_improvement,1
APP107497,34,624000.0,2.5,647000.0,48,5.5,686.0,0,1,0.259,RENT,education,0
APP107498,47,412000.0,4.8,557000.0,24,6.68,735.0,0,2,0.676,OWN,personal,0
APP107499,30,466000.0,5.6,518000.0,12,7.86,700.0,2,0,1.112,MORTGAGE,debt_consolidation,0
APP107500,59,763000.0,9.5,127000.0,24,8.51,655.0,1,0,0.083,OWN,education,1
APP107501,24,490000.0,2.5,351000.0,60,10.18,784.0,1,0,0.143,RENT,business,1
APP107502,54,626000.0,2.9,946000.0,36,7.3,726.0,0,0,0.504,MORTGAGE,personal,0
APP107503,44,764000.0,3.0,615000.0,36,6.69,687.0,3,0,0.268,RENT,personal,0
APP107504,55,441000.0,4.6,596000.0,36,5.0,676.0,2,1,0.45,RENT,debt_consolidation,1
APP107505,41,484000.0,2.0,682000.0,36,8.11,693.0,0,0,0.47,MORTGAGE,personal,1
APP107506,28,310000.0,12.1,196000.0,12,6.35,879.0,1,0,0.632,RENT,debt_consolidation,1
APP107507,54,680000.0,1.1,948000.0,24,6.89,614.0,1,1,0.697,RENT,home_improvement,1
APP107508,49,794000.0,13.9,554000.0,24,6.11,731.0,1,1,0.349,MORTGAGE,home_improvement,0
APP107509,41,1105000.0,8.9,206000.0,60,6.17,703.0,2,1,0.037,MORTGAGE,personal,0
APP107510,37,654000.0,2.3,757000.0,48,8.93,713.0,0,2,0.289,RENT,business,1
APP107511,36,567000.0,4.3,759000.0,60,7.23,709.0,0,0,0.268,MORTGAGE,personal,0
APP107512,42,573000.0,2.7,461000.0,60,10.79,757.0,1,1,0.161,RENT,business,1
APP107513,32,503000.0,9.0,202000.0,12,5.0,711.0,1,0,0.402,OWN,personal,0
APP107514,33,622000.0,12.9,648000.0,48,10.1,701.0,2,0,0.26,MORTGAGE,personal,1
APP107515,33,841000.0,29.3,1026000.0,36,6.27,783.0,0,0,0.407,OWN,debt_consolidation,0
APP107516,21,170000.0,7.4,187000.0,60,7.23,718.0,4,0,0.22,MORTGAGE,personal,0
APP107517,62,665000.0,1.1,443000.0,84,8.44,773.0,1,0,0.095,OWN,education,0
APP107518,31,478000.0,2.2,327000.0,36,9.61,,0,0,0.228,RENT,education,0
APP107519,28,766000.0,7.1,725000.0,48,9.7,776.0,1,0,0.237,RENT,medical,1
APP107520,27,446000.0,4.5,192000.0,36,9.65,765.0,2,0,0.143,OWN,education,0
APP107521,65,631000.0,8.8,869000.0,60,6.89,778.0,0,0,0.275,RENT,home_improvement,0
APP107522,42,620000.0,6.5,185000.0,24,11.34,730.0,0,0,0.149,OWN,personal,0
APP107523,35,500000.0,2.4,428000.0,36,8.71,689.0,1,0,0.285,OWN,personal,0
APP107524,39,511000.0,3.9,713000.0,60,5.0,700.0,3,1,0.279,RENT,business,1
APP107525,24,311000.0,9.1,285000.0,24,7.48,751.0,0,0,0.458,RENT,medical,0
APP107526,35,518000.0,6.8,649000.0,36,6.57,652.0,0,0,0.418,OWN,education,0
APP107527,32,462000.0,8.9,230000.0,48,6.72,788.0,0,0,0.124,OWN,personal,0
APP107528,57,578000.0,1.5,460000.0,36,8.81,650.0,4,0,0.265,RENT,home_improvement,1
APP107529,23,528000.0,2.5,625000.0,24,8.09,653.0,1,1,0.592,RENT,debt_consolidation,1
APP107530,40,527000.0,11.5,758000.0,12,5.92,765.0,1,1,1.438,MORTGAGE,personal,1
APP107531,56,572000.0,1.6,619000.0,36,10.72,687.0,2,1,0.361,MORTGAGE,personal,0
APP107532,58,781000.0,8.5,392000.0,36,5.0,719.0,1,0,0.167,MORTGAGE,debt_consolidation,0
APP107533,44,490000.0,1.4,177000.0,84,5.0,694.0,1,0,0.052,RENT,personal,0
APP107534,31,893000.0,5.5,1224000.0,48,5.02,718.0,0,0,0.343,OWN,education,0
APP107535,36,545000.0,3.5,520000.0,48,8.39,689.0,1,1,0.239,RENT,business,1
APP107536,31,277000.0,2.3,115000.0,24,8.22,779.0,1,1,0.208,MORTGAGE,personal,0
APP107537,50,495000.0,5.9,423000.0,60,5.62,626.0,0,0,0.171,RENT,personal,0
APP107538,34,446000.0,11.1,149000.0,24,6.1,881.0,0,0,0.167,OWN,personal,0
APP107539,49,455000.0,2.9,138000.0,84,7.4,846.0,1,0,0.043,RENT,debt_consolidation,0
APP107540,50,637000.0,0.5,945000.0,84,5.06,701.0,0,0,0.212,RENT,personal,0
APP107541,63,517000.0,4.6,486000.0,84,9.17,740.0,0,0,0.134,OWN,home_improvement,0
APP107542,37,450000.0,2.3,230000.0,36,10.86,735.0,0,0,0.17,RENT,education,0
APP107543,64,916000.0,,1308000.0,24,7.02,797.0,0,0,0.714,OWN,personal,0
APP107544,39,448000.0,3.5,716000.0,48,8.17,717.0,2,0,0.4,MORTGAGE,personal,1
APP107545,51,692000.0,2.9,991000.0,36,7.65,691.0,0,2,0.477,RENT,education,0
APP107546,50,343000.0,3.8,423000.0,36,10.42,757.0,4,0,0.411,MORTGAGE,business,1
APP107547,57,670000.0,11.1,1035000.0,36,11.68,580.0,0,2,0.515,RENT,home_improvement,0
APP107548,42,453000.0,7.0,198000.0,48,6.63,726.0,0,0,0.109,RENT,business,0
APP107549,56,655000.0,2.0,932000.0,36,7.48,728.0,1,0,0.474,MORTGAGE,education,0
APP107550,36,329000.0,1.5,220000.0,36,9.3,705.0,0,0,0.223,MORTGAGE,education,0
APP107551,43,983000.0,,193000.0,48,8.17,626.0,0,1,0.049,OWN,home_improvement,0
APP107552,43,297000.0,2.9,58000.0,12,5.41,719.0,1,0,0.195,RENT,personal,0
APP107553,52,868000.0,,367000.0,48,5.0,713.0,0,0,0.106,RENT,personal,0
APP107554,48,723000.0,4.4,926000.0,60,6.1,621.0,0,3,0.256,MORTGAGE,business,1
APP107555,24,472000.0,2.6,684000.0,60,8.13,716.0,1,0,0.29,RENT,business,0
APP107556,57,633000.0,2.7,212000.0,48,6.55,596.0,1,1,0.084,RENT,home_improvement,0
APP107557,55,913000.0,4.6,1256000.0,36,5.09,704.0,1,0,0.459,RENT,personal,1
APP107558,25,777000.0,0.5,968000.0,60,6.14,684.0,0,0,0.249,RENT,debt_consolidation,0
APP107559,64,634000.0,,143000.0,36,11.44,637.0,2,0,0.075,OWN,debt_consolidation,0
APP107560,50,780000.0,17.2,944000.0,60,5.0,764.0,2,0,0.242,MORTGAGE,home_improvement,1
APP107561,24,558000.0,20.6,115000.0,12,6.72,682.0,1,0,0.206,MORTGAGE,personal,0
APP107562,43,367000.0,2.9,195000.0,48,6.28,756.0,0,0,0.133,RENT,home_improvement,0
APP107563,58,766000.0,8.2,705000.0,12,11.72,785.0,0,0,0.92,OWN,business,1
APP107564,33,568000.0,6.9,834000.0,12,5.0,710.0,2,0,1.468,MORTGAGE,home_improvement,1
APP107565,62,401000.0,1.7,121000.0,36,5.69,729.0,3,1,0.101,MORTGAGE,education,0
APP107566,39,652000.0,8.3,427000.0,24,7.56,827.0,1,1,0.327,RENT,business,1
APP107567,31,523000.0,3.7,516000.0,36,7.79,731.0,0,1,0.329,MORTGAGE,personal,0
APP107568,37,447000.0,5.4,547000.0,60,9.88,714.0,0,0,0.245,RENT,business,0
APP107569,44,528000.0,9.5,780000.0,36,9.66,758.0,2,1,0.492,MORTGAGE,personal,0
APP107570,51,666000.0,3.9,553000.0,48,5.87,603.0,2,0,0.208,RENT,personal,0
APP107571,62,910000.0,3.9,1246000.0,60,8.11,820.0,1,1,0.274,RENT,debt_consolidation,0
APP107572,29,575000.0,7.6,601000.0,36,7.04,695.0,2,1,0.348,OWN,debt_consolidation,1
APP107573,64,890000.0,11.6,397000.0,84,6.41,,0,1,0.064,OWN,medical,0
APP107574,44,477000.0,7.3,472000.0,24,9.65,612.0,1,1,0.495,OWN,medical,0
APP107575,26,393000.0,4.1,238000.0,12,7.98,779.0,0,0,0.606,MORTGAGE,personal,0
APP107576,62,842000.0,10.7,985000.0,36,10.92,730.0,2,0,0.39,RENT,debt_consolidation,0
APP107577,36,343000.0,6.7,193000.0,60,8.46,698.0,0,1,0.113,MORTGAGE,personal,0
APP107578,48,729000.0,13.3,387000.0,12,9.46,712.0,0,0,0.531,RENT,personal,1
APP107579,52,826000.0,15.8,1256000.0,36,5.0,666.0,1,1,0.507,RENT,home_improvement,0
APP107580,21,457000.0,7.2,671000.0,36,7.62,676.0,2,0,0.489,MORTGAGE,debt_consolidation,0
APP107581,30,630000.0,12.7,507000.0,60,8.37,647.0,1,0,0.161,MORTGAGE,debt_consolidation,0
APP107582,51,719000.0,12.9,906000.0,60,8.57,720.0,1,1,0.252,RENT,debt_consolidation,1
APP107583,35,424000.0,4.8,667000.0,24,10.82,808.0,1,0,0.787,RENT,personal,0
APP107584,21,354000.0,12.9,99000.0,24,8.78,750.0,2,0,0.14,RENT,debt_consolidation,1
APP107585,22,436000.0,5.6,449000.0,48,5.0,641.0,5,0,0.257,OWN,personal,1
APP107586,58,899000.0,8.8,465000.0,60,8.61,747.0,1,0,0.103,MORTGAGE,home_improvement,0
APP107587,27,627000.0,5.1,821000.0,24,9.27,538.0,2,1,0.655,OWN,home_improvement,1
APP107588,25,364000.0,1.3,108000.0,48,6.09,807.0,1,0,0.074,OWN,education,0
APP107589,46,697000.0,18.8,902000.0,24,6.52,699.0,0,1,0.647,MORTGAGE,home_improvement,1
APP107590,26,443000.0,8.6,195000.0,24,9.16,728.0,1,1,0.22,OWN,education,0
APP107591,50,593000.0,9.1,481000.0,36,7.44,735.0,0,0,0.27,OWN,personal,0
APP107592,45,635000.0,6.0,845000.0,60,9.84,764.0,0,0,0.266,RENT,education,0
APP107593,50,863000.0,12.9,214000.0,48,7.84,865.0,1,0,0.062,OWN,debt_consolidation,0
APP107594,43,904000.0,4.7,1352000.0,36,5.0,603.0,1,0,0.499,MORTGAGE,education,1
APP107595,56,522000.0,5.0,243000.0,48,7.57,735.0,1,0,0.116,OWN,education,0
APP107596,50,672000.0,2.0,589000.0,36,6.56,675.0,1,2,0.292,RENT,medical,0
APP107597,39,642000.0,6.4,780000.0,24,8.8,685.0,3,0,0.607,RENT,medical,1
APP107598,21,475000.0,12.4,156000.0,60,8.37,704.0,0,0,0.066,RENT,personal,0
APP107599,33,352000.0,4.8,364000.0,12,5.37,754.0,0,1,1.034,MORTGAGE,debt_consolidation,1
APP107600,26,469000.0,1.8,421000.0,60,7.88,704.0,2,0,0.18,RENT,personal,0
APP107601,21,822000.0,10.7,822000.0,60,8.62,723.0,2,0,0.2,OWN,education,0
APP107602,33,581000.0,7.7,645000.0,48,8.42,710.0,1,0,0.278,MORTGAGE,medical,1
APP107603,30,521000.0,17.4,396000.0,36,9.59,728.0,2,0,0.253,RENT,personal,0
APP107604,24,404000.0,2.8,236000.0,60,5.19,667.0,4,2,0.117,RENT,debt_consolidation,1
APP107605,35,392000.0,8.6,163000.0,12,7.1,741.0,3,0,0.416,RENT,business,0
APP107606,43,531000.0,1.7,803000.0,48,5.0,625.0,0,2,0.378,OWN,business,0
APP107607,29,590000.0,5.3,432000.0,24,10.04,677.0,1,1,0.366,RENT,education,1
APP107608,33,417000.0,6.1,233000.0,48,7.71,788.0,0,0,0.14,RENT,debt_consolidation,1
APP107609,21,120000.0,1.1,50000.0,48,7.25,797.0,2,0,0.104,RENT,medical,0
APP107610,23,571000.0,11.8,708000.0,24,7.22,836.0,0,0,0.62,RENT,debt_consolidation,0
APP107611,28,458000.0,9.6,419000.0,24,8.56,828.0,0,0,0.457,RENT,debt_consolidation,0
APP107612,41,476000.0,7.7,203000.0,48,9.79,672.0,2,2,0.107,RENT,business,1
APP107613,50,458000.0,1.8,662000.0,84,6.86,744.0,1,1,0.206,MORTGAGE,debt_consolidation,0
APP107614,56,682000.0,3.0,1026000.0,48,8.4,691.0,3,1,0.376,MORTGAGE,personal,1
APP107615,49,608000.0,10.4,868000.0,36,8.38,,1,0,0.476,OWN,debt_consolidation,1
APP107616,48,740000.0,,713000.0,60,5.0,715.0,1,0,0.193,RENT,personal,0
APP107617,63,824000.0,4.4,570000.0,60,5.94,717.0,0,0,0.138,OWN,education,0
APP107618,32,554000.0,12.7,213000.0,48,8.46,778.0,2,0,0.096,MORTGAGE,education,0
APP107619,56,579000.0,5.9,404000.0,36,10.21,767.0,1,0,0.233,MORTGAGE,personal,0
APP107620,63,671000.0,2.0,696000.0,36,10.49,691.0,3,0,0.346,OWN,medical,0
APP107621,46,628000.0,10.3,300000.0,24,5.0,719.0,1,0,0.239,RENT,medical,1
APP107622,58,356000.0,1.7,293000.0,60,9.7,649.0,1,1,0.165,RENT,home_improvement,0
APP107623,27,762000.0,5.2,748000.0,36,9.77,703.0,1,0,0.327,MORTGAGE,personal,1
APP107624,60,795000.0,6.5,962000.0,48,8.41,718.0,1,0,0.303,MORTGAGE,personal,0
APP107625,46,563000.0,8.9,159000.0,60,5.0,654.0,2,3,0.056,MORTGAGE,home_improvement,1
APP107626,30,159000.0,1.4,224000.0,36,6.32,692.0,1,1,0.47,RENT,personal,1
APP107627,23,366000.0,0.4,297000.0,24,7.74,668.0,1,0,0.406,RENT,business,1
APP107628,53,485000.0,0.4,482000.0,12,6.98,657.0,1,1,0.994,RENT,medical,1
APP107629,40,647000.0,13.8,979000.0,48,5.0,733.0,1,0,0.378,RENT,business,0
APP107630,34,143000.0,1.1,56000.0,24,6.93,722.0,0,1,0.196,RENT,debt_consolidation,0
APP107631,38,602000.0,16.2,862000.0,12,5.45,707.0,2,0,1.432,MORTGAGE,home_improvement,1
APP107632,65,712000.0,11.1,937000.0,36,8.8,662.0,0,0,0.439,RENT,personal,1
APP107633,40,489000.0,2.3,778000.0,48,8.56,663.0,0,0,0.398,RENT,home_improvement,1
APP107634,24,366000.0,0.6,263000.0,36,8.65,702.0,1,1,0.24,RENT,personal,1
APP107635,33,523000.0,,175000.0,24,6.69,739.0,2,0,0.167,MORTGAGE,personal,0
APP107636,27,681000.0,3.4,116000.0,48,7.54,695.0,0,0,0.043,RENT,education,0
APP107637,51,632000.0,12.8,821000.0,36,7.32,635.0,0,2,0.433,OWN,personal,1
APP107638,57,533000.0,6.5,186000.0,36,9.51,610.0,2,1,0.116,MORTGAGE,debt_consolidation,1
APP107639,58,403000.0,5.3,239000.0,60,6.33,628.0,0,1,0.119,MORTGAGE,personal,0
APP107640,49,520000.0,4.4,822000.0,12,5.83,671.0,1,1,1.581,OWN,personal,1
APP107641,55,475000.0,8.8,376000.0,36,9.62,633.0,2,0,0.264,OWN,home_improvement,0
APP107642,39,687000.0,4.9,333000.0,24,9.31,739.0,0,0,0.242,MORTGAGE,home_improvement,1
APP107643,49,750000.0,18.4,932000.0,24,8.53,776.0,1,0,0.621,RENT,debt_consolidation,0
APP107644,25,554000.0,1.1,301000.0,48,10.97,638.0,1,0,0.136,RENT,debt_consolidation,1
APP107645,45,789000.0,4.1,726000.0,48,12.09,606.0,1,2,0.23,RENT,home_improvement,1
APP107646,46,491000.0,7.9,186000.0,48,10.21,694.0,1,1,0.095,OWN,education,0
APP107647,22,416000.0,7.2,340000.0,60,5.86,681.0,1,0,0.163,MORTGAGE,business,0
APP107648,45,941000.0,18.4,289000.0,60,9.33,711.0,0,2,0.061,OWN,home_improvement,0
APP107649,53,630000.0,2.8,801000.0,24,7.74,771.0,1,0,0.636,RENT,business,1
APP107650,37,553000.0,0.2,376000.0,48,6.26,700.0,1,0,0.17,MORTGAGE,education,0
APP107651,45,801000.0,10.5,490000.0,48,5.87,629.0,2,0,0.153,RENT,personal,0
APP107652,33,657000.0,6.2,1045000.0,48,8.09,714.0,0,1,0.398,MORTGAGE,personal,1
APP107653,33,637000.0,10.6,862000.0,36,9.3,677.0,2,1,0.451,MORTGAGE,debt_consolidation,1
APP107654,26,698000.0,6.9,665000.0,84,10.53,763.0,0,0,0.136,OWN,business,0
APP107655,35,453000.0,0.3,688000.0,36,8.98,802.0,2,1,0.506,OWN,medical,1
APP107656,57,758000.0,7.3,346000.0,60,8.76,645.0,1,1,0.091,RENT,education,0
APP107657,63,635000.0,2.8,623000.0,36,7.05,685.0,0,0,0.327,RENT,personal,1
APP107658,49,746000.0,4.1,1117000.0,60,7.98,735.0,1,0,0.299,OWN,medical,0
APP107659,49,496000.0,4.8,484000.0,36,5.0,722.0,3,1,0.325,MORTGAGE,debt_consolidation,0
APP107660,48,306000.0,1.7,183000.0,12,8.74,818.0,2,0,0.598,RENT,home_improvement,0
APP107661,42,633000.0,2.7,840000.0,36,8.45,702.0,0,0,0.442,RENT,personal,1
APP107662,40,449000.0,9.3,158000.0,36,11.71,673.0,2,0,0.117,RENT,home_improvement,0
APP107663,48,482000.0,9.3,179000.0,24,7.41,667.0,0,1,0.186,MORTGAGE,business,0
APP107664,56,787000.0,0.9,952000.0,48,10.12,689.0,1,0,0.302,RENT,business,0
APP107665,39,705000.0,6.3,177000.0,60,6.46,691.0,0,1,0.05,MORTGAGE,education,0
APP107666,46,595000.0,10.0,133000.0,60,11.23,731.0,2,0,0.045,RENT,debt_consolidation,0
APP107667,42,120000.0,,84000.0,36,10.69,733.0,0,0,0.233,OWN,education,0
APP107668,33,607000.0,6.6,441000.0,36,9.99,663.0,0,0,0.242,RENT,debt_consolidation,0
APP107669,34,565000.0,1.0,470000.0,60,7.63,601.0,1,1,0.166,MORTGAGE,personal,1
APP107670,24,622000.0,12.5,761000.0,84,7.01,721.0,2,0,0.175,OWN,personal,0
APP107671,40,583000.0,1.9,568000.0,12,6.68,682.0,0,0,0.974,OWN,business,1
APP107672,53,588000.0,3.9,697000.0,12,5.36,695.0,0,0,1.185,OWN,personal,1
APP107673,51,616000.0,10.1,137000.0,12,8.53,780.0,1,0,0.222,MORTGAGE,debt_consolidation,0
APP107674,65,661000.0,15.6,402000.0,36,6.95,787.0,0,0,0.203,MORTGAGE,business,0
APP107675,22,328000.0,4.2,509000.0,60,8.34,699.0,1,0,0.31,RENT,home_improvement,0
APP107676,55,886000.0,21.5,682000.0,12,7.87,819.0,0,0,0.77,RENT,business,1
APP107677,56,709000.0,6.0,335000.0,48,5.14,792.0,0,0,0.118,RENT,business,0
APP107678,40,674000.0,5.5,1071000.0,24,9.83,769.0,1,1,0.795,MORTGAGE,business,1
APP107679,33,263000.0,2.2,196000.0,12,7.71,782.0,0,1,0.745,MORTGAGE,debt_consolidation,1
APP107680,37,271000.0,4.0,229000.0,48,9.4,671.0,2,1,0.211,RENT,business,0
APP107681,51,576000.0,6.4,273000.0,48,5.0,785.0,1,0,0.118,RENT,business,0
APP107682,59,547000.0,8.0,603000.0,36,5.82,710.0,1,0,0.367,RENT,personal,0
APP107683,49,664000.0,7.7,299000.0,36,6.64,774.0,0,1,0.15,RENT,business,0
APP107684,44,361000.0,3.6,373000.0,36,8.03,696.0,2,0,0.344,OWN,business,0
APP107685,50,891000.0,13.7,1112000.0,60,7.27,730.0,2,0,0.25,MORTGAGE,education,0
APP107686,24,338000.0,5.6,370000.0,60,10.5,648.0,0,1,0.219,OWN,business,0
APP107687,48,841000.0,5.3,236000.0,36,9.78,647.0,0,1,0.094,RENT,home_improvement,0
APP107688,22,485000.0,2.0,129000.0,84,5.89,,1,0,0.038,RENT,home_improvement,1
APP107689,64,579000.0,8.6,794000.0,48,13.98,745.0,2,1,0.343,MORTGAGE,debt_consolidation,0
APP107690,61,991000.0,5.1,1448000.0,24,7.31,664.0,1,0,0.731,MORTGAGE,business,0
APP107691,43,598000.0,,207000.0,36,10.34,792.0,1,0,0.115,RENT,personal,0
APP107692,37,515000.0,1.5,358000.0,60,6.87,772.0,2,0,0.139,RENT,business,1
APP107693,53,576000.0,1.5,633000.0,48,8.87,736.0,1,0,0.275,RENT,personal,0
APP107694,49,697000.0,6.9,949000.0,84,9.59,786.0,0,0,0.195,MORTGAGE,medical,0
APP107695,52,822000.0,15.1,1207000.0,36,5.0,684.0,1,1,0.489,OWN,debt_consolidation,0
APP107696,44,438000.0,4.5,509000.0,60,11.34,633.0,2,0,0.232,RENT,personal,0
APP107697,31,458000.0,4.5,167000.0,60,5.78,672.0,0,1,0.073,OWN,home_improvement,0
APP107698,24,516000.0,8.7,652000.0,60,6.73,785.0,2,0,0.253,MORTGAGE,education,0
APP107699,33,682000.0,12.2,952000.0,84,6.17,805.0,1,0,0.199,RENT,home_improvement,0
APP107700,44,644000.0,3.3,425000.0,36,6.25,662.0,0,0,0.22,MORTGAGE,personal,0
APP107701,40,540000.0,,468000.0,48,6.36,658.0,0,0,0.217,MORTGAGE,personal,0
APP107702,43,485000.0,5.0,190000.0,24,5.0,644.0,1,1,0.196,OWN,home_improvement,1
APP107703,33,450000.0,7.7,266000.0,60,9.17,629.0,0,0,0.118,RENT,business,0
APP107704,63,454000.0,0.4,641000.0,48,7.75,660.0,3,0,0.353,RENT,debt_consolidation,1
APP107705,37,605000.0,3.7,169000.0,24,7.2,745.0,1,0,0.14,RENT,education,0
APP107706,59,567000.0,4.6,712000.0,36,9.74,527.0,1,1,0.419,MORTGAGE,medical,1
APP107707,38,498000.0,4.1,145000.0,24,11.39,724.0,0,0,0.146,MORTGAGE,home_improvement,0
APP107708,40,541000.0,1.3,311000.0,36,5.0,792.0,1,0,0.192,RENT,personal,0
APP107709,48,584000.0,3.8,581000.0,12,11.07,769.0,1,0,0.995,RENT,personal,1
APP107710,32,496000.0,4.6,77000.0,84,7.45,751.0,0,0,0.022,OWN,debt_consolidation,0
APP107711,30,323000.0,2.4,365000.0,48,5.0,731.0,0,0,0.283,OWN,medical,0
APP107712,38,595000.0,6.4,362000.0,84,8.41,795.0,0,0,0.087,RENT,debt_consolidation,0
APP107713,57,660000.0,9.6,815000.0,24,7.24,731.0,4,0,0.617,RENT,personal,0
APP107714,27,518000.0,9.9,810000.0,36,9.39,688.0,1,1,0.521,RENT,personal,0
APP107715,40,698000.0,2.9,526000.0,60,7.82,759.0,2,0,0.151,RENT,personal,1
APP107716,51,723000.0,7.6,140000.0,48,8.28,623.0,1,1,0.048,RENT,debt_consolidation,1
APP107717,52,562000.0,7.1,776000.0,12,6.54,724.0,6,0,1.381,RENT,debt_consolidation,1
APP107718,40,676000.0,17.4,371000.0,60,5.24,767.0,2,0,0.11,OWN,debt_consolidation,0
APP107719,24,725000.0,7.6,265000.0,24,9.13,709.0,1,1,0.183,MORTGAGE,debt_consolidation,1
APP107720,21,425000.0,7.9,606000.0,24,6.35,732.0,1,0,0.713,RENT,personal,1
APP107721,42,640000.0,11.0,312000.0,48,8.39,789.0,2,1,0.122,MORTGAGE,debt_consolidation,1
APP107722,57,712000.0,1.7,732000.0,48,10.77,756.0,3,0,0.257,RENT,home_improvement,0
APP107723,22,480000.0,5.5,249000.0,48,7.15,,2,0,0.13,OWN,education,0
APP107724,60,742000.0,15.7,878000.0,12,9.04,750.0,0,1,1.183,RENT,medical,1
APP107725,51,635000.0,15.9,693000.0,24,7.43,750.0,1,2,0.546,RENT,business,1
APP107726,21,420000.0,3.8,373000.0,36,6.7,734.0,2,0,0.296,RENT,personal,0
APP107727,36,750000.0,15.4,716000.0,36,5.0,734.0,1,0,0.318,RENT,education,0
APP107728,30,679000.0,4.2,326000.0,12,7.41,763.0,1,0,0.48,RENT,home_improvement,1
APP107729,63,487000.0,6.6,89000.0,48,7.14,710.0,1,0,0.046,RENT,education,1
APP107730,45,798000.0,1.1,1046000.0,60,5.58,778.0,1,0,0.262,RENT,education,0
APP107731,35,576000.0,,829000.0,84,5.0,634.0,2,1,0.206,RENT,debt_consolidation,1
APP107732,33,636000.0,4.1,813000.0,60,5.0,,2,0,0.256,MORTGAGE,debt_consolidation,0
APP107733,46,432000.0,1.4,508000.0,24,11.43,649.0,1,1,0.588,MORTGAGE,personal,1
APP107734,21,191000.0,4.7,159000.0,36,7.58,804.0,6,0,0.277,RENT,personal,0
APP107735,32,249000.0,0.3,248000.0,60,5.0,667.0,2,0,0.199,OWN,personal,0
APP107736,28,469000.0,8.4,541000.0,12,6.18,725.0,1,0,1.154,RENT,home_improvement,1
APP107737,48,756000.0,11.6,142000.0,24,7.52,603.0,3,0,0.094,OWN,education,1
APP107738,51,586000.0,2.1,448000.0,24,8.49,763.0,0,2,0.382,RENT,medical,0
APP107739,42,490000.0,2.1,233000.0,48,6.99,653.0,3,0,0.119,OWN,personal,0
APP107740,27,676000.0,8.0,459000.0,84,11.95,791.0,0,1,0.097,RENT,medical,1
APP107741,37,577000.0,8.7,713000.0,36,12.05,606.0,2,2,0.412,RENT,personal,1
APP107742,58,677000.0,3.1,458000.0,36,8.34,655.0,2,0,0.226,MORTGAGE,education,0
APP107743,30,925000.0,2.4,1130000.0,48,6.69,715.0,0,2,0.305,MORTGAGE,personal,0
APP107744,28,539000.0,10.2,840000.0,60,8.34,619.0,1,1,0.312,RENT,medical,0
APP107745,26,316000.0,1.2,470000.0,36,5.0,728.0,2,0,0.496,RENT,business,0
APP107746,57,707000.0,3.6,955000.0,48,9.7,650.0,4,0,0.338,RENT,medical,0
APP107747,26,545000.0,2.4,756000.0,60,7.88,835.0,1,0,0.277,OWN,personal,0
APP107748,47,672000.0,7.9,485000.0,60,5.0,826.0,1,0,0.144,OWN,education,0
APP107749,65,694000.0,2.5,840000.0,36,6.21,786.0,1,0,0.403,MORTGAGE,education,0
APP107750,49,901000.0,11.2,1007000.0,24,8.76,862.0,1,0,0.559,OWN,education,0
APP107751,39,730000.0,3.5,1150000.0,60,5.0,684.0,1,0,0.315,MORTGAGE,home_improvement,0
APP107752,30,495000.0,6.9,487000.0,60,5.53,750.0,3,0,0.197,MORTGAGE,debt_consolidation,0
APP107753,21,311000.0,2.6,240000.0,12,6.48,665.0,1,0,0.772,MORTGAGE,business,1
APP107754,28,554000.0,6.0,756000.0,12,9.65,781.0,0,0,1.365,MORTGAGE,education,1
APP107755,63,565000.0,2.9,699000.0,24,11.27,745.0,0,0,0.619,RENT,medical,1
APP107756,27,568000.0,1.9,188000.0,48,8.33,656.0,0,0,0.083,OWN,debt_consolidation,1
APP107757,21,544000.0,8.7,552000.0,36,5.0,735.0,0,0,0.338,RENT,debt_consolidation,0
APP107758,57,1023000.0,2.5,1032000.0,24,5.04,703.0,0,1,0.504,RENT,debt_consolidation,1
APP107759,39,735000.0,2.5,783000.0,60,15.19,729.0,0,0,0.213,MORTGAGE,debt_consolidation,0
APP107760,37,377000.0,5.6,571000.0,24,7.85,785.0,5,0,0.757,MORTGAGE,debt_consolidation,0
APP107761,53,566000.0,6.3,579000.0,84,5.0,665.0,1,0,0.146,RENT,education,0
APP107762,44,250000.0,1.9,353000.0,36,12.72,,1,1,0.471,RENT,business,1
APP107763,62,391000.0,,262000.0,36,5.0,544.0,0,1,0.223,MORTGAGE,medical,0
APP107764,42,551000.0,2.7,128000.0,84,8.76,736.0,3,0,0.033,RENT,business,0
APP107765,53,406000.0,1.4,282000.0,24,5.0,712.0,0,2,0.347,MORTGAGE,business,0
APP107766,60,904000.0,4.0,834000.0,24,12.34,759.0,2,0,0.461,MORTGAGE,debt_consolidation,0
APP107767,41,718000.0,4.0,975000.0,36,5.0,680.0,2,1,0.453,MORTGAGE,debt_consolidation,1
APP107768,33,491000.0,7.0,523000.0,48,6.21,628.0,1,2,0.266,MORTGAGE,medical,1
APP107769,64,798000.0,17.8,631000.0,36,9.81,690.0,0,0,0.264,OWN,business,0
APP107770,31,725000.0,5.5,594000.0,84,6.28,734.0,0,1,0.117,MORTGAGE,business,1
APP107771,22,732000.0,7.7,1168000.0,84,8.57,690.0,0,0,0.228,RENT,home_improvement,1
APP107772,47,405000.0,1.1,144000.0,12,9.33,593.0,1,1,0.356,RENT,business,1
APP107773,65,619000.0,11.5,277000.0,24,7.89,763.0,1,1,0.224,OWN,home_improvement,0
APP107774,24,404000.0,4.6,427000.0,36,5.06,709.0,0,0,0.352,RENT,education,1
APP107775,59,688000.0,1.6,803000.0,84,5.77,687.0,2,1,0.167,OWN,business,0
APP107776,58,655000.0,11.2,473000.0,24,6.66,556.0,0,0,0.361,OWN,debt_consolidation,0
APP107777,62,746000.0,4.7,147000.0,36,8.79,727.0,0,0,0.066,OWN,education,0
APP107778,39,897000.0,10.0,814000.0,24,9.29,718.0,1,0,0.454,RENT,personal,1
APP107779,32,460000.0,19.1,165000.0,84,7.95,860.0,0,0,0.051,MORTGAGE,home_improvement,0
APP107780,44,462000.0,1.2,107000.0,24,9.04,709.0,0,0,0.116,MORTGAGE,home_improvement,0
APP107781,27,235000.0,2.6,153000.0,36,5.0,541.0,2,0,0.217,RENT,business,1
APP107782,58,578000.0,8.8,200000.0,12,8.15,669.0,3,1,0.346,OWN,personal,1
APP107783,50,566000.0,5.0,445000.0,48,7.36,721.0,1,0,0.197,RENT,education,0
APP107784,42,397000.0,0.3,498000.0,36,8.59,784.0,1,0,0.418,MORTGAGE,debt_consolidation,0
APP107785,44,636000.0,3.7,139000.0,36,9.15,725.0,0,0,0.073,OWN,home_improvement,0
APP107786,53,641000.0,4.2,561000.0,12,5.19,667.0,1,1,0.875,RENT,education,0
APP107787,44,615000.0,4.7,535000.0,12,7.26,684.0,1,1,0.87,MORTGAGE,personal,0
APP107788,58,582000.0,2.5,89000.0,12,10.44,878.0,1,0,0.153,RENT,personal,0
APP107789,62,753000.0,13.6,919000.0,60,8.17,730.0,2,1,0.244,MORTGAGE,education,0
APP107790,63,589000.0,1.1,165000.0,48,7.28,706.0,0,0,0.07,RENT,personal,0
APP107791,48,580000.0,6.6,871000.0,24,5.0,782.0,1,0,0.751,OWN,medical,1
APP107792,54,674000.0,3.1,726000.0,36,8.69,661.0,0,0,0.359,RENT,personal,0
APP107793,34,200000.0,2.9,113000.0,36,5.0,682.0,0,0,0.188,OWN,medical,0
APP107794,22,574000.0,12.4,856000.0,12,7.11,695.0,2,0,1.491,MORTGAGE,business,1
APP107795,39,402000.0,4.0,294000.0,60,6.42,607.0,2,0,0.146,RENT,personal,0
APP107796,60,640000.0,6.7,338000.0,36,8.37,772.0,2,0,0.176,MORTGAGE,education,0
APP107797,27,288000.0,9.2,204000.0,48,6.18,683.0,1,0,0.177,MORTGAGE,debt_consolidation,1
APP107798,45,527000.0,5.1,546000.0,48,6.78,672.0,1,2,0.259,OWN,education,1
APP107799,29,616000.0,12.5,739000.0,60,5.5,657.0,3,1,0.24,OWN,debt_consolidation,0
APP107800,40,575000.0,1.4,638000.0,48,6.95,724.0,2,0,0.277,OWN,personal,0
APP107801,27,318000.0,7.0,472000.0,12,7.97,836.0,1,0,1.484,OWN,home_improvement,1
APP107802,54,850000.0,17.9,1306000.0,24,6.74,735.0,0,0,0.768,MORTGAGE,medical,0
APP107803,57,841000.0,6.5,366000.0,36,6.81,659.0,2,1,0.145,RENT,home_improvement,0
APP107804,55,516000.0,0.8,760000.0,12,7.86,648.0,0,0,1.473,MORTGAGE,business,1
APP107805,52,649000.0,7.2,198000.0,36,9.7,661.0,0,2,0.102,RENT,personal,0
APP107806,31,294000.0,14.0,452000.0,84,9.14,627.0,1,0,0.22,RENT,debt_consolidation,1
APP107807,44,424000.0,3.7,223000.0,24,5.0,812.0,0,0,0.263,RENT,debt_consolidation,1
APP107808,25,485000.0,3.7,260000.0,48,9.19,661.0,0,1,0.134,RENT,home_improvement,0
APP107809,37,717000.0,8.5,546000.0,24,10.51,672.0,1,0,0.381,RENT,education,0
APP107810,43,507000.0,7.4,210000.0,12,9.05,650.0,2,2,0.414,MORTGAGE,personal,1
APP107811,51,1020000.0,5.3,1377000.0,12,5.0,731.0,1,1,1.35,MORTGAGE,personal,1
APP107812,25,479000.0,2.7,158000.0,24,8.08,,0,0,0.165,MORTGAGE,home_improvement,0
APP107813,57,442000.0,3.4,348000.0,36,10.54,774.0,2,0,0.262,RENT,personal,0
APP107814,41,713000.0,2.0,1045000.0,84,6.51,679.0,2,0,0.209,RENT,business,0
APP107815,60,430000.0,0.7,461000.0,48,13.88,629.0,2,1,0.268,RENT,debt_consolidation,1
APP107816,44,702000.0,11.6,723000.0,24,5.0,721.0,2,0,0.515,OWN,medical,0
APP107817,45,487000.0,8.9,775000.0,12,7.82,682.0,2,1,1.591,RENT,business,1
APP107818,52,457000.0,8.2,83000.0,84,9.09,716.0,2,2,0.026,OWN,education,0
APP107819,57,834000.0,8.1,512000.0,24,7.88,756.0,0,1,0.307,RENT,medical,0
APP107820,28,431000.0,4.3,143000.0,24,7.84,663.0,1,1,0.166,MORTGAGE,medical,1
APP107821,44,818000.0,3.8,342000.0,60,5.21,635.0,0,0,0.084,RENT,business,1
APP107822,22,249000.0,1.6,115000.0,36,6.23,758.0,0,0,0.154,MORTGAGE,business,0
APP107823,42,381000.0,9.4,403000.0,24,8.76,657.0,1,0,0.529,RENT,medical,1
APP107824,57,822000.0,25.2,448000.0,48,5.0,718.0,2,1,0.136,RENT,personal,0
APP107825,59,1120000.0,6.9,1247000.0,36,9.49,689.0,2,2,0.371,RENT,business,0
APP107826,33,698000.0,10.4,852000.0,48,7.25,839.0,1,0,0.305,RENT,medical,0
APP107827,38,686000.0,10.4,503000.0,12,8.72,870.0,0,0,0.733,OWN,home_improvement,1
APP107828,45,783000.0,14.6,726000.0,60,9.36,773.0,0,0,0.185,RENT,personal,0
APP107829,38,434000.0,2.4,148000.0,48,15.71,607.0,0,0,0.085,OWN,debt_consolidation,0
APP107830,29,847000.0,1.1,1051000.0,12,10.58,,1,0,1.241,OWN,debt_consolidation,1
APP107831,34,594000.0,5.9,450000.0,36,5.0,713.0,1,0,0.253,OWN,home_improvement,0
APP107832,39,594000.0,4.6,808000.0,36,12.26,690.0,2,0,0.453,MORTGAGE,education,0
APP107833,44,946000.0,23.7,864000.0,60,5.0,709.0,1,2,0.183,RENT,business,0
APP107834,62,455000.0,2.0,528000.0,24,6.52,686.0,2,1,0.58,RENT,business,1
APP107835,45,602000.0,17.8,403000.0,36,7.88,648.0,1,1,0.223,RENT,home_improvement,1
APP107836,38,496000.0,4.6,342000.0,60,6.79,756.0,1,0,0.138,RENT,medical,1
APP107837,50,720000.0,1.8,564000.0,24,8.12,651.0,2,0,0.392,RENT,medical,1
APP107838,55,572000.0,15.6,613000.0,36,7.13,761.0,0,0,0.357,RENT,home_improvement,0
APP107839,40,509000.0,2.4,450000.0,60,10.33,832.0,0,0,0.177,MORTGAGE,medical,0
APP107840,43,601000.0,10.4,791000.0,48,6.44,664.0,2,0,0.329,RENT,home_improvement,1
APP107841,30,267000.0,6.1,61000.0,36,7.25,741.0,0,0,0.076,MORTGAGE,home_improvement,0
APP107842,59,740000.0,17.7,1077000.0,36,11.4,677.0,3,1,0.485,OWN,business,1
APP107843,60,835000.0,12.0,1246000.0,36,9.63,657.0,0,1,0.497,RENT,education,1
APP107844,28,250000.0,4.5,126000.0,60,7.13,699.0,1,1,0.101,MORTGAGE,home_improvement,1
APP107845,36,865000.0,15.6,256000.0,48,8.54,660.0,2,1,0.074,MORTGAGE,home_improvement,0
APP107846,33,609000.0,7.6,596000.0,48,11.62,781.0,0,0,0.245,MORTGAGE,debt_consolidation,0
APP107847,62,739000.0,5.4,180000.0,60,5.0,759.0,1,0,0.049,RENT,education,0
APP107848,23,461000.0,6.0,223000.0,36,5.11,766.0,1,2,0.161,RENT,personal,0
APP107849,30,395000.0,10.7,350000.0,36,6.24,769.0,2,0,0.295,MORTGAGE,personal,0
APP107850,35,414000.0,4.3,431000.0,48,7.98,693.0,2,2,0.26,MORTGAGE,business,1
APP107851,46,621000.0,3.4,268000.0,36,9.63,612.0,0,0,0.144,OWN,home_improvement,0
APP107852,32,377000.0,2.7,566000.0,36,5.82,750.0,0,1,0.5,MORTGAGE,business,1
APP107853,45,631000.0,6.9,261000.0,24,5.43,770.0,1,0,0.207,OWN,home_improvement,0
APP107854,54,474000.0,2.9,177000.0,48,5.0,618.0,1,2,0.093,OWN,education,0
APP107855,58,795000.0,10.8,306000.0,48,5.43,836.0,1,0,0.096,MORTGAGE,debt_consolidation,0
APP107856,25,531000.0,,795000.0,60,6.06,773.0,1,0,0.299,RENT,personal,1
APP107857,27,264000.0,8.0,376000.0,12,5.0,731.0,2,0,1.424,RENT,personal,1
APP107858,25,560000.0,12.5,111000.0,60,6.27,751.0,1,1,0.04,RENT,home_improvement,1
APP107859,61,567000.0,14.9,682000.0,12,5.19,750.0,3,0,1.203,RENT,personal,0
APP107860,50,346000.0,6.3,89000.0,48,7.14,744.0,0,0,0.064,MORTGAGE,personal,0
APP107861,44,432000.0,0.6,112000.0,48,11.24,682.0,0,1,0.065,MORTGAGE,education,0
APP107862,56,1013000.0,0.6,264000.0,36,5.0,755.0,1,1,0.087,OWN,personal,0
APP107863,47,776000.0,10.6,1050000.0,60,9.73,623.0,1,1,0.271,RENT,business,1
APP107864,31,672000.0,2.3,517000.0,36,11.17,708.0,0,1,0.256,OWN,medical,0
APP107865,43,648000.0,4.1,621000.0,12,9.62,739.0,2,2,0.958,OWN,personal,1
APP107866,52,733000.0,11.7,143000.0,36,8.25,741.0,1,0,0.065,RENT,home_improvement,1
APP107867,22,557000.0,3.4,811000.0,36,10.39,708.0,4,1,0.485,RENT,home_improvement,1
APP107868,48,461000.0,1.6,726000.0,48,8.89,695.0,0,1,0.394,RENT,home_improvement,0
APP107869,43,629000.0,4.2,309000.0,36,9.94,654.0,2,0,0.164,MORTGAGE,debt_consolidation,0
APP107870,24,681000.0,9.2,750000.0,12,7.76,781.0,1,0,1.101,OWN,education,1
APP107871,32,588000.0,3.4,667000.0,36,5.17,773.0,1,1,0.378,OWN,education,0
APP107872,41,782000.0,8.3,1213000.0,48,10.06,705.0,0,0,0.388,RENT,home_improvement,1
APP107873,36,513000.0,1.6,437000.0,36,13.24,737.0,2,0,0.284,RENT,personal,0
APP107874,34,740000.0,2.7,366000.0,60,6.75,705.0,1,1,0.099,RENT,debt_consolidation,0
APP107875,50,570000.0,4.3,383000.0,24,7.55,671.0,1,1,0.336,MORTGAGE,personal,1
APP107876,39,955000.0,12.8,1029000.0,36,7.75,718.0,1,3,0.359,RENT,personal,0
APP107877,43,638000.0,3.7,533000.0,84,5.0,,1,0,0.119,RENT,medical,0
APP107878,56,568000.0,3.3,151000.0,36,5.63,566.0,2,3,0.089,OWN,personal,1
APP107879,25,263000.0,3.3,347000.0,36,8.17,660.0,2,1,0.44,OWN,home_improvement,0
APP107880,37,450000.0,8.3,631000.0,84,7.29,727.0,0,0,0.2,MORTGAGE,home_improvement,0
APP107881,24,368000.0,9.8,310000.0,24,7.54,656.0,2,1,0.421,MORTGAGE,education,1
APP107882,62,757000.0,12.4,688000.0,36,7.56,705.0,1,0,0.303,MORTGAGE,education,1
APP107883,29,468000.0,19.6,404000.0,36,7.24,657.0,1,1,0.288,MORTGAGE,home_improvement,0
APP107884,57,869000.0,6.9,798000.0,12,5.82,679.0,1,1,0.918,RENT,business,1
APP107885,29,475000.0,2.9,142000.0,60,8.46,698.0,1,1,0.06,OWN,medical,0
APP107886,35,528000.0,4.8,411000.0,24,8.22,678.0,0,0,0.389,RENT,medical,0
APP107887,48,392000.0,2.4,313000.0,60,5.56,572.0,4,2,0.16,OWN,debt_consolidation,1
APP107888,58,555000.0,6.0,886000.0,36,8.41,,2,1,0.532,MORTGAGE,personal,0
APP107889,29,123000.0,2.7,50000.0,24,6.13,690.0,3,0,0.203,OWN,business,1
APP107890,30,821000.0,12.4,495000.0,24,8.94,706.0,1,0,0.301,RENT,medical,0
APP107891,60,475000.0,6.5,413000.0,60,7.41,603.0,1,1,0.174,MORTGAGE,personal,1
APP107892,35,441000.0,15.2,608000.0,36,8.37,670.0,1,0,0.46,RENT,personal,1
APP107893,30,757000.0,9.6,620000.0,24,7.89,724.0,1,0,0.41,RENT,medical,0
APP107894,54,740000.0,9.0,423000.0,24,7.38,706.0,1,0,0.286,OWN,personal,0
APP107895,25,437000.0,1.6,405000.0,48,8.22,680.0,1,1,0.232,OWN,medical,1
APP107896,60,761000.0,8.3,442000.0,24,9.35,739.0,3,2,0.29,RENT,debt_consolidation,0
APP107897,60,985000.0,19.3,931000.0,60,7.77,715.0,0,2,0.189,RENT,home_improvement,0
APP107898,59,665000.0,3.8,765000.0,12,7.73,623.0,0,0,1.15,MORTGAGE,personal,1
APP107899,34,356000.0,11.1,327000.0,24,6.72,696.0,1,0,0.459,RENT,personal,0
APP107900,26,529000.0,1.1,547000.0,36,5.0,712.0,0,1,0.345,OWN,education,1
APP107901,40,579000.0,2.1,119000.0,24,7.57,648.0,1,1,0.103,RENT,education,1
APP107902,36,702000.0,5.0,776000.0,60,5.0,647.0,3,0,0.221,OWN,personal,1
APP107903,64,486000.0,3.3,756000.0,60,6.25,748.0,3,0,0.311,OWN,education,0
APP107904,49,467000.0,2.7,403000.0,48,5.59,700.0,0,0,0.216,RENT,debt_consolidation,0
APP107905,63,728000.0,3.4,957000.0,60,5.92,659.0,2,0,0.263,RENT,debt_consolidation,1
APP107906,54,524000.0,7.6,496000.0,60,6.06,659.0,3,0,0.189,OWN,personal,1
APP107907,53,349000.0,11.2,409000.0,24,8.57,815.0,2,0,0.586,RENT,personal,0
APP107908,26,533000.0,8.1,319000.0,12,8.23,616.0,3,1,0.598,RENT,debt_consolidation,1
APP107909,24,630000.0,8.5,978000.0,48,7.74,706.0,2,0,0.388,MORTGAGE,home_improvement,0
APP107910,23,431000.0,5.2,199000.0,84,10.16,721.0,0,0,0.066,RENT,home_improvement,0
APP107911,47,638000.0,2.0,243000.0,60,14.23,751.0,1,0,0.076,RENT,business,0
APP107912,30,549000.0,4.9,119000.0,48,8.62,637.0,2,1,0.054,OWN,medical,1
APP107913,65,715000.0,6.1,668000.0,24,9.5,656.0,0,1,0.467,MORTGAGE,personal,0
APP107914,26,564000.0,11.5,591000.0,60,8.12,768.0,2,0,0.21,RENT,debt_consolidation,0
APP107915,63,1032000.0,16.8,1127000.0,48,8.93,879.0,1,0,0.273,MORTGAGE,debt_consolidation,0
APP107916,51,498000.0,7.2,199000.0,60,5.0,701.0,0,0,0.08,MORTGAGE,education,0
APP107917,25,644000.0,10.7,705000.0,48,5.0,696.0,1,0,0.274,RENT,personal,1
APP107918,23,216000.0,0.4,84000.0,24,5.0,847.0,1,0,0.194,MORTGAGE,medical,0
APP107919,38,409000.0,4.2,509000.0,48,6.13,689.0,2,0,0.311,MORTGAGE,debt_consolidation,1
APP107920,36,708000.0,5.2,389000.0,36,10.51,711.0,0,0,0.183,OWN,medical,0
APP107921,35,375000.0,8.0,286000.0,36,8.06,700.0,2,1,0.254,RENT,debt_consolidation,0
APP107922,44,683000.0,17.1,466000.0,48,6.64,675.0,2,3,0.171,MORTGAGE,business,0
APP107923,26,843000.0,6.9,576000.0,60,8.75,738.0,1,0,0.137,MORTGAGE,business,1
APP107924,26,572000.0,1.0,684000.0,48,8.28,691.0,0,3,0.299,RENT,home_improvement,0
APP107925,52,553000.0,8.5,883000.0,12,5.0,633.0,3,0,1.597,RENT,debt_consolidation,1
APP107926,65,602000.0,3.9,551000.0,24,8.53,678.0,1,1,0.458,OWN,home_improvement,0
APP107927,33,517000.0,7.9,378000.0,36,9.33,769.0,3,0,0.244,MORTGAGE,debt_consolidation,0
APP107928,62,927000.0,9.0,534000.0,48,12.12,612.0,0,0,0.144,OWN,education,0
APP107929,36,327000.0,0.9,345000.0,48,7.33,631.0,2,0,0.264,RENT,personal,1
APP107930,36,367000.0,5.0,295000.0,36,11.23,769.0,0,0,0.268,RENT,personal,0
APP107931,25,568000.0,5.1,722000.0,36,6.61,717.0,2,0,0.424,OWN,personal,0
APP107932,40,319000.0,6.8,328000.0,60,12.62,698.0,0,0,0.206,MORTGAGE,home_improvement,0
APP107933,43,406000.0,2.9,303000.0,12,6.19,743.0,0,0,0.746,MORTGAGE,education,0
APP107934,50,564000.0,2.2,864000.0,48,8.91,731.0,2,0,0.383,OWN,personal,1
APP107935,28,616000.0,16.9,102000.0,60,8.13,696.0,1,0,0.033,OWN,debt_consolidation,1
APP107936,29,295000.0,6.3,339000.0,24,10.78,701.0,3,0,0.575,OWN,debt_consolidation,0
APP107937,40,572000.0,2.4,427000.0,24,10.48,642.0,2,0,0.373,MORTGAGE,personal,1
APP107938,24,518000.0,3.4,169000.0,48,5.21,734.0,0,2,0.082,OWN,business,0
APP107939,27,521000.0,17.4,148000.0,24,6.76,641.0,0,1,0.142,RENT,education,1
APP107940,49,950000.0,13.1,1037000.0,36,12.18,702.0,1,1,0.364,RENT,personal,1
APP107941,63,716000.0,3.1,261000.0,60,7.72,770.0,0,0,0.073,MORTGAGE,medical,0
APP107942,46,399000.0,2.0,555000.0,12,9.29,816.0,2,0,1.391,MORTGAGE,business,1
APP107943,27,682000.0,2.2,410000.0,60,5.15,668.0,2,1,0.12,OWN,debt_consolidation,0
APP107944,65,708000.0,12.2,459000.0,24,6.96,887.0,1,0,0.324,MORTGAGE,business,0
APP107945,44,585000.0,3.7,648000.0,36,5.94,647.0,2,0,0.369,RENT,debt_consolidation,0
APP107946,53,511000.0,1.3,240000.0,24,9.54,737.0,2,0,0.235,MORTGAGE,personal,0
APP107947,29,560000.0,3.5,90000.0,48,9.12,680.0,1,0,0.04,RENT,education,0
APP107948,47,540000.0,6.7,430000.0,84,10.19,815.0,1,0,0.114,RENT,debt_consolidation,0
APP107949,24,390000.0,4.9,357000.0,36,5.11,716.0,1,0,0.305,RENT,education,0
APP107950,49,680000.0,13.3,542000.0,60,8.71,626.0,4,1,0.159,RENT,personal,0
APP107951,30,436000.0,6.8,355000.0,48,7.54,718.0,0,3,0.204,RENT,debt_consolidation,0
APP107952,61,867000.0,7.5,967000.0,84,5.0,693.0,2,0,0.159,RENT,personal,0
APP107953,23,323000.0,10.3,445000.0,48,8.52,623.0,2,1,0.344,MORTGAGE,home_improvement,0
APP107954,50,663000.0,9.9,451000.0,48,10.34,704.0,2,0,0.17,RENT,education,0
APP107955,27,467000.0,3.5,605000.0,84,10.96,719.0,4,1,0.185,RENT,personal,0
APP107956,51,563000.0,2.1,136000.0,48,7.42,688.0,0,1,0.06,RENT,debt_consolidation,0
APP107957,43,730000.0,6.4,618000.0,60,9.33,674.0,1,1,0.169,OWN,business,0
APP107958,64,478000.0,5.8,332000.0,36,8.7,722.0,1,0,0.232,MORTGAGE,debt_consolidation,0
APP107959,50,717000.0,6.8,592000.0,24,5.83,564.0,1,1,0.413,OWN,medical,0
APP107960,37,373000.0,7.3,105000.0,48,5.53,892.0,0,0,0.07,OWN,debt_consolidation,0
APP107961,24,510000.0,16.0,179000.0,24,7.39,740.0,1,0,0.175,RENT,personal,0
APP107962,47,381000.0,4.3,219000.0,36,6.98,717.0,1,2,0.192,MORTGAGE,education,0
APP107963,40,530000.0,7.5,290000.0,60,7.69,780.0,1,1,0.109,MORTGAGE,education,0
APP107964,23,326000.0,2.1,231000.0,48,6.58,656.0,1,0,0.177,RENT,education,1
APP107965,47,810000.0,2.7,659000.0,84,7.97,646.0,1,0,0.116,RENT,business,0
APP107966,30,532000.0,5.5,250000.0,36,5.15,809.0,1,0,0.157,MORTGAGE,personal,0
APP107967,31,531000.0,2.4,556000.0,36,10.85,680.0,0,0,0.349,RENT,business,1
APP107968,21,313000.0,8.6,218000.0,24,5.0,706.0,1,0,0.348,RENT,personal,0
APP107969,37,675000.0,7.7,160000.0,84,7.32,684.0,1,0,0.034,RENT,personal,1
APP107970,30,713000.0,3.1,359000.0,36,7.05,524.0,1,1,0.168,RENT,business,1
APP107971,24,580000.0,4.6,558000.0,60,7.2,707.0,1,0,0.192,RENT,debt_consolidation,0
APP107972,40,440000.0,12.2,453000.0,36,5.64,731.0,1,0,0.343,MORTGAGE,debt_consolidation,0
APP107973,30,436000.0,6.3,571000.0,36,5.0,791.0,0,0,0.437,RENT,education,1
APP107974,27,698000.0,22.5,353000.0,60,8.03,703.0,1,1,0.101,OWN,debt_consolidation,0
APP107975,42,471000.0,4.6,455000.0,48,7.05,667.0,0,1,0.242,MORTGAGE,personal,1
APP107976,23,828000.0,5.0,696000.0,36,8.35,750.0,1,0,0.28,MORTGAGE,personal,0
APP107977,65,634000.0,5.5,875000.0,36,5.0,752.0,0,1,0.46,OWN,personal,0
APP107978,42,509000.0,1.1,615000.0,36,11.28,648.0,1,0,0.403,RENT,education,0
APP107979,65,608000.0,4.8,208000.0,60,7.32,574.0,2,1,0.068,RENT,debt_consolidation,1
APP107980,60,701000.0,,1080000.0,24,5.0,787.0,1,2,0.77,OWN,debt_consolidation,0
APP107981,65,958000.0,9.2,637000.0,12,7.92,750.0,2,2,0.665,MORTGAGE,business,0
APP107982,45,688000.0,,1056000.0,12,6.46,699.0,1,0,1.535,RENT,medical,1
APP107983,40,509000.0,4.3,287000.0,36,5.01,701.0,1,0,0.188,RENT,personal,0
APP107984,53,414000.0,0.6,344000.0,60,10.21,709.0,1,0,0.166,RENT,personal,0
APP107985,24,649000.0,6.1,615000.0,48,9.55,684.0,0,0,0.237,OWN,business,0
APP107986,58,604000.0,2.3,146000.0,84,8.25,607.0,0,3,0.035,RENT,personal,1
APP107987,35,511000.0,6.6,607000.0,48,7.67,716.0,1,0,0.297,MORTGAGE,business,0
APP107988,21,120000.0,6.4,50000.0,36,8.61,644.0,1,0,0.139,RENT,debt_consolidation,1
APP107989,31,452000.0,2.9,175000.0,48,5.0,844.0,1,0,0.097,OWN,personal,0
APP107990,31,450000.0,6.2,257000.0,60,7.92,620.0,2,0,0.114,MORTGAGE,business,1
APP107991,21,120000.0,1.3,185000.0,12,10.22,588.0,2,0,1.542,MORTGAGE,medical,1
APP107992,51,787000.0,6.9,1229000.0,36,9.79,782.0,0,0,0.521,RENT,medical,0
APP107993,25,437000.0,9.8,376000.0,36,5.19,708.0,1,0,0.287,MORTGAGE,personal,0
APP107994,59,984000.0,8.0,909000.0,84,7.91,,0,0,0.132,OWN,home_improvement,1
APP107995,41,751000.0,3.6,343000.0,24,5.03,726.0,0,0,0.228,OWN,home_improvement,0
APP107996,53,572000.0,9.3,433000.0,12,7.85,716.0,0,0,0.757,MORTGAGE,education,1
APP107997,36,775000.0,8.6,1222000.0,48,5.85,713.0,2,0,0.394,RENT,medical,1
APP107998,26,754000.0,8.9,978000.0,48,5.59,713.0,2,1,0.324,RENT,debt_consolidation,0
APP107999,29,503000.0,13.6,584000.0,36,8.29,800.0,1,0,0.387,RENT,medical,1
